model,checkpoint,eng_acc,nld_acc,spa_acc,fra_acc,rus_acc,ita_acc,por_acc,tur_acc,ara_acc,deu_acc,eng_se,nld_se,spa_se,fra_se,rus_se,ita_se,por_se,tur_se,ara_se,deu_se,source_path
CohereLabs/tiny-aya-base,main,0.9896103896103896,0.9631059631059632,0.9799291617473436,0.9929356357927788,0.9775574112734864,0.971990663554518,0.977034120734908,0.928243398392652,0.9539094650205762,0.9895561357702348,0.0036541501731241,0.0039043072572518,0.0027821322082107,0.0016591947988472,0.0023927364280755,0.0030129659518594,0.0027132444461864,0.0061835487700949,0.0060154942303332,0.0021206832907215,multiblimp/results/CohereLabs/tiny-aya-base/main/all.csv
CohereLabs/tiny-aya-earth,main,0.974025974025974,0.8837408837408838,0.9476584022038568,0.9686028257456828,0.9326722338204592,0.905301767255752,0.9406167979002624,0.8679678530424799,0.9069958847736626,0.9456048738033072,0.0057320443474334,0.006639033274905,0.0044182172221823,0.0034547643997464,0.0040480780408543,0.0053466208585101,0.0042808566967117,0.0081108727443283,0.0083323135068467,0.0047310750035003,multiblimp/results/CohereLabs/tiny-aya-earth/main/all.csv
CohereLabs/tiny-aya-fire,main,0.9792207792207792,0.8983268983268984,0.9586776859504132,0.9756671899529042,0.94258872651357,0.924641547182394,0.9458661417322834,0.8817451205510907,0.9168724279835392,0.9612706701479548,0.0051405498673779,0.0062596363145764,0.0039484468280408,0.0030524409514824,0.0037579150694057,0.0048201933111338,0.0040986595840687,0.0077367220033251,0.0079202495485433,0.0040250179800157,multiblimp/results/CohereLabs/tiny-aya-fire/main/all.csv
CohereLabs/tiny-aya-global,main,0.974025974025974,0.8785928785928786,0.94254230617867,0.9654631083202512,0.9266701461377872,0.900966988996332,0.9366797900262468,0.8610792192881745,0.9004115226337449,0.9395126196692776,0.0057320443474334,0.0067646414692843,0.0046165993829951,0.0036175101149885,0.0042110485207043,0.005454515727879,0.0044112255761342,0.00828668988654,0.0085908656889571,0.0049728880762322,multiblimp/results/CohereLabs/tiny-aya-global/main/all.csv
CohereLabs/tiny-aya-water,main,0.9727272727272728,0.8841698841698842,0.9472648563557654,0.9686028257456828,0.933455114822547,0.9093031010336778,0.9399606299212598,0.8673938002296211,0.9053497942386832,0.9477806788511748,0.0058696805837821,0.006628381060033,0.0044338750147274,0.0034547643997464,0.0040261625946504,0.0052439956450064,0.0043029412253414,0.0081257975163779,0.0083980962133552,0.0046408178640368,multiblimp/results/CohereLabs/tiny-aya-water/main/all.csv
HPLT/hplt2c__checkpoints,checkpoint_0001000,,,,,,,,,,,,,,,,,,,,,multiblimp/results/HPLT/hplt2c__checkpoints/checkpoint_0001000/all.csv
HPLT/hplt2c__checkpoints,checkpoint_0002000,,,,,,,,,,,,,,,,,,,,,multiblimp/results/HPLT/hplt2c__checkpoints/checkpoint_0002000/all.csv
HPLT/hplt2c__checkpoints,checkpoint_0003000,,,,,,,,,,,,,,,,,,,,,multiblimp/results/HPLT/hplt2c__checkpoints/checkpoint_0003000/all.csv
HPLT/hplt2c__checkpoints,checkpoint_0004000,,,,,,,,,,,,,,,,,,,,,multiblimp/results/HPLT/hplt2c__checkpoints/checkpoint_0004000/all.csv
HPLT/hplt2c__checkpoints,checkpoint_0005000,,,,,,,,,,,,,,,,,,,,,multiblimp/results/HPLT/hplt2c__checkpoints/checkpoint_0005000/all.csv
HPLT/hplt2c__checkpoints,checkpoint_0006000,,,,,,,,,,,,,,,,,,,,,multiblimp/results/HPLT/hplt2c__checkpoints/checkpoint_0006000/all.csv
HPLT/hplt2c__checkpoints,checkpoint_0007000,,,,,,,,,,,,,,,,,,,,,multiblimp/results/HPLT/hplt2c__checkpoints/checkpoint_0007000/all.csv
HPLT/hplt2c__checkpoints,checkpoint_0008000,,,,,,,,,,,,,,,,,,,,,multiblimp/results/HPLT/hplt2c__checkpoints/checkpoint_0008000/all.csv
HPLT/hplt2c__checkpoints,checkpoint_0009000,,,,,,,,,,,,,,,,,,,,,multiblimp/results/HPLT/hplt2c__checkpoints/checkpoint_0009000/all.csv
HPLT/hplt2c__checkpoints,checkpoint_0010000,,,,,,,,,,,,,,,,,,,,,multiblimp/results/HPLT/hplt2c__checkpoints/checkpoint_0010000/all.csv
HPLT/hplt2c__checkpoints,checkpoint_0011000,,,,,,,,,,,,,,,,,,,,,multiblimp/results/HPLT/hplt2c__checkpoints/checkpoint_0011000/all.csv
HPLT/hplt2c__checkpoints,checkpoint_0012000,,,,,,,,,,,,,,,,,,,,,multiblimp/results/HPLT/hplt2c__checkpoints/checkpoint_0012000/all.csv
HPLT/hplt2c__checkpoints,checkpoint_0013000,,,,,,,,,,,,,,,,,,,,,multiblimp/results/HPLT/hplt2c__checkpoints/checkpoint_0013000/all.csv
HPLT/hplt2c__checkpoints,checkpoint_0014000,,,,,,,,,,,,,,,,,,,,,multiblimp/results/HPLT/hplt2c__checkpoints/checkpoint_0014000/all.csv
HPLT/hplt2c__checkpoints,checkpoint_0015000,,,,,,,,,,,,,,,,,,,,,multiblimp/results/HPLT/hplt2c__checkpoints/checkpoint_0015000/all.csv
HPLT/hplt2c__checkpoints,checkpoint_0016000,,,,,,,,,,,,,,,,,,,,,multiblimp/results/HPLT/hplt2c__checkpoints/checkpoint_0016000/all.csv
HPLT/hplt2c__checkpoints,checkpoint_0017000,,,,,,,,,,,,,,,,,,,,,multiblimp/results/HPLT/hplt2c__checkpoints/checkpoint_0017000/all.csv
HPLT/hplt2c__checkpoints,checkpoint_0018000,,,,,,,,,,,,,,,,,,,,,multiblimp/results/HPLT/hplt2c__checkpoints/checkpoint_0018000/all.csv
HPLT/hplt2c__checkpoints,checkpoint_0019000,,,,,,,,,,,,,,,,,,,,,multiblimp/results/HPLT/hplt2c__checkpoints/checkpoint_0019000/all.csv
HPLT/hplt2c__checkpoints,checkpoint_0020000,,,,,,,,,,,,,,,,,,,,,multiblimp/results/HPLT/hplt2c__checkpoints/checkpoint_0020000/all.csv
HPLT/hplt2c__checkpoints,checkpoint_0021000,,,,,,,,,,,,,,,,,,,,,multiblimp/results/HPLT/hplt2c__checkpoints/checkpoint_0021000/all.csv
HPLT/hplt2c__checkpoints,checkpoint_0022000,,,,,,,,,,,,,,,,,,,,,multiblimp/results/HPLT/hplt2c__checkpoints/checkpoint_0022000/all.csv
HPLT/hplt2c__checkpoints,checkpoint_0023000,,,,,,,,,,,,,,,,,,,,,multiblimp/results/HPLT/hplt2c__checkpoints/checkpoint_0023000/all.csv
HPLT/hplt2c__checkpoints,checkpoint_0024000,,,,,,,,,,,,,,,,,,,,,multiblimp/results/HPLT/hplt2c__checkpoints/checkpoint_0024000/all.csv
HPLT/hplt2c__checkpoints,checkpoint_0025000,,,,,,,,,,,,,,,,,,,,,multiblimp/results/HPLT/hplt2c__checkpoints/checkpoint_0025000/all.csv
HPLT/hplt2c__checkpoints,checkpoint_0026000,,,,,,,,,,,,,,,,,,,,,multiblimp/results/HPLT/hplt2c__checkpoints/checkpoint_0026000/all.csv
HPLT/hplt2c__checkpoints,checkpoint_0027000,,,,,,,,,,,,,,,,,,,,,multiblimp/results/HPLT/hplt2c__checkpoints/checkpoint_0027000/all.csv
HPLT/hplt2c__checkpoints,checkpoint_0028000,,,,,,,,,,,,,,,,,,,,,multiblimp/results/HPLT/hplt2c__checkpoints/checkpoint_0028000/all.csv
HPLT/hplt2c__checkpoints,checkpoint_0029000,,,,,,,,,,,,,,,,,,,,,multiblimp/results/HPLT/hplt2c__checkpoints/checkpoint_0029000/all.csv
HPLT/hplt2c__checkpoints,checkpoint_0030000,,,,,,,,,,,,,,,,,,,,,multiblimp/results/HPLT/hplt2c__checkpoints/checkpoint_0030000/all.csv
HPLT/hplt2c__checkpoints,checkpoint_0031000,,,,,,,,,,,,,,,,,,,,,multiblimp/results/HPLT/hplt2c__checkpoints/checkpoint_0031000/all.csv
HPLT/hplt2c__checkpoints,checkpoint_0032000,,,,,,,,,,,,,,,,,,,,,multiblimp/results/HPLT/hplt2c__checkpoints/checkpoint_0032000/all.csv
HPLT/hplt2c__checkpoints,checkpoint_0033000,,,,,,,,,,,,,,,,,,,,,multiblimp/results/HPLT/hplt2c__checkpoints/checkpoint_0033000/all.csv
HPLT/hplt2c__checkpoints,checkpoint_0034000,,,,,,,,,,,,,,,,,,,,,multiblimp/results/HPLT/hplt2c__checkpoints/checkpoint_0034000/all.csv
HPLT/hplt2c__checkpoints,checkpoint_0035000,,,,,,,,,,,,,,,,,,,,,multiblimp/results/HPLT/hplt2c__checkpoints/checkpoint_0035000/all.csv
HPLT/hplt2c__checkpoints,checkpoint_0036000,,,,,,,,,,,,,,,,,,,,,multiblimp/results/HPLT/hplt2c__checkpoints/checkpoint_0036000/all.csv
HPLT/hplt2c__checkpoints,checkpoint_0037000,,,,,,,,,,,,,,,,,,,,,multiblimp/results/HPLT/hplt2c__checkpoints/checkpoint_0037000/all.csv
HPLT/hplt2c__checkpoints,checkpoint_0038000,,,,,,,,,,,,,,,,,,,,,multiblimp/results/HPLT/hplt2c__checkpoints/checkpoint_0038000/all.csv
HPLT/hplt2c__checkpoints,checkpoint_0039000,,,,,,,,,,,,,,,,,,,,,multiblimp/results/HPLT/hplt2c__checkpoints/checkpoint_0039000/all.csv
HPLT/hplt2c__checkpoints,checkpoint_0040000,,,,,,,,,,,,,,,,,,,,,multiblimp/results/HPLT/hplt2c__checkpoints/checkpoint_0040000/all.csv
HPLT/hplt2c__checkpoints,checkpoint_0041000,,,,,,,,,,,,,,,,,,,,,multiblimp/results/HPLT/hplt2c__checkpoints/checkpoint_0041000/all.csv
HPLT/hplt2c__checkpoints,checkpoint_0042000,,,,,,,,,,,,,,,,,,,,,multiblimp/results/HPLT/hplt2c__checkpoints/checkpoint_0042000/all.csv
HPLT/hplt2c__checkpoints,checkpoint_0043000,,,,,,,,,,,,,,,,,,,,,multiblimp/results/HPLT/hplt2c__checkpoints/checkpoint_0043000/all.csv
HPLT/hplt2c__checkpoints,checkpoint_0044000,,,,,,,,,,,,,,,,,,,,,multiblimp/results/HPLT/hplt2c__checkpoints/checkpoint_0044000/all.csv
HPLT/hplt2c__checkpoints,checkpoint_0045000,,,,,,,,,,,,,,,,,,,,,multiblimp/results/HPLT/hplt2c__checkpoints/checkpoint_0045000/all.csv
HPLT/hplt2c__checkpoints,checkpoint_0046000,,,,,,,,,,,,,,,,,,,,,multiblimp/results/HPLT/hplt2c__checkpoints/checkpoint_0046000/all.csv
HPLT/hplt2c__checkpoints,checkpoint_0047000,,,,,,,,,,,,,,,,,,,,,multiblimp/results/HPLT/hplt2c__checkpoints/checkpoint_0047000/all.csv
HPLT/hplt2c__checkpoints,checkpoint_0047684,,,,,,,,,,,,,,,,,,,,,multiblimp/results/HPLT/hplt2c__checkpoints/checkpoint_0047684/all.csv
HPLT/hplt2c__checkpoints,main,,,,,,,,,,,,,,,,,,,,,multiblimp/results/HPLT/hplt2c__checkpoints/main/all.csv
HPLT/hplt2c_ara_checkpoints,checkpoint_0001000,0.6662337662337663,0.5611325611325612,0.6706021251475797,0.6393249607535322,0.5349686847599165,0.5445148382794265,0.6233595800524935,0.7003444316877153,0.8452674897119341,0.6723237597911227,0.0169937473208487,0.0102784654070397,0.0093237479921681,0.0095130364843142,0.0080573555764095,0.0090939747369613,0.0087765796898855,0.0109759707455405,0.0103752776966363,0.009791217397499,multiblimp/results/HPLT/hplt2c_ara_checkpoints/checkpoint_0001000/all.csv
HPLT/hplt2c_ara_checkpoints,checkpoint_0002000,0.7038961038961039,0.5903045903045903,0.69185360094451,0.6840659340659341,0.5495824634655533,0.5481827275758586,0.6315616797900262,0.6785304247990815,0.9185185185185184,0.6810269799825935,0.0164524651299412,0.0101858550690523,0.0091597436374812,0.0092097427235893,0.0080373212717052,0.0090877392085394,0.0087374117249816,0.011190011317429,0.0078484749721541,0.0097226381261252,multiblimp/results/HPLT/hplt2c_ara_checkpoints/checkpoint_0002000/all.csv
HPLT/hplt2c_ara_checkpoints,checkpoint_0003000,0.7116883116883117,0.6190476190476191,0.6702085792994884,0.6970172684458399,0.5506263048016702,0.5638546182060686,0.6118766404199475,0.669345579793341,0.9407407407407408,0.6705831157528286,0.0163241538311979,0.010058338292053,0.0093265781943734,0.0091039737199629,0.0080356229526718,0.0090554696043056,0.0088269231680289,0.0112716706603071,0.006773684219264,0.0098044722708585,multiblimp/results/HPLT/hplt2c_ara_checkpoints/checkpoint_0003000/all.csv
HPLT/hplt2c_ara_checkpoints,checkpoint_0004000,0.7402597402597403,0.5855855855855856,0.68280204643841,0.7091836734693877,0.5545407098121086,0.5735245081693898,0.6332020997375328,0.6509758897818599,0.945679012345679,0.6879895561357703,0.0158021557468331,0.0102033193247282,0.0092323075385515,0.0089968202728039,0.0080289356495887,0.0090309782649661,0.0087292536319908,0.0114205255806221,0.0065023084191256,0.0096649692422818,multiblimp/results/HPLT/hplt2c_ara_checkpoints/checkpoint_0004000/all.csv
HPLT/hplt2c_ara_checkpoints,checkpoint_0005000,0.7597402597402597,0.5169455169455169,0.7197953561589925,0.728021978021978,0.5336638830897703,0.56918972990997,0.6138451443569554,0.6383467278989667,0.9481481481481482,0.7101827676240209,0.0153967021882222,0.0103502135023055,0.0089092234598086,0.0088153475400765,0.0080588056420045,0.0090423917581521,0.0088186616711415,0.0115119910249772,0.0063610981601928,0.009463943857118,multiblimp/results/HPLT/hplt2c_ara_checkpoints/checkpoint_0005000/all.csv
HPLT/hplt2c_ara_checkpoints,checkpoint_0006000,0.7610389610389611,0.6353496353496354,0.6938213301849665,0.7276295133437991,0.5495824634655533,0.5878626208736245,0.6240157480314961,0.6733639494833524,0.9547325102880658,0.6975630983463882,0.0153681514498856,0.0099695046860625,0.0091434260564256,0.0088193273881193,0.0080373212717052,0.0089881578912755,0.0087735452660537,0.0112365480493932,0.0059641138125995,0.0095815137449575,multiblimp/results/HPLT/hplt2c_ara_checkpoints/checkpoint_0006000/all.csv
HPLT/hplt2c_ara_checkpoints,checkpoint_0007000,0.7727272727272727,0.5787215787215787,0.7225501770956316,0.7429356357927787,0.5467118997912317,0.5541847282427476,0.6122047244094488,0.6745120551090701,0.9522633744855968,0.6936466492602262,0.0151022418010224,0.0102270012362985,0.0088822685435874,0.008657586143176,0.0080418074862302,0.0090764603482068,0.0088255567924588,0.0112263411801237,0.0061166870251554,0.0096162434929952,multiblimp/results/HPLT/hplt2c_ara_checkpoints/checkpoint_0007000/all.csv
HPLT/hplt2c_ara_checkpoints,checkpoint_0008000,0.787012987012987,0.6229086229086229,0.7052341597796143,0.7554945054945055,0.5480167014613778,0.5538512837612537,0.6210629921259843,0.6515499425947188,0.9604938271604938,0.7114882506527415,0.0147544202175379,0.0100383962652063,0.0090448821777091,0.0085145216627393,0.0080398017647634,0.0090771220362279,0.0087870653257992,0.0114161600897046,0.0055884533478094,0.0094512794901892,multiblimp/results/HPLT/hplt2c_ara_checkpoints/checkpoint_0008000/all.csv
HPLT/hplt2c_ara_checkpoints,checkpoint_0009000,0.8077922077922078,0.6332046332046332,0.7001180637544274,0.7660910518053375,0.5425365344467641,0.577192397465822,0.635498687664042,0.6756601607347876,0.9522633744855968,0.6927763272410792,0.0142000529001391,0.0099818910613354,0.0090898865346808,0.0083861746169102,0.0080478514624789,0.0090207669298768,0.0087176493384002,0.0112160575581314,0.0061166870251554,0.009623850007717,multiblimp/results/HPLT/hplt2c_ara_checkpoints/checkpoint_0009000/all.csv
HPLT/hplt2c_ara_checkpoints,checkpoint_0010000,0.7792207792207793,0.6426426426426426,0.706021251475797,0.7240973312401884,0.5485386221294363,0.563187729243081,0.6309055118110236,0.677382319173364,0.965432098765432,0.7027850304612707,0.0149473429186065,0.009925788046283,0.009037837379722,0.0088547583224717,0.0080389838614386,0.0090570293263174,0.0087406445482355,0.0112004877508983,0.0052409405619912,0.0095339216518188,multiblimp/results/HPLT/hplt2c_ara_checkpoints/checkpoint_0010000/all.csv
HPLT/hplt2c_ara_checkpoints,checkpoint_0011000,0.8285714285714286,0.6357786357786358,0.7131050767414404,0.7912087912087912,0.5315762004175365,0.5481827275758586,0.634514435695538,0.661308840413318,0.9679012345679012,0.7328111401218451,0.0135819215368024,0.0099670017993114,0.0089729627171885,0.008051966225417,0.0080610105649078,0.0090877392085394,0.0087226487891835,0.0113391374403027,0.0050567507492243,0.00923060554782,multiblimp/results/HPLT/hplt2c_ara_checkpoints/checkpoint_0011000/all.csv
HPLT/hplt2c_ara_checkpoints,checkpoint_0012000,0.7909090909090909,0.6087516087516087,0.7253049980322708,0.7904238618524333,0.5587160751565762,0.5538512837612537,0.6256561679790026,0.6762342135476463,0.9547325102880658,0.7306353350739774,0.0146549889925584,0.0101082321280308,0.008854894298347,0.0080630847777345,0.0080212469439649,0.0090771220362279,0.008765884109924,0.0112108868989217,0.0059641138125995,0.0092543439383838,multiblimp/results/HPLT/hplt2c_ara_checkpoints/checkpoint_0012000/all.csv
HPLT/hplt2c_ara_checkpoints,checkpoint_0013000,0.8077922077922078,0.6216216216216216,0.7091696182605274,0.782574568288854,0.5469728601252609,0.5821940646882294,0.6420603674540682,0.6911595866819747,0.959670781893004,0.721496953872933,0.0142000529001391,0.0100451187459149,0.0090093324913058,0.008171811193214,0.0080414108019496,0.0090060210256757,0.0086833107641257,0.0110696057950002,0.005643946629686,0.0093509818398169,multiblimp/results/HPLT/hplt2c_ara_checkpoints/checkpoint_0013000/all.csv
HPLT/hplt2c_ara_checkpoints,checkpoint_0014000,0.8051948051948052,0.6036036036036037,0.721763085399449,0.7802197802197802,0.5594989561586639,0.581193731243748,0.6194225721784777,0.6687715269804823,0.9613168724279836,0.720626631853786,0.014272675323353,0.0101314037763664,0.0088900125689804,0.0082035733965843,0.0080197413362412,0.0090090462114543,0.0087944269451396,0.0112766121440351,0.0055323026864978,0.0093599309253003,multiblimp/results/HPLT/hplt2c_ara_checkpoints/checkpoint_0014000/all.csv
HPLT/hplt2c_ara_checkpoints,checkpoint_0015000,0.8363636363636363,0.6555126555126555,0.7276662731208186,0.8014128728414442,0.5597599164926931,0.5668556185395132,0.6305774278215223,0.6779563719862227,0.9695473251028808,0.7193211488250653,0.0133319021807146,0.0098425139609008,0.0088310939536644,0.0079032185504283,0.0080192349719718,0.0090482447101087,0.0087422544522552,0.0111952592083675,0.0049295705944704,0.0093732725981087,multiblimp/results/HPLT/hplt2c_ara_checkpoints/checkpoint_0015000/all.csv
HPLT/hplt2c_ara_checkpoints,checkpoint_0016000,0.8298701298701299,0.5877305877305877,0.7233372687918143,0.8018053375196232,0.550365344467641,0.5785261753917973,0.6440288713910761,0.6739380022962113,0.9637860082304528,0.7428198433420365,0.0135409766485547,0.0101955008956957,0.0088744902879191,0.0078973382000186,0.0080360508832827,0.0090169275025721,0.0086726650742488,0.0112314541957336,0.0053596986102893,0.0091177034845263,multiblimp/results/HPLT/hplt2c_ara_checkpoints/checkpoint_0016000/all.csv
HPLT/hplt2c_ara_checkpoints,checkpoint_0017000,0.8233766233766234,0.6207636207636208,0.7260920897284534,0.8014128728414442,0.5529749478079332,0.5855285095031677,0.6515748031496063,0.6653272101033295,0.9695473251028808,0.7228024369016536,0.0137428876270332,0.0100495586193003,0.0088469955225801,0.0079032185504283,0.0080316709814239,0.0089956618432472,0.0086303704237782,0.0113058643226578,0.0049295705944704,0.0093374759419891,multiblimp/results/HPLT/hplt2c_ara_checkpoints/checkpoint_0017000/all.csv
HPLT/hplt2c_ara_checkpoints,checkpoint_0018000,0.8207792207792208,0.5984555984555985,0.7430145611963794,0.8080847723704867,0.5558455114822547,0.5821940646882294,0.651246719160105,0.6733639494833524,0.9563786008230452,0.7410791993037423,0.0138217169379222,0.0101534028534053,0.0086686324257767,0.0078015961875979,0.008026594607525,0.0090060210256757,0.0086322586319578,0.0112365480493932,0.0058597161907424,0.009137781525205,multiblimp/results/HPLT/hplt2c_ara_checkpoints/checkpoint_0018000/all.csv
HPLT/hplt2c_ara_checkpoints,checkpoint_0019000,0.8220779220779221,0.6576576576576577,0.7253049980322708,0.8092621664050236,0.5477557411273486,0.5621873957985996,0.645997375328084,0.6859931113662457,0.9662551440329218,0.7332463011314186,0.0137824381058946,0.0098278634303766,0.008854894298347,0.0077832921030707,0.0080402073697371,0.0090593377131662,0.0086618595288659,0.0111200154282859,0.0051803793069285,0.0092258237444411,multiblimp/results/HPLT/hplt2c_ara_checkpoints/checkpoint_0019000/all.csv
HPLT/hplt2c_ara_checkpoints,checkpoint_0020000,0.8363636363636363,0.6241956241956242,0.7406532861078315,0.8218210361067504,0.548277661795407,0.596865621873958,0.6532152230971129,0.6555683122847302,0.9695473251028808,0.731940818102698,0.0133319021807146,0.0100315984452239,0.0086945181670534,0.0075808364917669,0.0080393939287771,0.0089572556014082,0.0086208617333016,0.0113850895554887,0.0049295705944704,0.0092401349765838,multiblimp/results/HPLT/hplt2c_ara_checkpoints/checkpoint_0020000/all.csv
HPLT/hplt2c_ara_checkpoints,checkpoint_0021000,0.8246753246753247,0.6203346203346203,0.7481306572215664,0.8371271585557299,0.5394050104384134,0.581193731243748,0.661745406824147,0.6595866819747417,0.9572016460905348,0.7310704960835509,0.0137030631492156,0.0100517660385072,0.0086114056540362,0.0073151012316906,0.0080520106857603,0.0090090462114543,0.0085695859260139,0.0113531175621079,0.0058066695590491,0.009249618951992,multiblimp/results/HPLT/hplt2c_ara_checkpoints/checkpoint_0021000/all.csv
HPLT/hplt2c_ara_checkpoints,checkpoint_0022000,0.8272727272727273,0.5911625911625912,0.7197953561589925,0.8124018838304553,0.56080375782881,0.5568522840946982,0.6502624671916011,0.6704936854190585,0.9629629629629628,0.6845082680591819,0.0136225825680261,0.0101825757326454,0.0089092234598086,0.0077339255229779,0.0080171870283843,0.0090710179722797,0.0086378962499651,0.0112617307950733,0.0054179472313118,0.0096941185864809,multiblimp/results/HPLT/hplt2c_ara_checkpoints/checkpoint_0022000/all.csv
HPLT/hplt2c_ara_checkpoints,checkpoint_0023000,0.8376623376623377,0.6366366366366366,0.7567886658795749,0.8237833594976453,0.5420146137787056,0.5548516172057353,0.6610892388451444,0.6561423650975889,0.9621399176954732,0.720626631853786,0.01328919811934,0.0099619703627663,0.0085109273251391,0.0075479715457481,0.0080485668959483,0.0090751245717052,0.0085736399625506,0.0113805774941226,0.0054754744216287,0.0093599309253003,multiblimp/results/HPLT/hplt2c_ara_checkpoints/checkpoint_0023000/all.csv
HPLT/hplt2c_ara_checkpoints,checkpoint_0024000,0.8324675324675325,0.622050622050622,0.7371113734750099,0.8320251177394035,0.5375782881002088,0.5838612870956985,0.6597769028871391,0.6716417910447762,0.9629629629629628,0.7197563098346388,0.0134582249198563,0.0100428862806686,0.0087327318011186,0.0074061188900392,0.008054289179157,0.00900089441161,0.0085816929089579,0.0112517148984292,0.0054179472313118,0.0093688362804417,multiblimp/results/HPLT/hplt2c_ara_checkpoints/checkpoint_0024000/all.csv
HPLT/hplt2c_ara_checkpoints,checkpoint_0025000,0.8324675324675325,0.6400686400686401,0.717827626918536,0.8226059654631083,0.5511482254697286,0.5801933977992664,0.6692913385826772,0.6406429391504018,0.9629629629629628,0.7323759791122716,0.0134582249198563,0.009941501484544,0.008928222345501,0.0075677316043608,0.0080347603876062,0.0090120333572144,0.0085216345540472,0.0114960074851333,0.0054179472313118,0.0092353759526495,multiblimp/results/HPLT/hplt2c_ara_checkpoints/checkpoint_0025000/all.csv
HPLT/hplt2c_ara_checkpoints,checkpoint_0026000,0.8493506493506493,0.6439296439296439,0.7410468319559229,0.8237833594976453,0.5334029227557411,0.5798599533177726,0.6738845144356955,0.682548794489093,0.9637860082304528,0.7245430809399478,0.01289085671129,0.0099178145209874,0.0086902267660392,0.0075479715457481,0.0080590890083762,0.0090130206256815,0.0084912371002853,0.0111527320184629,0.0053596986102893,0.0093193138398024,multiblimp/results/HPLT/hplt2c_ara_checkpoints/checkpoint_0026000/all.csv
HPLT/hplt2c_ara_checkpoints,checkpoint_0027000,0.8467532467532467,0.6336336336336337,0.7469500196772924,0.8249607535321821,0.5365344467640919,0.5851950650216738,0.6643700787401575,0.6590126291618829,0.9670781893004116,0.7515230635335074,0.0129816146648481,0.0099794308395159,0.008624751541377,0.0075280873508226,0.0080555423515859,0.0089967168420835,0.0085531854132579,0.011357740467319,0.0051189927217639,0.0090144490075544,multiblimp/results/HPLT/hplt2c_ara_checkpoints/checkpoint_0027000/all.csv
HPLT/hplt2c_ara_checkpoints,checkpoint_0028000,0.8285714285714286,0.6340626340626341,0.7406532861078315,0.815149136577708,0.5420146137787056,0.5781927309103034,0.6620734908136483,0.6492537313432836,0.9670781893004116,0.7458659704090513,0.0135819215368024,0.0099769620974195,0.0086945181670534,0.0076900571320888,0.0080485668959483,0.0090178936794058,0.0085675520055195,0.0114335127809486,0.0051189927217639,0.0090821107982268,multiblimp/results/HPLT/hplt2c_ara_checkpoints/checkpoint_0028000/all.csv
HPLT/hplt2c_ara_checkpoints,checkpoint_0029000,0.8103896103896104,0.6302016302016302,0.738685556867375,0.8135792778649922,0.5268789144050104,0.588862954318106,0.6614173228346457,0.6636050516647531,0.9670781893004116,0.7354221061792864,0.0141264369347111,0.0099988745718665,0.0087158385807475,0.0077152023390526,0.008065453856956,0.0089848780994201,0.0085716152439349,0.0113202364715317,0.0051189927217639,0.0092017431258671,multiblimp/results/HPLT/hplt2c_ara_checkpoints/checkpoint_0029000/all.csv
HPLT/hplt2c_ara_checkpoints,checkpoint_0030000,0.8428571428571429,0.6628056628056628,0.7418339236521054,0.8163265306122449,0.5467118997912317,0.5981993997999333,0.6729002624671916,0.6664753157290471,0.9637860082304528,0.7275892080069626,0.0131153216433139,0.0097917903118436,0.0086816165378778,0.0076710613933559,0.0080418074862302,0.0089524116593137,0.0084978285639,0.011296188999334,0.0053596986102893,0.0092871030950724,multiblimp/results/HPLT/hplt2c_ara_checkpoints/checkpoint_0030000/all.csv
HPLT/hplt2c_ara_checkpoints,checkpoint_0031000,0.8467532467532467,0.6134706134706135,0.730814639905549,0.8316326530612245,0.524008350730689,0.5958652884294765,0.6509186351706037,0.6681974741676234,0.9703703703703704,0.737597911227154,0.0129816146648481,0.0100859544840534,0.0087988721059342,0.0074130168784389,0.0080678166646654,0.0089608433975961,0.008634142337086,0.0112815346950985,0.0048645619224804,0.0091773748495903,multiblimp/results/HPLT/hplt2c_ara_checkpoints/checkpoint_0031000/all.csv
HPLT/hplt2c_ara_checkpoints,checkpoint_0032000,0.8558441558441559,0.6602316602316602,0.7343565525383707,0.8273155416012559,0.56758872651357,0.5808602867622541,0.6630577427821522,0.6458094144661309,0.9629629629629628,0.7101827676240209,0.012658087951442,0.0098099883229469,0.0087619487490222,0.00748794259014,0.0080029966342252,0.0090100461514981,0.0085614225957559,0.0114589973035957,0.0054179472313118,0.009463943857118,multiblimp/results/HPLT/hplt2c_ara_checkpoints/checkpoint_0032000/all.csv
HPLT/hplt2c_ara_checkpoints,checkpoint_0033000,0.8389610389610389,0.6413556413556414,0.7335694608421881,0.826138147566719,0.5443632567849687,0.5675225075025009,0.6666666666666666,0.669345579793341,0.965432098765432,0.7236727589208007,0.0132461910264679,0.0099336836389073,0.0087702160226405,0.0075080780333064,0.0080452773632501,0.0090465933151874,0.008538591992976,0.0112716706603071,0.0052409405619912,0.009328416978417,multiblimp/results/HPLT/hplt2c_ara_checkpoints/checkpoint_0033000/all.csv
HPLT/hplt2c_ara_checkpoints,checkpoint_0034000,0.8636363636363636,0.6374946374946375,0.743801652892562,0.8284929356357927,0.5375782881002088,0.5998666222074025,0.651246719160105,0.6802525832376579,0.965432098765432,0.7384682332463012,0.0123671430543352,0.0099569046655667,0.0086599303440782,0.0074676800010885,0.008054289179157,0.0089462598019755,0.0086322586319578,0.0111741512810584,0.0052409405619912,0.0091675464820056,multiblimp/results/HPLT/hplt2c_ara_checkpoints/checkpoint_0034000/all.csv
HPLT/hplt2c_ara_checkpoints,checkpoint_0035000,0.8545454545454545,0.6713856713856714,0.747737111373475,0.8288854003139717,0.5493215031315241,0.596865621873958,0.6742125984251969,0.6808266360505166,0.9637860082304528,0.7476066144473456,0.0127053276820393,0.0097287746866805,0.0086158636544762,0.0074608973712357,0.0080377402678862,0.0089572556014082,0.0084890304883343,0.0111688257226169,0.0053596986102893,0.0090615092893711,multiblimp/results/HPLT/hplt2c_ara_checkpoints/checkpoint_0035000/all.csv
HPLT/hplt2c_ara_checkpoints,checkpoint_0036000,0.8519480519480519,0.6576576576576577,0.7469500196772924,0.8390894819466248,0.5498434237995825,0.6135378459486496,0.6653543307086615,0.6601607347876005,0.968724279835391,0.7180156657963447,0.012798770676051,0.0098278634303766,0.008624751541377,0.0072794177497907,0.0080369000424453,0.0088917231227967,0.0085469589324743,0.0113484761044048,0.0049936214040092,0.0093865162969517,multiblimp/results/HPLT/hplt2c_ara_checkpoints/checkpoint_0036000/all.csv
HPLT/hplt2c_ara_checkpoints,checkpoint_0037000,0.8467532467532467,0.6542256542256543,0.7378984651711924,0.8351648351648352,0.5422755741127349,0.5998666222074025,0.6571522309711286,0.669345579793341,0.9646090534979423,0.7463011314186249,0.0129816146648481,0.0098511976458369,0.0087243032526879,0.0073504058898844,0.0080482102912272,0.0089462598019755,0.0085975790155184,0.0112716706603071,0.005300704775545,0.0090769784221799,multiblimp/results/HPLT/hplt2c_ara_checkpoints/checkpoint_0037000/all.csv
HPLT/hplt2c_ara_checkpoints,checkpoint_0038000,0.8493506493506493,0.6241956241956242,0.7453758362849272,0.8288854003139717,0.5279227557411273,0.5951983994664888,0.6558398950131233,0.6923076923076923,0.9679012345679012,0.7245430809399478,0.01289085671129,0.0100315984452239,0.0086424152633968,0.0074608973712357,0.0080645283729966,0.0089632137826476,0.0086054125814101,0.0110581842734483,0.0050567507492243,0.0093193138398024,multiblimp/results/HPLT/hplt2c_ara_checkpoints/checkpoint_0038000/all.csv
HPLT/hplt2c_ara_checkpoints,checkpoint_0039000,0.8818181818181818,0.6628056628056628,0.7508854781582054,0.8167189952904239,0.5454070981210856,0.596865621873958,0.6535433070866141,0.6802525832376579,0.9679012345679012,0.7506527415143603,0.0116337438018948,0.0097917903118436,0.0085799358868607,0.0076647032449337,0.0080437574740095,0.0089572556014082,0.0086189464443933,0.0111741512810584,0.0050567507492243,0.0090249919699217,multiblimp/results/HPLT/hplt2c_ara_checkpoints/checkpoint_0039000/all.csv
HPLT/hplt2c_ara_checkpoints,checkpoint_0040000,0.8532467532467533,0.6529386529386529,0.7382920110192838,0.8390894819466248,0.5409707724425887,0.5918639546515505,0.6889763779527559,0.687715269804822,0.9637860082304528,0.7523933855526544,0.0127522206530953,0.0098598016143984,0.0087200754387206,0.0072794177497907,0.0080499710804447,0.0089748084663459,0.0083847742074035,0.0111033909830073,0.0053596986102893,0.0090038570917117,multiblimp/results/HPLT/hplt2c_ara_checkpoints/checkpoint_0040000/all.csv
HPLT/hplt2c_ara_checkpoints,checkpoint_0041000,0.8792207792207792,0.6426426426426426,0.7524596615505706,0.8457613814756672,0.5456680584551148,0.5905301767255752,0.676509186351706,0.6756601607347876,0.9662551440329218,0.7476066144473456,0.0117435586437723,0.009925788046283,0.0085617446116356,0.0071551835147893,0.0080433719331862,0.0089793265413239,0.008473451420808,0.0112160575581314,0.0051803793069285,0.0090615092893711,multiblimp/results/HPLT/hplt2c_ara_checkpoints/checkpoint_0041000/all.csv
HPLT/hplt2c_ara_checkpoints,checkpoint_0042000,0.8779220779220779,0.6121836121836122,0.7552144824872098,0.8418367346938775,0.5508872651356994,0.5761920640213405,0.6709317585301837,0.677382319173364,0.9637860082304528,0.7497824194952132,0.0117978042761794,0.0100921289622956,0.0085295414128436,0.007228813758638,0.008035192787566,0.0090236022884143,0.0085108841447748,0.0112004877508983,0.0053596986102893,0.0090354861501761,multiblimp/results/HPLT/hplt2c_ara_checkpoints/checkpoint_0042000/all.csv
HPLT/hplt2c_ara_checkpoints,checkpoint_0043000,0.8701298701298701,0.6229086229086229,0.7465564738292011,0.8508634222919937,0.5634133611691023,0.5998666222074025,0.6804461942257218,0.6888633754305397,0.9613168724279836,0.752828546562228,0.0121143833819231,0.0100383962652063,0.0086291814567947,0.0070570354937319,0.0080119096114754,0.0089462598019755,0.008446200962094,0.011092208905565,0.0055323026864978,0.0089985427222479,multiblimp/results/HPLT/hplt2c_ara_checkpoints/checkpoint_0043000/all.csv
HPLT/hplt2c_ara_checkpoints,checkpoint_0044000,0.8857142857142857,0.6435006435006435,0.751672569854388,0.8485086342229199,0.5516701461377871,0.5785261753917973,0.693241469816273,0.6819747416762342,0.9695473251028808,0.7463011314186249,0.0114656171381367,0.0099204810335001,0.0085708592985568,0.0071026818478473,0.0080338888816798,0.0090169275025721,0.0083528197563243,0.0111581161194003,0.0049295705944704,0.0090769784221799,multiblimp/results/HPLT/hplt2c_ara_checkpoints/checkpoint_0044000/all.csv
HPLT/hplt2c_ara_checkpoints,checkpoint_0045000,0.8844155844155844,0.6499356499356499,0.7666273120818575,0.8598901098901099,0.5655010438413361,0.5855285095031677,0.6791338582677166,0.6888633754305397,0.9703703703703704,0.7589208006962577,0.0115221220571235,0.0098795686992246,0.0083910213359408,0.006876321303122,0.0080075253823761,0.0089956618432472,0.0084553610325629,0.011092208905565,0.0048645619224804,0.0089228396021216,multiblimp/results/HPLT/hplt2c_ara_checkpoints/checkpoint_0045000/all.csv
HPLT/hplt2c_ara_checkpoints,checkpoint_0046000,0.8974025974025974,0.6400686400686401,0.7705627705627706,0.8567503924646782,0.5634133611691023,0.588862954318106,0.6886482939632546,0.6785304247990815,0.9695473251028808,0.7693646649260226,0.0109349419429494,0.009941501484544,0.0083412977411699,0.0069402348153438,0.0080119096114754,0.0089848780994201,0.0083871977257327,0.011190011317429,0.0049295705944704,0.0087872711686074,multiblimp/results/HPLT/hplt2c_ara_checkpoints/checkpoint_0046000/all.csv
HPLT/hplt2c_ara_checkpoints,checkpoint_0047000,0.8961038961038961,0.6430716430716431,0.7619047619047619,0.8602825745682888,0.5647181628392485,0.598866288762921,0.687992125984252,0.6819747416762342,0.9703703703703704,0.7597911227154047,0.0109959675897791,0.0099231388729429,0.0084493512809396,0.0068682506891079,0.0080091863911968,0.0089499638509359,0.0083920300383952,0.0111581161194003,0.0048645619224804,0.0089118244310737,multiblimp/results/HPLT/hplt2c_ara_checkpoints/checkpoint_0047000/all.csv
HPLT/hplt2c_ara_checkpoints,checkpoint_0047684,,,,,,,,,,,,,,,,,,,,,multiblimp/results/HPLT/hplt2c_ara_checkpoints/checkpoint_0047684/all.csv
HPLT/hplt2c_ara_checkpoints,main,0.8974025974025974,0.6439296439296439,0.7634789452971271,0.8649921507064364,0.5652400835073069,0.5985328442814272,0.6929133858267716,0.682548794489093,0.968724279835391,0.7658833768494343,0.0109349419429494,0.0099178145209874,0.0084300684964259,0.0067699565424464,0.0080080813094562,0.0089511899097012,0.0083553074895166,0.0111527320184629,0.0049936214040092,0.0088332889118661,multiblimp/results/HPLT/hplt2c_ara_checkpoints/main/all.csv
HPLT/hplt2c_deu_checkpoints,checkpoint_0001000,0.638961038961039,0.5444015444015444,0.7036599763872491,0.6397174254317112,0.5448851774530271,0.5498499499833278,0.6299212598425197,0.6836969001148105,0.6691358024691358,0.8389904264577894,0.0173088757972539,0.010315247652336,0.0090588745978685,0.0095107771851265,0.0080445218728063,0.0090847402272832,0.0087454612570596,0.0111419050763464,0.0134987602028821,0.0076670684451226,multiblimp/results/HPLT/hplt2c_deu_checkpoints/checkpoint_0001000/all.csv
HPLT/hplt2c_deu_checkpoints,checkpoint_0002000,0.7415584415584415,0.640926640926641,0.6867375049193231,0.6934850863422292,0.5501043841336117,0.573191063687896,0.6269685039370079,0.6831228473019518,0.6814814814814815,0.9595300261096604,0.0157764216356494,0.0099362982169071,0.009201258923851,0.009133656113757,0.0080364765797555,0.0090318813668998,0.008759677794024,0.0111473283469364,0.0133661470259907,0.0041107468687359,multiblimp/results/HPLT/hplt2c_deu_checkpoints/checkpoint_0002000/all.csv
HPLT/hplt2c_deu_checkpoints,checkpoint_0003000,0.8025974025974026,0.6340626340626341,0.6989374262101535,0.7260596546310832,0.5451461377870563,0.5875291763921308,0.6295931758530183,0.6768082663605052,0.6493827160493827,0.9778067885117492,0.0143443192946779,0.0099769620974195,0.0091000797997824,0.0088351604325972,0.00804414078711,0.0089892426407599,0.0087470581626114,0.0112056969721053,0.0136892257097122,0.0030729931185637,multiblimp/results/HPLT/hplt2c_deu_checkpoints/checkpoint_0003000/all.csv
HPLT/hplt2c_deu_checkpoints,checkpoint_0004000,0.8272727272727273,0.6340626340626341,0.7012987012987013,0.728806907378336,0.5454070981210856,0.5871957319106369,0.6443569553805775,0.6549942594718714,0.671604938271605,0.9856396866840732,0.0136225825680261,0.0099769620974195,0.0090796214091379,0.0088073618578325,0.0080437574740095,0.0089903231355839,0.0086708752671254,0.0113895832202238,0.0134730868805627,0.0024817957504237,multiblimp/results/HPLT/hplt2c_deu_checkpoints/checkpoint_0004000/all.csv
HPLT/hplt2c_deu_checkpoints,checkpoint_0005000,0.8467532467532467,0.6585156585156585,0.7115308933490752,0.7448979591836735,0.5548016701461378,0.5775258419473158,0.6440288713910761,0.6653272101033295,0.6765432098765433,0.9821583986074848,0.0129816146648481,0.0098219408299386,0.0089876096695064,0.008635861067924,0.0080284719229006,0.0090198133917131,0.0086726650742488,0.0113058643226578,0.013420471281627,0.0027614213060231,multiblimp/results/HPLT/hplt2c_deu_checkpoints/checkpoint_0005000/all.csv
HPLT/hplt2c_deu_checkpoints,checkpoint_0006000,0.874025974025974,0.6675246675246675,0.7162534435261708,0.7692307692307693,0.5433194154488518,0.6068689563187729,0.6584645669291339,0.6802525832376579,0.6156378600823045,0.9895561357702348,0.0119579659236454,0.0097575826210219,0.0089432697188279,0.0083467530254148,0.0080467616290863,0.0089192409810666,0.0085896725252211,0.0111741512810584,0.0139554814021262,0.0021206832907215,multiblimp/results/HPLT/hplt2c_deu_checkpoints/checkpoint_0006000/all.csv
HPLT/hplt2c_deu_checkpoints,checkpoint_0007000,0.9103896103896104,0.697983697983698,0.747737111373475,0.7912087912087912,0.5519311064718163,0.6068689563187729,0.6824146981627297,0.6796785304247991,0.654320987654321,0.9873803307223672,0.0102931302070887,0.0095096973543889,0.0086158636544762,0.008051966225417,0.0080334497749856,0.0089192409810666,0.0084323165597428,0.0111794573812377,0.0136440654058039,0.0023285802538618,multiblimp/results/HPLT/hplt2c_deu_checkpoints/checkpoint_0007000/all.csv
HPLT/hplt2c_deu_checkpoints,checkpoint_0008000,0.887012987012987,0.6902616902616903,0.7508854781582054,0.7955259026687598,0.5375782881002088,0.606535511837279,0.6804461942257218,0.6681974741676234,0.6781893004115226,0.9899912967798086,0.0114086403735545,0.0095770821023603,0.0085799358868607,0.0079899967102664,0.008054289179157,0.0089205710075956,0.008446200962094,0.0112815346950985,0.0134025540597364,0.0020764887473472,multiblimp/results/HPLT/hplt2c_deu_checkpoints/checkpoint_0008000/all.csv
HPLT/hplt2c_deu_checkpoints,checkpoint_0009000,0.903896103896104,0.7207207207207207,0.7304210940574577,0.8131868131868132,0.5302713987473904,0.6155385128376125,0.7001312335958005,0.6659012629161883,0.6781893004115226,0.988685813751088,0.0106214642555478,0.0092924819218506,0.0088029305210764,0.0077214562737984,0.0080623166972394,0.0088831256130547,0.0082994222623181,0.0113010360660844,0.0134025540597364,0.0022063062790684,multiblimp/results/HPLT/hplt2c_deu_checkpoints/checkpoint_0009000/all.csv
HPLT/hplt2c_deu_checkpoints,checkpoint_0010000,0.8987012987012987,0.7057057057057057,0.747737111373475,0.8206436420722135,0.5508872651356994,0.6405468489496499,0.7040682414698163,0.6704936854190585,0.691358024691358,0.994342906875544,0.0108733723614872,0.0094391219861613,0.0086158636544762,0.0076003918038792,0.008035192787566,0.0087621032045754,0.0082679089167365,0.0112617307950733,0.0132522878337351,0.0015645510624166,multiblimp/results/HPLT/hplt2c_deu_checkpoints/checkpoint_0010000/all.csv
HPLT/hplt2c_deu_checkpoints,checkpoint_0011000,0.9,0.7232947232947233,0.7540338449429359,0.8116169544740973,0.5579331941544885,0.6178726242080693,0.6745406824146981,0.6762342135476463,0.660082304526749,0.9912967798085291,0.0108112495523467,0.0092660626486832,0.008543400453677,0.0077463434855238,0.0080227323328993,0.0088728945431179,0.0084868191415362,0.0112108868989217,0.0135893221146957,0.001937612025428,multiblimp/results/HPLT/hplt2c_deu_checkpoints/checkpoint_0011000/all.csv
HPLT/hplt2c_deu_checkpoints,checkpoint_0012000,0.912987012987013,0.7468897468897469,0.7768595041322314,0.8182888540031397,0.5537578288100209,0.6248749583194398,0.6912729658792651,0.6796785304247991,0.7053497942386832,0.9934725848563968,0.0101573162873429,0.0090055860656821,0.0082595827015438,0.007639138599793,0.0080303133906982,0.0088408975082372,0.0083676717561116,0.0111794573812377,0.0130787882175533,0.0016798617782598,multiblimp/results/HPLT/hplt2c_deu_checkpoints/checkpoint_0012000/all.csv
HPLT/hplt2c_deu_checkpoints,checkpoint_0013000,0.912987012987013,0.7275847275847276,0.7591499409681228,0.8210361067503925,0.5362734864300627,0.6412137379126376,0.6981627296587927,0.6934557979334098,0.6938271604938272,0.9912967798085291,0.0101573162873429,0.0092211773814151,0.0084827140503997,0.0075938869222637,0.008055850099151,0.0087585271216508,0.0083149048052675,0.011046682444197,0.0132227211812142,0.001937612025428,multiblimp/results/HPLT/hplt2c_deu_checkpoints/checkpoint_0013000/all.csv
HPLT/hplt2c_deu_checkpoints,checkpoint_0014000,0.9233766233766234,0.7417417417417418,0.7426210153482881,0.8171114599686028,0.5326200417536534,0.6458819606535512,0.7122703412073491,0.6670493685419059,0.702880658436214,0.995213228894691,0.0095857195448478,0.0090653031542403,0.0086729696507321,0.0076583319243586,0.0080599258182191,0.0087329780804723,0.0081998756120878,0.0112913230981824,0.0131104657227372,0.0014398073570031,multiblimp/results/HPLT/hplt2c_deu_checkpoints/checkpoint_0014000/all.csv
HPLT/hplt2c_deu_checkpoints,checkpoint_0015000,0.9285714285714286,0.7498927498927499,0.7638724911452184,0.8430141287284144,0.5430584551148225,0.652217405801934,0.6978346456692913,0.6716417910447762,0.6609053497942387,0.9947780678851176,0.009281074907815,0.0089699822003154,0.008425222818551,0.0072068917471334,0.0080471271317088,0.008696848021677,0.0083174675667173,0.0112517148984292,0.01358131942679,0.0015035009246437,multiblimp/results/HPLT/hplt2c_deu_checkpoints/checkpoint_0015000/all.csv
HPLT/hplt2c_deu_checkpoints,checkpoint_0016000,0.9090909090909092,0.7481767481767482,0.7469500196772924,0.8124018838304553,0.5553235908141962,0.6232077359119707,0.6751968503937008,0.6607347876004592,0.6559670781893004,0.995213228894691,0.0103600524054216,0.0089903972237758,0.008624751541377,0.0077339255229779,0.0080275377477207,0.0088486939374472,0.0084823822285779,0.0113438160714369,0.0136286514500363,0.0014398073570031,multiblimp/results/HPLT/hplt2c_deu_checkpoints/checkpoint_0016000/all.csv
HPLT/hplt2c_deu_checkpoints,checkpoint_0017000,0.9051948051948052,0.7554697554697555,0.7764659582841401,0.847331240188383,0.5511482254697286,0.6502167389129709,0.6833989501312336,0.669345579793341,0.6930041152263374,0.9947780678851176,0.0105570294082265,0.0089023301323157,0.0082647688733397,0.0071252808363833,0.0080347603876062,0.0087084397430138,0.0084253091933489,0.0112716706603071,0.0132326262057456,0.0015035009246437,multiblimp/results/HPLT/hplt2c_deu_checkpoints/checkpoint_0017000/all.csv
HPLT/hplt2c_deu_checkpoints,checkpoint_0018000,0.9246753246753248,0.746031746031746,0.777646595828414,0.8512558869701727,0.5610647181628392,0.6525508502834279,0.7122703412073491,0.6601607347876005,0.6781893004115226,0.9947780678851176,0.009510818761913,0.0090156539573253,0.0082491784100674,0.0070493690185138,0.0080166694187058,0.0086948996420811,0.0081998756120878,0.0113484761044048,0.0134025540597364,0.0015035009246437,multiblimp/results/HPLT/hplt2c_deu_checkpoints/checkpoint_0018000/all.csv
HPLT/hplt2c_deu_checkpoints,checkpoint_0019000,0.9337662337662338,0.7773487773487774,0.7922077922077922,0.8414442700156985,0.5542797494780793,0.6405468489496499,0.7109580052493438,0.6618828932261768,0.6748971193415638,0.9939077458659704,0.0089621755275907,0.0086168665155632,0.0080488132538025,0.0072360896291745,0.0080293971361939,0.0087621032045754,0.0082109794625242,0.0113344401879712,0.0134381986608233,0.0016232560533673,multiblimp/results/HPLT/hplt2c_deu_checkpoints/checkpoint_0019000/all.csv
HPLT/hplt2c_deu_checkpoints,checkpoint_0020000,0.9207792207792208,0.7794937794937795,0.7670208579299488,0.8390894819466248,0.532098121085595,0.6528842947649216,0.7158792650918635,0.6710677382319173,0.7152263374485597,0.994342906875544,0.0097331170752519,0.0085870820548772,0.0083860949505957,0.0072794177497907,0.0080604726193492,0.0086929465609413,0.0081689055578409,0.0112567323633259,0.0129474284803543,0.0015645510624166,multiblimp/results/HPLT/hplt2c_deu_checkpoints/checkpoint_0020000/all.csv
HPLT/hplt2c_deu_checkpoints,checkpoint_0021000,0.9233766233766234,0.7696267696267697,0.7839433293978748,0.8383045525902669,0.5386221294363257,0.6618872957652551,0.7204724409448819,0.6974741676234214,0.6880658436213992,0.995213228894691,0.0095857195448478,0.0087213748257112,0.0081643918722718,0.0072937369559138,0.0080530005027659,0.0086384243517957,0.0081285582312345,0.0110057899677253,0.0132910204676843,0.0014398073570031,multiblimp/results/HPLT/hplt2c_deu_checkpoints/checkpoint_0021000/all.csv
HPLT/hplt2c_deu_checkpoints,checkpoint_0022000,0.9272727272727272,0.782925782925783,0.7926013380558835,0.8555729984301413,0.5323590814196242,0.6875625208402801,0.7260498687664042,0.6538461538461539,0.6905349794238683,0.9939077458659704,0.0093585169577212,0.0085387300280289,0.008043184725621,0.0069639079296631,0.0080602003258426,0.0084634888672825,0.0080781423281987,0.0113985154467428,0.0132620446572348,0.0016232560533673,multiblimp/results/HPLT/hplt2c_deu_checkpoints/checkpoint_0022000/all.csv
HPLT/hplt2c_deu_checkpoints,checkpoint_0023000,0.9285714285714286,0.782925782925783,0.7926013380558835,0.8551805337519623,0.5474947807933194,0.6698899633211071,0.7162073490813649,0.6894374282433984,0.6954732510288066,0.9926022628372496,0.009281074907815,0.0085387300280289,0.008043184725621,0.0069717637632125,0.0080406107440359,0.0085870277630185,0.0081660583268094,0.0110865880428556,0.0132027621543331,0.0017875659223447,multiblimp/results/HPLT/hplt2c_deu_checkpoints/checkpoint_0023000/all.csv
HPLT/hplt2c_deu_checkpoints,checkpoint_0024000,0.9155844155844156,0.7558987558987559,0.8044077134986226,0.8571428571428571,0.5495824634655533,0.6532177392464155,0.714238845144357,0.6923076923076923,0.6732510288065844,0.9934725848563968,0.0100187871264381,0.0088970427010502,0.0078688568103622,0.0069323083723138,0.0080373212717052,0.0086909887750877,0.0081830621196032,0.0110581842734483,0.0134557369476552,0.0016798617782598,multiblimp/results/HPLT/hplt2c_deu_checkpoints/checkpoint_0024000/all.csv
HPLT/hplt2c_deu_checkpoints,checkpoint_0025000,0.9181818181818182,0.7691977691977692,0.7870916961826053,0.8516483516483516,0.5394050104384134,0.6882294098032677,0.72998687664042,0.6722158438576349,0.6839506172839506,0.9921671018276762,0.0098774284827257,0.0087270582016984,0.0081209461895868,0.0070416856119158,0.0080520106857603,0.008458550631637,0.0080416002657258,0.0112466783749095,0.0133383376534981,0.0018389869167922,multiblimp/results/HPLT/hplt2c_deu_checkpoints/checkpoint_0025000/all.csv
HPLT/hplt2c_deu_checkpoints,checkpoint_0026000,0.925974025974026,0.7696267696267697,0.790633608815427,0.8489010989010989,0.5477557411273486,0.6698899633211071,0.7063648293963255,0.6991963260619977,0.6831275720164609,0.9926022628372496,0.0094350912558976,0.0087213748257112,0.0080712125988959,0.0070951158158405,0.0080402073697371,0.0085870277630185,0.0082491858579481,0.0109879597941671,0.0133476556523406,0.0017875659223447,multiblimp/results/HPLT/hplt2c_deu_checkpoints/checkpoint_0026000/all.csv
HPLT/hplt2c_deu_checkpoints,checkpoint_0027000,0.922077922077922,0.7636207636207636,0.7835497835497836,0.8449764521193093,0.5456680584551148,0.6722240746915639,0.7168635170603674,0.6808266360505166,0.7185185185185186,0.9926022628372496,0.0096598128355926,0.0087997916639081,0.0081697727650296,0.007170037502534,0.0080433719331862,0.0085715097634792,0.0081603479016956,0.0111688257226169,0.012901961986393,0.0017875659223447,multiblimp/results/HPLT/hplt2c_deu_checkpoints/checkpoint_0027000/all.csv
HPLT/hplt2c_deu_checkpoints,checkpoint_0028000,0.9168831168831169,0.7846417846417847,0.8071625344352618,0.8559654631083202,0.535490605427975,0.6862287429143048,0.7332677165354331,0.677382319173364,0.6633744855967079,0.9939077458659704,0.00994846897167,0.0085142284938275,0.0078266132287063,0.006956034533705,0.0080567600366196,0.0084733041999884,0.0080105362953808,0.0112004877508983,0.0135570362717698,0.0016232560533673,multiblimp/results/HPLT/hplt2c_deu_checkpoints/checkpoint_0028000/all.csv
HPLT/hplt2c_deu_checkpoints,checkpoint_0029000,0.9363636363636364,0.782067782067782,0.7969303423848878,0.8485086342229199,0.5472338204592901,0.6732244081360453,0.698490813648294,0.6831228473019518,0.7069958847736626,0.9921671018276762,0.0087968985723868,0.0085508990678689,0.0079805048710793,0.0071026818478473,0.0080410118879955,0.0085647856556025,0.0083123370052347,0.0111473283469364,0.0130574136955636,0.0018389869167922,multiblimp/results/HPLT/hplt2c_deu_checkpoints/checkpoint_0029000/all.csv
HPLT/hplt2c_deu_checkpoints,checkpoint_0030000,0.9298701298701298,0.7824967824967825,0.8024399842581661,0.8520408163265306,0.5417536534446764,0.6808936312104035,0.719488188976378,0.6836969001148105,0.7061728395061728,0.9917319408181028,0.0092027431995396,0.0085448213342379,0.0078986609818217,0.0070339852184543,0.0080489212769379,0.0085117554822512,0.0081372925363902,0.0111419050763464,0.0130681266584812,0.0018889650671513,multiblimp/results/HPLT/hplt2c_deu_checkpoints/checkpoint_0030000/all.csv
HPLT/hplt2c_deu_checkpoints,checkpoint_0031000,0.935064935064935,0.7824967824967825,0.7918142463597009,0.8563579277864992,0.5425365344467641,0.6818939646548849,0.7020997375328084,0.6590126291618829,0.6699588477366255,0.9926022628372496,0.0088800449189328,0.0085448213342379,0.0080544302812341,0.0069481435156348,0.0080478514624789,0.0085046441154947,0.0082837573117431,0.011357740467319,0.0134902491862771,0.0017875659223447,multiblimp/results/HPLT/hplt2c_deu_checkpoints/checkpoint_0031000/all.csv
HPLT/hplt2c_deu_checkpoints,checkpoint_0032000,0.9233766233766234,0.7932217932217932,0.8016528925619835,0.8567503924646782,0.5443632567849687,0.6938979659886629,0.7253937007874016,0.6664753157290471,0.697119341563786,0.9912967798085291,0.0095857195448478,0.0083883890453652,0.0079104972728081,0.0069402348153438,0.0080452773632501,0.0084157472155211,0.008084155456042,0.011296188999334,0.0131826037375631,0.001937612025428,multiblimp/results/HPLT/hplt2c_deu_checkpoints/checkpoint_0032000/all.csv
HPLT/hplt2c_deu_checkpoints,checkpoint_0033000,0.912987012987013,0.7885027885027885,0.8138528138528138,0.8638147566718996,0.5464509394572025,0.6888962987662555,0.7411417322834646,0.6699196326061998,0.6979423868312757,0.9926022628372496,0.0101573162873429,0.0084582945114809,0.0077214495817122,0.0067947834948916,0.008042201941167,0.0084535919688927,0.0079336707485067,0.0112667102190034,0.0131724494722586,0.0017875659223447,multiblimp/results/HPLT/hplt2c_deu_checkpoints/checkpoint_0033000/all.csv
HPLT/hplt2c_deu_checkpoints,checkpoint_0034000,0.9103896103896104,0.7854997854997855,0.8063754427390791,0.8575353218210361,0.5446242171189979,0.6858952984328109,0.7296587926509186,0.6676234213547646,0.6930041152263374,0.9917319408181028,0.0102931302070887,0.0085018955284081,0.0078387449321901,0.0069243641256136,0.0080449007314148,0.008475745321786,0.0080446759214898,0.0112864383382695,0.0132326262057456,0.0018889650671513,multiblimp/results/HPLT/hplt2c_deu_checkpoints/checkpoint_0034000/all.csv
HPLT/hplt2c_deu_checkpoints,checkpoint_0035000,0.9207792207792208,0.782067782067782,0.8126721763085399,0.8485086342229199,0.5420146137787056,0.683894631543848,0.722769028871391,0.6647531572904707,0.6806584362139918,0.9917319408181028,0.0097331170752519,0.0085508990678689,0.0077402770676516,0.0071026818478473,0.0080485668959483,0.0084902856143392,0.0081079891536302,0.0113106737931429,0.0133753206007409,0.0018889650671513,multiblimp/results/HPLT/hplt2c_deu_checkpoints/checkpoint_0035000/all.csv
HPLT/hplt2c_deu_checkpoints,checkpoint_0036000,0.9285714285714286,0.7850707850707851,0.7985045257772531,0.8555729984301413,0.5433194154488518,0.6748916305435145,0.7244094488188977,0.6653272101033295,0.6921810699588478,0.9917319408181028,0.009281074907815,0.008508068885732,0.007957359999049,0.0069639079296631,0.0080467616290863,0.0085534803753084,0.008093134044465,0.0113058643226578,0.0132424817197657,0.0018889650671513,multiblimp/results/HPLT/hplt2c_deu_checkpoints/checkpoint_0036000/all.csv
HPLT/hplt2c_deu_checkpoints,checkpoint_0037000,0.9298701298701298,0.8043758043758044,0.8000787091696182,0.8638147566718996,0.5644572025052192,0.703567855951984,0.7168635170603674,0.6854190585533869,0.6872427983539094,0.9912967798085291,0.0092027431995396,0.0082161743598441,0.0079340246947178,0.0067947834948916,0.0080097355467918,0.0083392579855136,0.0081603479016956,0.0111255173830639,0.0133005812077776,0.001937612025428,multiblimp/results/HPLT/hplt2c_deu_checkpoints/checkpoint_0037000/all.csv
HPLT/hplt2c_deu_checkpoints,checkpoint_0038000,0.9168831168831169,0.7962247962247962,0.8051948051948052,0.8649921507064364,0.5448851774530271,0.6902300766922308,0.7250656167979003,0.6854190585533869,0.697119341563786,0.9921671018276762,0.00994846897167,0.0083430026297053,0.0078568491812124,0.0067699565424464,0.0080445218728063,0.0084436132180057,0.0080871537931995,0.0111255173830639,0.0131826037375631,0.0018389869167922,multiblimp/results/HPLT/hplt2c_deu_checkpoints/checkpoint_0038000/all.csv
HPLT/hplt2c_deu_checkpoints,checkpoint_0039000,0.9207792207792208,0.7966537966537967,0.8063754427390791,0.8520408163265306,0.5514091858037579,0.6752250750250083,0.7381889763779528,0.6572904707233066,0.6773662551440329,0.9930374238468234,0.0097331170752519,0.008336460801319,0.0078387449321901,0.0070339852184543,0.0080343257524317,0.0085512045190761,0.0079628816453864,0.0113714980938138,0.0134115364483836,0.001734573770326,multiblimp/results/HPLT/hplt2c_deu_checkpoints/checkpoint_0039000/all.csv
HPLT/hplt2c_deu_checkpoints,checkpoint_0040000,0.9311688311688312,0.7936507936507936,0.8162140889413617,0.8602825745682888,0.5600208768267223,0.6855618539513171,0.738517060367454,0.6590126291618829,0.7374485596707819,0.9934725848563968,0.0091234989178796,0.0083819485767108,0.0076834420260431,0.0068682506891079,0.0080187263594802,0.0084781813678299,0.0079596590308685,0.011357740467319,0.012623649551219,0.0016798617782598,multiblimp/results/HPLT/hplt2c_deu_checkpoints/checkpoint_0040000/all.csv
HPLT/hplt2c_deu_checkpoints,checkpoint_0041000,0.9324675324675324,0.8009438009438009,0.8146399055489965,0.8677394034536892,0.5548016701461378,0.677892630876959,0.7362204724409449,0.6894374282433984,0.7127572016460906,0.9926022628372496,0.0090433180729259,0.0082702328804987,0.0077088328449648,0.0067113546076886,0.0080284719229006,0.0085328194028827,0.0079820971020721,0.0110865880428556,0.0129809728800158,0.0017875659223447,multiblimp/results/HPLT/hplt2c_deu_checkpoints/checkpoint_0041000/all.csv
HPLT/hplt2c_deu_checkpoints,checkpoint_0042000,0.9233766233766234,0.8138138138138138,0.8189689098780008,0.8559654631083202,0.5417536534446764,0.6882294098032677,0.7414698162729659,0.6802525832376579,0.6979423868312757,0.994342906875544,0.0095857195448478,0.0080624144599436,0.0076384978086417,0.006956034533705,0.0080489212769379,0.008458550631637,0.0079303961862547,0.0111741512810584,0.0131724494722586,0.0015645510624166,multiblimp/results/HPLT/hplt2c_deu_checkpoints/checkpoint_0042000/all.csv
HPLT/hplt2c_deu_checkpoints,checkpoint_0043000,0.9324675324675324,0.8103818103818103,0.8225108225108225,0.8626373626373627,0.5521920668058455,0.6972324108036012,0.7319553805774278,0.6762342135476463,0.7160493827160493,0.990426457789382,0.0090433180729259,0.0081192086718431,0.007579741879459,0.0068194402838283,0.0080330084319825,0.0083898702026236,0.0080230291367574,0.0112108868989217,0.0129361414867906,0.0020312923491103,multiblimp/results/HPLT/hplt2c_deu_checkpoints/checkpoint_0043000/all.csv
HPLT/hplt2c_deu_checkpoints,checkpoint_0044000,0.9337662337662338,0.7996567996567997,0.8217237308146399,0.8763736263736264,0.5571503131524008,0.7092364121373791,0.7381889763779528,0.6791044776119403,0.7209876543209877,0.9908616187989556,0.0089621755275907,0.0082902568094299,0.0075928942379426,0.0065207943365496,0.0080241975142729,0.0082923435931012,0.0079628816453864,0.011184744050848,0.0128673017382357,0.001985025664476,multiblimp/results/HPLT/hplt2c_deu_checkpoints/checkpoint_0044000/all.csv
HPLT/hplt2c_deu_checkpoints,checkpoint_0045000,0.9363636363636364,0.8138138138138138,0.8150334513970877,0.8712715855572999,0.5521920668058455,0.7042347449149716,0.7444225721784777,0.6750861079219288,0.7152263374485597,0.9921671018276762,0.0087968985723868,0.0080624144599436,0.0077025048569134,0.0066345928078495,0.0080330084319825,0.0083338190827099,0.0079006629138467,0.0112212089763697,0.0129474284803543,0.0018389869167922,multiblimp/results/HPLT/hplt2c_deu_checkpoints/checkpoint_0045000/all.csv
HPLT/hplt2c_deu_checkpoints,checkpoint_0046000,0.9337662337662338,0.8078078078078078,0.8209366391184573,0.880690737833595,0.5581941544885177,0.7235745248416139,0.7378608923884514,0.6750861079219288,0.720164609053498,0.9917319408181028,0.0089621755275907,0.0081611386604645,0.0076059917988475,0.0064216862435226,0.0080222394490902,0.008166621609747,0.0079660985231068,0.0112212089763697,0.0128789088091922,0.0018889650671513,multiblimp/results/HPLT/hplt2c_deu_checkpoints/checkpoint_0046000/all.csv
HPLT/hplt2c_deu_checkpoints,checkpoint_0047000,0.9376623376623376,0.8108108108108109,0.8366784730421094,0.8763736263736264,0.5441022964509394,0.7142380793597866,0.7411417322834646,0.6779563719862227,0.7160493827160493,0.9921671018276762,0.0087127074080988,0.0081121652052387,0.007333286978585,0.0065207943365496,0.0080456517686251,0.0082496485188342,0.0079336707485067,0.0111952592083675,0.0129361414867906,0.0018389869167922,multiblimp/results/HPLT/hplt2c_deu_checkpoints/checkpoint_0047000/all.csv
HPLT/hplt2c_deu_checkpoints,checkpoint_0047684,,,,,,,,,,,,,,,,,,,,,multiblimp/results/HPLT/hplt2c_deu_checkpoints/checkpoint_0047684/all.csv
HPLT/hplt2c_deu_checkpoints,main,0.935064935064935,0.8181038181038182,0.833530106257379,0.8748037676609105,0.5409707724425887,0.7189063021007003,0.7444225721784777,0.6756601607347876,0.7168724279835391,0.9908616187989556,0.0088800449189328,0.007989964772699,0.0073896890475031,0.0065561856105125,0.0080499710804447,0.0082086826667807,0.0079006629138467,0.0112160575581314,0.0129248014998734,0.001985025664476,multiblimp/results/HPLT/hplt2c_deu_checkpoints/main/all.csv
HPLT/hplt2c_eng_checkpoints,checkpoint_0001000,0.8376623376623377,0.6036036036036037,0.712711530893349,0.6452119309262166,0.5464509394572025,0.5321773924641547,0.6295931758530183,0.6756601607347876,0.6625514403292181,0.6840731070496083,0.01328919811934,0.0101314037763664,0.0089766368808741,0.0094784208174035,0.008042201941167,0.0091113049063842,0.0087470581626114,0.0112160575581314,0.0135651765871686,0.0096977178562422,multiblimp/results/HPLT/hplt2c_eng_checkpoints/checkpoint_0001000/all.csv
HPLT/hplt2c_eng_checkpoints,checkpoint_0002000,0.9467532467532468,0.6048906048906049,0.7016922471467926,0.6978021978021978,0.5472338204592901,0.578859619873291,0.6279527559055118,0.6722158438576349,0.671604938271605,0.7088772845953003,0.0080913242390921,0.0101257211003298,0.0090761836895439,0.0090972913867157,0.0080410118879955,0.0090159571101473,0.0087549778164761,0.0112466783749095,0.0134730868805627,0.0094765130391991,multiblimp/results/HPLT/hplt2c_eng_checkpoints/checkpoint_0002000/all.csv
HPLT/hplt2c_eng_checkpoints,checkpoint_0003000,0.9714285714285714,0.6490776490776491,0.7264856355765447,0.7335164835164835,0.5391440501043842,0.563187729243081,0.6519028871391076,0.6590126291618829,0.6954732510288066,0.7297650130548303,0.0060037977202763,0.0098851372937329,0.0088430331500115,0.0087587151468009,0.0080523428452759,0.0090570293263174,0.008628477709591,0.011357740467319,0.0132027621543331,0.0092637599952581,multiblimp/results/HPLT/hplt2c_eng_checkpoints/checkpoint_0003000/all.csv
HPLT/hplt2c_eng_checkpoints,checkpoint_0004000,0.9675324675324676,0.6542256542256543,0.7461629279811098,0.7605965463108321,0.5417536534446764,0.5911970656885629,0.6771653543307087,0.6722158438576349,0.6584362139917695,0.7354221061792864,0.0063872226148124,0.0098511976458369,0.0086336020393948,0.0084536189581356,0.0080489212769379,0.0089770760478039,0.008468957465907,0.0112466783749095,0.0136051904309839,0.0092017431258671,multiblimp/results/HPLT/hplt2c_eng_checkpoints/checkpoint_0004000/all.csv
HPLT/hplt2c_eng_checkpoints,checkpoint_0005000,0.977922077922078,0.661089661089661,0.755608028335301,0.783359497645212,0.5571503131524008,0.5978659553184394,0.6893044619422573,0.6750861079219288,0.6609053497942387,0.7645778938207136,0.0052952425884906,0.0098039582855709,0.0085249024260508,0.0081611370654006,0.0080241975142729,0.0089536291015374,0.0083823457754025,0.0112212089763697,0.01358131942679,0.0088503302515761,multiblimp/results/HPLT/hplt2c_eng_checkpoints/checkpoint_0005000/all.csv
HPLT/hplt2c_eng_checkpoints,checkpoint_0006000,0.977922077922078,0.6580866580866581,0.7540338449429359,0.7998430141287284,0.5508872651356994,0.5965321773924641,0.698490813648294,0.6670493685419059,0.6897119341563785,0.7758920800696257,0.0052952425884906,0.0098249065944822,0.008543400453677,0.0079266200667233,0.008035192787566,0.0089584558315734,0.0083123370052347,0.0112913230981824,0.0132717522989733,0.0086986979247027,multiblimp/results/HPLT/hplt2c_eng_checkpoints/checkpoint_0006000/all.csv
HPLT/hplt2c_eng_checkpoints,checkpoint_0007000,0.9805194805194806,0.6795366795366795,0.7721369539551358,0.8057299843014128,0.5490605427974948,0.6195398466155385,0.7339238845144357,0.6555683122847302,0.6551440329218107,0.7815491731940818,0.0049806155204665,0.009665503429344,0.0083211200140888,0.0078378678834753,0.0080381570313376,0.0088654539523725,0.0080042560909051,0.0113850895554887,0.013636381048723,0.0086194586031675,multiblimp/results/HPLT/hplt2c_eng_checkpoints/checkpoint_0007000/all.csv
HPLT/hplt2c_eng_checkpoints,checkpoint_0008000,0.9818181818181818,0.7082797082797083,0.7882723337268792,0.8218210361067504,0.5519311064718163,0.6198732910970324,0.7171916010498688,0.6779563719862227,0.7045267489711934,0.7867711053089643,0.004814917251844,0.0094148755285398,0.0081044699238154,0.0075808364917669,0.0080334497749856,0.0088639525370296,0.0081574846964389,0.0111952592083675,0.0130893984983882,0.0085442159538639,multiblimp/results/HPLT/hplt2c_eng_checkpoints/checkpoint_0008000/all.csv
HPLT/hplt2c_eng_checkpoints,checkpoint_0009000,0.9805194805194806,0.6778206778206778,0.7929948839039748,0.8383045525902669,0.555062630480167,0.6235411803934645,0.7165354330708661,0.6601607347876005,0.7061728395061728,0.79852045256745,0.0049806155204665,0.0096791027833384,0.0080375446725282,0.0072937369559138,0.0080280059557413,0.0088471435822822,0.0081632057766203,0.0113484761044048,0.0130681266584812,0.0083672644126153,multiblimp/results/HPLT/hplt2c_eng_checkpoints/checkpoint_0009000/all.csv
HPLT/hplt2c_eng_checkpoints,checkpoint_0010000,0.9857142857142858,0.6941226941226941,0.7804014167650531,0.8383045525902669,0.5383611691022965,0.6255418472824275,0.7201443569553806,0.6836969001148105,0.6979423868312757,0.7967798085291558,0.0042764277866421,0.0095437842569709,0.0082124258056677,0.0072937369559138,0.0080533260012842,0.0088377476460232,0.0081314750516728,0.0111419050763464,0.0131724494722586,0.0083941664347711,multiblimp/results/HPLT/hplt2c_eng_checkpoints/checkpoint_0010000/all.csv
HPLT/hplt2c_eng_checkpoints,checkpoint_0011000,0.987012987012987,0.7052767052767053,0.7855175127902401,0.8383045525902669,0.5474947807933194,0.6292097365788596,0.7293307086614174,0.6572904707233066,0.7102880658436214,0.7980852915578764,0.004080099069444,0.0094431277463989,0.0081427578900947,0.0072937369559138,0.0080406107440359,0.0088201027617964,0.00804774601367,0.0113714980938138,0.0130140452574106,0.0083740127811912,multiblimp/results/HPLT/hplt2c_eng_checkpoints/checkpoint_0011000/all.csv
HPLT/hplt2c_eng_checkpoints,checkpoint_0012000,0.987012987012987,0.7211497211497212,0.8134592680047226,0.8410518053375197,0.558455114822547,0.6355451817272424,0.7427821522309711,0.6664753157290471,0.679835390946502,0.8137510879025239,0.004080099069444,0.0092881051795985,0.0077277383944725,0.0072433498455002,0.008021744319584,0.0087883395971291,0.0079172397891336,0.011296188999334,0.0133844462327471,0.0081211522278178,multiblimp/results/HPLT/hplt2c_eng_checkpoints/checkpoint_0012000/all.csv
HPLT/hplt2c_eng_checkpoints,checkpoint_0013000,0.9805194805194806,0.697983697983698,0.8185753640299095,0.8575353218210361,0.5441022964509394,0.6565521840613537,0.7286745406824147,0.6704936854190585,0.6880658436213992,0.81940818102698,0.0049806155204665,0.0095096973543889,0.0076449585066218,0.0069243641256136,0.0080456517686251,0.0086711514524337,0.008053869532717,0.0112617307950733,0.0132910204676843,0.0080246143823105,multiblimp/results/HPLT/hplt2c_eng_checkpoints/checkpoint_0013000/all.csv
HPLT/hplt2c_eng_checkpoints,checkpoint_0014000,0.9857142857142858,0.6971256971256972,0.8217237308146399,0.8536106750392465,0.5417536534446764,0.6555518506168723,0.7368766404199475,0.6412169919632607,0.7209876543209877,0.8098346388163621,0.0042764277866421,0.0095173408428672,0.0075928942379426,0.0070030126534098,0.0080489212769379,0.0086771522736676,0.0079757148048362,0.0114919669737543,0.0128673017382357,0.0081863228553941,multiblimp/results/HPLT/hplt2c_eng_checkpoints/checkpoint_0014000/all.csv
HPLT/hplt2c_eng_checkpoints,checkpoint_0015000,0.9844155844155844,0.7254397254397255,0.8229043683589138,0.8657770800627943,0.5375782881002088,0.6582194064688229,0.7519685039370079,0.6710677382319173,0.7102880658436214,0.8198433420365535,0.0044636397668194,0.009243754026372,0.0075731450619521,0.0067533097792986,0.008054289179157,0.008661055233908,0.007822503396675,0.0112567323633259,0.0130140452574106,0.0080170682954229,multiblimp/results/HPLT/hplt2c_eng_checkpoints/checkpoint_0015000/all.csv
HPLT/hplt2c_eng_checkpoints,checkpoint_0016000,0.9883116883116884,0.728013728013728,0.8173947264856356,0.8520408163265306,0.548277661795407,0.6672224074691564,0.7490157480314961,0.6607347876004592,0.7185185185185186,0.8333333333333334,0.0038732675319774,0.0092166297167922,0.0076642602078281,0.0070339852184543,0.0080393939287771,0.0086044698333934,0.0078534634942645,0.0113438160714369,0.012901961986393,0.0077742542476713,multiblimp/results/HPLT/hplt2c_eng_checkpoints/checkpoint_0016000/all.csv
HPLT/hplt2c_eng_checkpoints,checkpoint_0017000,0.990909090909091,0.746031746031746,0.8248720975993703,0.8598901098901099,0.5561064718162839,0.6685561853951317,0.7539370078740157,0.6549942594718714,0.6979423868312757,0.8133159268929504,0.0034203866385097,0.0090156539573253,0.0075399531449691,0.006876321303122,0.0080261196745598,0.0085957877267819,0.0078015913821787,0.0113895832202238,0.0131724494722586,0.0081284597629575,multiblimp/results/HPLT/hplt2c_eng_checkpoints/checkpoint_0017000/all.csv
HPLT/hplt2c_eng_checkpoints,checkpoint_0018000,0.9896103896103896,0.7404547404547405,0.8158205430932703,0.8579277864992151,0.5600208768267223,0.6772257419139713,0.7529527559055118,0.6704936854190585,0.7152263374485597,0.8198433420365535,0.0036541501731241,0.0090799754173171,0.0076898094800035,0.0069164020138947,0.0080187263594802,0.0085374454488805,0.0078120747292086,0.0112617307950733,0.0129474284803543,0.0080170682954229,multiblimp/results/HPLT/hplt2c_eng_checkpoints/checkpoint_0018000/all.csv
HPLT/hplt2c_eng_checkpoints,checkpoint_0019000,0.9857142857142858,0.7275847275847276,0.8225108225108225,0.8630298273155416,0.5456680584551148,0.6632210736912304,0.740485564304462,0.6653272101033295,0.7152263374485597,0.8237597911227154,0.0042764277866421,0.0092211773814151,0.007579741879459,0.0068112401469038,0.0080433719331862,0.0086300513495841,0.0079402024789803,0.0113058643226578,0.0129474284803543,0.0079483646295198,multiblimp/results/HPLT/hplt2c_eng_checkpoints/checkpoint_0019000/all.csv
HPLT/hplt2c_eng_checkpoints,checkpoint_0020000,0.987012987012987,0.7434577434577434,0.8229043683589138,0.8712715855572999,0.5365344467640919,0.6648882960986996,0.7568897637795275,0.6578645235361653,0.7086419753086419,0.8298520452567449,0.004080099069444,0.009045580919437,0.0075731450619521,0.0066345928078495,0.0080555423515859,0.0086194768826458,0.0077698110446597,0.0113669307107178,0.0130358330506543,0.0078386033484469,multiblimp/results/HPLT/hplt2c_eng_checkpoints/checkpoint_0020000/all.csv
HPLT/hplt2c_eng_checkpoints,checkpoint_0021000,0.9805194805194806,0.7237237237237237,0.8414010232192051,0.8638147566718996,0.5227035490605428,0.6672224074691564,0.7608267716535433,0.6618828932261768,0.7193415637860082,0.8359442993907746,0.0049806155204665,0.0092616222727325,0.007246851732539,0.0067947834948916,0.0080688023402269,0.0086044698333934,0.0077266580835882,0.0113344401879712,0.012890462177155,0.0077251926924359,multiblimp/results/HPLT/hplt2c_eng_checkpoints/checkpoint_0021000/all.csv
HPLT/hplt2c_eng_checkpoints,checkpoint_0022000,0.9844155844155844,0.7546117546117546,0.8339236521054703,0.8642072213500785,0.5255741127348643,0.6748916305435145,0.7680446194225722,0.6687715269804823,0.739917695473251,0.8298520452567449,0.0044636397668194,0.0089128690096194,0.0073826912499646,0.0067865268430925,0.0080665609928916,0.0085534803753084,0.007645184484371,0.0112766121440351,0.0125851666360948,0.0078386033484469,multiblimp/results/HPLT/hplt2c_eng_checkpoints/checkpoint_0022000/all.csv
HPLT/hplt2c_eng_checkpoints,checkpoint_0023000,0.987012987012987,0.7511797511797512,0.8457300275482094,0.8669544740973313,0.5260960334029228,0.6828942980993664,0.7608267716535433,0.6676234213547646,0.731687242798354,0.8281114012184508,0.004080099069444,0.0089545478092508,0.0071656277598714,0.0067281950251671,0.0080661247664262,0.0084974875309721,0.0077266580835882,0.0112864383382695,0.0127114549786593,0.0078703293273425,multiblimp/results/HPLT/hplt2c_eng_checkpoints/checkpoint_0023000/all.csv
HPLT/hplt2c_eng_checkpoints,checkpoint_0024000,0.9818181818181818,0.7507507507507507,0.8351042896497441,0.8614599686028257,0.5360125260960334,0.6722240746915639,0.7673884514435696,0.6716417910447762,0.7069958847736626,0.84029590948651,0.004814917251844,0.0089597043726016,0.0073616082680447,0.0068439287484135,0.0080561556290104,0.0085715097634792,0.0076527193122606,0.0112517148984292,0.0130574136955636,0.0076418609748362,multiblimp/results/HPLT/hplt2c_eng_checkpoints/checkpoint_0024000/all.csv
HPLT/hplt2c_eng_checkpoints,checkpoint_0025000,0.9831168831168832,0.752037752037752,0.8358913813459268,0.8724489795918368,0.5347077244258872,0.6775591863954652,0.7621391076115486,0.6768082663605052,0.7185185185185186,0.8268059181897301,0.0046428379766236,0.0089441992818076,0.0073474778603352,0.0066086427641434,0.0080576500214878,0.0085351349111487,0.0077120735749643,0.0112056969721053,0.012901961986393,0.0078939305279581,multiblimp/results/HPLT/hplt2c_eng_checkpoints/checkpoint_0025000/all.csv
HPLT/hplt2c_eng_checkpoints,checkpoint_0026000,0.9831168831168832,0.7601887601887601,0.8311688311688312,0.880298273155416,0.5407098121085595,0.6822274091363788,0.7706692913385826,0.6928817451205511,0.7078189300411523,0.8446475195822454,0.0046428379766236,0.0088435035081804,0.0074313652181293,0.0064308061877264,0.0080503165694261,0.0085022636171405,0.0076147851143689,0.011052443412914,0.0130466492021732,0.0075565200535824,multiblimp/results/HPLT/hplt2c_eng_checkpoints/checkpoint_0026000/all.csv
HPLT/hplt2c_eng_checkpoints,checkpoint_0027000,0.9844155844155844,0.7524667524667524,0.8457300275482094,0.868916797488226,0.5232254697286013,0.6825608536178727,0.7719816272965879,0.6762342135476463,0.7234567901234568,0.8268059181897301,0.0044636397668194,0.0089390072767324,0.0071656277598714,0.0066859466397068,0.0080684146922495,0.008499878090378,0.0075994283010622,0.0112108868989217,0.0128321568467537,0.0078939305279581,multiblimp/results/HPLT/hplt2c_eng_checkpoints/checkpoint_0027000/all.csv
HPLT/hplt2c_eng_checkpoints,checkpoint_0028000,0.9844155844155844,0.7533247533247533,0.8453364817001181,0.8767660910518054,0.5357515657620042,0.6872290763587863,0.7687007874015748,0.664179104477612,0.7168724279835391,0.8342036553524804,0.0044636397668194,0.0089285876807082,0.0071730922497243,0.0065118932562523,0.0080564589414165,0.0084659503361195,0.007637623728003,0.0113154645014941,0.0129248014998734,0.007757977357825,multiblimp/results/HPLT/hplt2c_eng_checkpoints/checkpoint_0028000/all.csv
HPLT/hplt2c_eng_checkpoints,checkpoint_0029000,0.9896103896103896,0.7537537537537538,0.8461235733963006,0.8724489795918368,0.5360125260960334,0.6932310770256752,0.780511811023622,0.6676234213547646,0.7127572016460906,0.820278503046127,0.0036541501731241,0.0089233600482064,0.0071581469710794,0.0066086427641434,0.0080561556290104,0.0084208602442337,0.0074970056112591,0.0112864383382695,0.0129809728800158,0.0080095048107574,multiblimp/results/HPLT/hplt2c_eng_checkpoints/checkpoint_0029000/all.csv
HPLT/hplt2c_eng_checkpoints,checkpoint_0030000,0.9857142857142858,0.7404547404547405,0.8480913026367571,0.8850078492935636,0.5401878914405011,0.6972324108036012,0.7782152230971129,0.6630309988518944,0.7308641975308642,0.8246301131418625,0.0042764277866421,0.0090799754173171,0.0071204967411322,0.0063198671313738,0.0080510008808272,0.0083898702026236,0.0075250301844735,0.0113249897269427,0.0127237738758906,0.0079329020818465,multiblimp/results/HPLT/hplt2c_eng_checkpoints/checkpoint_0030000/all.csv
HPLT/hplt2c_eng_checkpoints,checkpoint_0031000,0.9896103896103896,0.752895752895753,0.8382526564344747,0.8732339089481946,0.5427974947807933,0.6948982994331444,0.7785433070866141,0.6727898966704937,0.7267489711934156,0.8359442993907746,0.0036541501731241,0.0089338034166087,0.0073047223816657,0.0065912401196775,0.0080474904094059,0.0084080387723905,0.0075210471536756,0.0112416227671506,0.0127845361857099,0.0077251926924359,multiblimp/results/HPLT/hplt2c_eng_checkpoints/checkpoint_0031000/all.csv
HPLT/hplt2c_eng_checkpoints,checkpoint_0032000,0.987012987012987,0.7563277563277563,0.8429752066115702,0.8748037676609105,0.5250521920668059,0.7045681893964655,0.7677165354330708,0.6647531572904707,0.7193415637860082,0.8385552654482158,0.004080099069444,0.0088917432461937,0.0072175397353029,0.0065561856105125,0.008066988383822,0.0083310916246453,0.0076489551345804,0.0113106737931429,0.012890462177155,0.0076754310662515,multiblimp/results/HPLT/hplt2c_eng_checkpoints/checkpoint_0032000/all.csv
HPLT/hplt2c_eng_checkpoints,checkpoint_0033000,0.9831168831168832,0.7713427713427713,0.8457300275482094,0.8834379905808477,0.543580375782881,0.6962320773591197,0.7818241469816273,0.6670493685419059,0.7275720164609053,0.8420365535248042,0.0046428379766236,0.008698513422011,0.0071656277598714,0.0063572140809481,0.0080463939012353,0.0083976880346051,0.0074808405797884,0.0112913230981824,0.0127724941515336,0.0076079694614759,multiblimp/results/HPLT/hplt2c_eng_checkpoints/checkpoint_0033000/all.csv
HPLT/hplt2c_eng_checkpoints,checkpoint_0034000,0.987012987012987,0.7524667524667524,0.8417945690672963,0.8728414442700158,0.5341858037578288,0.6835611870623541,0.77001312335958,0.6653272101033295,0.7218106995884773,0.8372497824194952,0.004080099069444,0.0089390072767324,0.0072395474884759,0.0065999517574306,0.008058232263226,0.0084926912972219,0.0076224241209426,0.0113058643226578,0.0128556408188238,0.0077004002319887,multiblimp/results/HPLT/hplt2c_eng_checkpoints/checkpoint_0034000/all.csv
HPLT/hplt2c_eng_checkpoints,checkpoint_0035000,0.9844155844155844,0.7764907764907765,0.8476977567886659,0.8881475667189953,0.5427974947807933,0.7019006335445148,0.77001312335958,0.6745120551090701,0.7292181069958847,0.8328981723237598,0.0044636397668194,0.0086286874624944,0.0071280597985143,0.0062440384896454,0.0080474904094059,0.00835276207428,0.0076224241209426,0.0112263411801237,0.012748244756942,0.0077823640435257,multiblimp/results/HPLT/hplt2c_eng_checkpoints/checkpoint_0035000/all.csv
HPLT/hplt2c_eng_checkpoints,checkpoint_0036000,0.987012987012987,0.7687687687687688,0.8488783943329398,0.8897174254317112,0.532098121085595,0.6982327442480827,0.7785433070866141,0.6785304247990815,0.7078189300411523,0.8472584856396866,0.004080099069444,0.008732728837738,0.007105320740732,0.006205542931518,0.0080604726193492,0.008382005271617,0.0075210471536756,0.011190011317429,0.0130466492021732,0.0075043226345434,multiblimp/results/HPLT/hplt2c_eng_checkpoints/checkpoint_0036000/all.csv
HPLT/hplt2c_eng_checkpoints,checkpoint_0037000,0.9896103896103896,0.7700557700557701,0.8476977567886659,0.8963893249607535,0.545929018789144,0.6922307435811937,0.7752624671916011,0.682548794489093,0.7333333333333333,0.8468233246301131,0.0036541501731241,0.0087156786848539,0.0071280597985143,0.0060374128911344,0.0080429841643199,0.0084284909816338,0.0075605728527718,0.0111527320184629,0.01268664946041,0.007513074808471,multiblimp/results/HPLT/hplt2c_eng_checkpoints/checkpoint_0037000/all.csv
HPLT/hplt2c_eng_checkpoints,checkpoint_0038000,0.9844155844155844,0.7760617760617761,0.8484848484848485,0.8818681318681318,0.5386221294363257,0.6882294098032677,0.7723097112860893,0.6865671641791045,0.7390946502057614,0.8350739773716275,0.0044636397668194,0.008634578151428,0.0071129170729245,0.0063941916423917,0.0080530005027659,0.008458550631637,0.0075955726229754,0.0111144937296718,0.0125980515915633,0.0077416236686586,multiblimp/results/HPLT/hplt2c_eng_checkpoints/checkpoint_0038000/all.csv
HPLT/hplt2c_eng_checkpoints,checkpoint_0039000,0.9883116883116884,0.7674817674817674,0.8587170405352224,0.8787284144427001,0.526356993736952,0.7005668556185395,0.7791994750656168,0.6859931113662457,0.7308641975308642,0.8333333333333334,0.0038732675319774,0.0087496645535952,0.0069098337727104,0.006467063882815,0.0080659033394211,0.0083634698551759,0.0075130606560149,0.0111200154282859,0.0127237738758906,0.0077742542476713,multiblimp/results/HPLT/hplt2c_eng_checkpoints/checkpoint_0039000/all.csv
HPLT/hplt2c_eng_checkpoints,checkpoint_0040000,0.9844155844155844,0.7824967824967825,0.8453364817001181,0.8869701726844584,0.5297494780793319,0.6945648549516505,0.7834645669291339,0.664179104477612,0.7234567901234568,0.8651000870322019,0.0044636397668194,0.0085448213342379,0.0071730922497243,0.006272653934601,0.0080628236620637,0.0084106134464375,0.007460478531998,0.0113154645014941,0.0128321568467537,0.0071262983471616,multiblimp/results/HPLT/hplt2c_eng_checkpoints/checkpoint_0040000/all.csv
HPLT/hplt2c_eng_checkpoints,checkpoint_0041000,0.9896103896103896,0.7812097812097812,0.8476977567886659,0.8763736263736264,0.5498434237995825,0.7112370790263421,0.7821522309711286,0.6842709529276694,0.7415637860082305,0.845082680591819,0.0036541501731241,0.0085630139329323,0.0071280597985143,0.0065207943365496,0.0080369000424453,0.0082754129585588,0.0074767820530034,0.0111364621780598,0.012559223891822,0.0075478728453075,multiblimp/results/HPLT/hplt2c_eng_checkpoints/checkpoint_0041000/all.csv
HPLT/hplt2c_eng_checkpoints,checkpoint_0042000,0.990909090909091,0.7807807807807807,0.8524203069657615,0.8854003139717426,0.5391440501043842,0.7052350783594532,0.7811679790026247,0.6814006888633755,0.7358024691358025,0.8577023498694517,0.0034203866385097,0.0085690511217678,0.0070361949272859,0.0063104719099484,0.0080523428452759,0.0083256206689614,0.0074889368882637,0.0111634806780652,0.0126490194011336,0.0072877279472184,multiblimp/results/HPLT/hplt2c_eng_checkpoints/checkpoint_0042000/all.csv
HPLT/hplt2c_eng_checkpoints,checkpoint_0043000,0.9883116883116884,0.7863577863577863,0.8610783156237701,0.8901098901098901,0.5506263048016702,0.713571190396799,0.7965879265091863,0.6905855338691159,0.731687242798354,0.8550913838120104,0.0038732675319774,0.0084895074460312,0.00686126216746,0.006195857279249,0.0080356229526718,0.0082554123350546,0.0072911786904354,0.0110752865180993,0.0127114549786593,0.0073430816549188,multiblimp/results/HPLT/hplt2c_eng_checkpoints/checkpoint_0043000/all.csv
HPLT/hplt2c_eng_checkpoints,checkpoint_0044000,0.987012987012987,0.7915057915057915,0.8622589531680441,0.8975667189952904,0.555062630480167,0.717572524174725,0.7913385826771654,0.6762342135476463,0.7086419753086419,0.8616187989556136,0.004080099069444,0.0084140077867208,0.0068367266082602,0.0060069525373713,0.0080280059557413,0.0082204982273043,0.0073602872783675,0.0112108868989217,0.0130358330506543,0.0072031277729622,multiblimp/results/HPLT/hplt2c_eng_checkpoints/checkpoint_0044000/all.csv
HPLT/hplt2c_eng_checkpoints,checkpoint_0045000,0.9883116883116884,0.7850707850707851,0.8598976780794962,0.8999215070643642,0.5279227557411273,0.7182394131377126,0.7959317585301837,0.6940298507462687,0.7308641975308642,0.8711923411662315,0.0038732675319774,0.008508068885732,0.0068856306329982,0.0059452891588093,0.0080645283729966,0.0082146015978199,0.0072999207716288,0.0110409013358211,0.0127237738758906,0.0069879993445038,multiblimp/results/HPLT/hplt2c_eng_checkpoints/checkpoint_0045000/all.csv
HPLT/hplt2c_eng_checkpoints,checkpoint_0046000,0.987012987012987,0.7867867867867868,0.8614718614718615,0.9097331240188384,0.5427974947807933,0.7205735245081694,0.801509186351706,0.682548794489093,0.7168724279835391,0.865970409051349,0.004080099069444,0.0084832926605693,0.0068531023020644,0.0056770340403416,0.0080474904094059,0.0081937874522684,0.0072246527345167,0.0111527320184629,0.0129248014998734,0.0071068452671592,multiblimp/results/HPLT/hplt2c_eng_checkpoints/checkpoint_0046000/all.csv
HPLT/hplt2c_eng_checkpoints,checkpoint_0047000,0.987012987012987,0.803946803946804,0.8658008658008658,0.9097331240188384,0.5381002087682673,0.7252417472490831,0.8047900262467191,0.6888633754305397,0.7275720164609053,0.8668407310704961,0.004080099069444,0.0082229847158092,0.0067620991183331,0.0056770340403416,0.0080536492800109,0.0081513311693246,0.0071793448234046,0.011092208905565,0.0127724941515336,0.0070872922851713,multiblimp/results/HPLT/hplt2c_eng_checkpoints/checkpoint_0047000/all.csv
HPLT/hplt2c_eng_checkpoints,checkpoint_0047684,,,,,,,,,,,,,,,,,,,,,multiblimp/results/HPLT/hplt2c_eng_checkpoints/checkpoint_0047684/all.csv
HPLT/hplt2c_eng_checkpoints,main,0.9896103896103896,0.7983697983697984,0.8669815033451397,0.9081632653061223,0.5373173277661796,0.7252417472490831,0.8064304461942258,0.6848450057405281,0.7209876543209877,0.8677110530896431,0.0036541501731241,0.008310146982217,0.0067368767353573,0.0057212440070738,0.0080546058001054,0.0081513311693246,0.0071563982542084,0.0111309996232835,0.0128673017382357,0.0070676385720462,multiblimp/results/HPLT/hplt2c_eng_checkpoints/main/all.csv
HPLT/hplt2c_fra_checkpoints,checkpoint_0001000,0.6493506493506493,0.5945945945945946,0.6855568673750492,0.9034536891679747,0.5443632567849687,0.5431810603534512,0.6066272965879265,0.6750861079219288,0.6617283950617284,0.6892950391644909,0.0171961330423003,0.010169137254373,0.0092106539822522,0.0058508784745003,0.0080452773632501,0.0090961188684189,0.0088482137012433,0.0112212089763697,0.0135732709447848,0.0096538747062559,multiblimp/results/HPLT/hplt2c_fra_checkpoints/checkpoint_0001000/all.csv
HPLT/hplt2c_fra_checkpoints,checkpoint_0002000,0.7402597402597403,0.570999570999571,0.7166469893742621,0.9791993720565147,0.5409707724425887,0.598866288762921,0.6204068241469817,0.682548794489093,0.654320987654321,0.7053959965187119,0.0158021557468331,0.0102512214989878,0.0089395204773875,0.0028273141992179,0.0080499710804447,0.0089499638509359,0.008790022766141,0.0111527320184629,0.0136440654058039,0.0095095683712065,multiblimp/results/HPLT/hplt2c_fra_checkpoints/checkpoint_0002000/all.csv
HPLT/hplt2c_fra_checkpoints,checkpoint_0003000,0.7740259740259741,0.592020592020592,0.7316017316017316,0.9823390894819466,0.5540187891440501,0.60486828942981,0.6515748031496063,0.6808266360505166,0.665843621399177,0.720626631853786,0.0150716800552282,0.0101792643144666,0.008790728853833,0.0026093813029216,0.0080298563831023,0.0089271558737756,0.0086303704237782,0.0111688257226169,0.0135323387471667,0.0093599309253003,multiblimp/results/HPLT/hplt2c_fra_checkpoints/checkpoint_0003000/all.csv
HPLT/hplt2c_fra_checkpoints,checkpoint_0004000,0.8246753246753247,0.6246246246246246,0.7371113734750099,0.990188383045526,0.5451461377870563,0.6042014004668222,0.6673228346456693,0.6670493685419059,0.648559670781893,0.7267188859878155,0.0137030631492156,0.01002931573674,0.0087327318011186,0.0019526728780335,0.00804414078711,0.0089297593984695,0.0085343806196506,0.0112913230981824,0.0136965954802922,0.0092963618742855,multiblimp/results/HPLT/hplt2c_fra_checkpoints/checkpoint_0004000/all.csv
HPLT/hplt2c_fra_checkpoints,checkpoint_0005000,0.8532467532467533,0.6297726297726298,0.7560015741833923,0.9929356357927788,0.5427974947807933,0.6282094031343781,0.6630577427821522,0.6739380022962113,0.7086419753086419,0.7432550043516101,0.0127522206530953,0.0100012668558734,0.0085202537597485,0.0016591947988472,0.0080474904094059,0.0088249689144734,0.0085614225957559,0.0112314541957336,0.0130358330506543,0.0091126544550715,multiblimp/results/HPLT/hplt2c_fra_checkpoints/checkpoint_0005000/all.csv
HPLT/hplt2c_fra_checkpoints,checkpoint_0006000,0.874025974025974,0.6872586872586872,0.7662337662337663,0.9909733124018838,0.531054279749478,0.6242080693564521,0.6863517060367454,0.6768082663605052,0.6954732510288066,0.7597911227154047,0.0119579659236454,0.0096024401670959,0.0083959375710262,0.0018736802272124,0.0080615396566675,0.0088440294806571,0.0084040251272217,0.0112056969721053,0.0132027621543331,0.0089118244310737,multiblimp/results/HPLT/hplt2c_fra_checkpoints/checkpoint_0006000/all.csv
HPLT/hplt2c_fra_checkpoints,checkpoint_0007000,0.8701298701298701,0.6379236379236379,0.7918142463597009,0.9905808477237048,0.5305323590814196,0.6388796265421808,0.696522309711286,0.6601607347876005,0.7004115226337448,0.7763272410791993,0.0121143833819231,0.0099543589528899,0.0080544302812341,0.0019135999926793,0.0080620598963716,0.0087709630623732,0.0083276683195832,0.0113484761044048,0.0131416850550807,0.0086926851154236,multiblimp/results/HPLT/hplt2c_fra_checkpoints/checkpoint_0007000/all.csv
HPLT/hplt2c_fra_checkpoints,checkpoint_0008000,0.8519480519480519,0.7018447018447018,0.7941755214482488,0.9945054945054944,0.5388830897703549,0.6558852950983661,0.7099737532808399,0.6636050516647531,0.6905349794238683,0.7663185378590078,0.012798770676051,0.0094748128784028,0.0080205551204049,0.0014644285515801,0.0080526727841868,0.0086751567347314,0.0082192523921708,0.0113202364715317,0.0132620446572348,0.0088275824849974,multiblimp/results/HPLT/hplt2c_fra_checkpoints/checkpoint_0008000/all.csv
HPLT/hplt2c_fra_checkpoints,checkpoint_0009000,0.8922077922077922,0.6864006864006864,0.8083431719795356,0.9945054945054944,0.5427974947807933,0.667889296432144,0.7253937007874016,0.6601607347876005,0.7152263374485597,0.7815491731940818,0.011175869630098,0.0096095990929542,0.0078083217874019,0.0014644285515801,0.0080474904094059,0.0086001384974447,0.008084155456042,0.0113484761044048,0.0129474284803543,0.0086194586031675,multiblimp/results/HPLT/hplt2c_fra_checkpoints/checkpoint_0009000/all.csv
HPLT/hplt2c_fra_checkpoints,checkpoint_0010000,0.8896103896103896,0.7052767052767053,0.8162140889413617,0.9937205651491364,0.5433194154488518,0.6768922974324775,0.7244094488188977,0.6578645235361653,0.6946502057613169,0.7841601392515231,0.0112932426817837,0.0094431277463989,0.0076834420260431,0.0015649220378734,0.0080467616290863,0.0085397510201126,0.008093134044465,0.0113669307107178,0.013212766534824,0.0085820925766475,multiblimp/results/HPLT/hplt2c_fra_checkpoints/checkpoint_0010000/all.csv
HPLT/hplt2c_fra_checkpoints,checkpoint_0011000,0.874025974025974,0.7057057057057057,0.8299881936245572,0.9948979591836736,0.5519311064718163,0.6815605201733911,0.7473753280839895,0.642939150401837,0.7094650205761317,0.7845953002610966,0.0119579659236454,0.0094391219861613,0.007452005481872,0.0014114370795216,0.0080334497749856,0.0085070195896617,0.0078704538820511,0.0114797380349705,0.0130249651123136,0.0085758154458367,multiblimp/results/HPLT/hplt2c_fra_checkpoints/checkpoint_0011000/all.csv
HPLT/hplt2c_fra_checkpoints,checkpoint_0012000,0.8961038961038961,0.7057057057057057,0.8248720975993703,0.9945054945054944,0.5451461377870563,0.6908969656552184,0.7526246719160105,0.6561423650975889,0.7144032921810699,0.799390774586597,0.0109959675897791,0.0094391219861613,0.0075399531449691,0.0014644285515801,0.00804414078711,0.0084385930572265,0.0078155570163717,0.0113805774941226,0.0129586626190362,0.0083537217278822,multiblimp/results/HPLT/hplt2c_fra_checkpoints/checkpoint_0012000/all.csv
HPLT/hplt2c_fra_checkpoints,checkpoint_0013000,0.8909090909090909,0.7147147147147147,0.8299881936245572,0.9945054945054944,0.5396659707724426,0.6725575191730577,0.7270341207349081,0.6383467278989667,0.7185185185185186,0.7980852915578764,0.0112348069209695,0.0093526549243201,0.007452005481872,0.0014644285515801,0.0080516763053651,0.0085692733068377,0.0080690814105701,0.0115119910249772,0.012901961986393,0.0083740127811912,multiblimp/results/HPLT/hplt2c_fra_checkpoints/checkpoint_0013000/all.csv
HPLT/hplt2c_fra_checkpoints,checkpoint_0014000,0.8987012987012987,0.728013728013728,0.8343171979535616,0.9948979591836736,0.5495824634655533,0.6935645215071691,0.7457349081364829,0.653272101033295,0.7234567901234568,0.799390774586597,0.0108733723614872,0.0092166297167922,0.007375678549284,0.0014114370795216,0.0080373212717052,0.0084183063200582,0.0078872957361763,0.0114029540516902,0.0128321568467537,0.0083537217278822,multiblimp/results/HPLT/hplt2c_fra_checkpoints/checkpoint_0014000/all.csv
HPLT/hplt2c_fra_checkpoints,checkpoint_0015000,0.8857142857142857,0.7117117117117117,0.8284140102321921,0.9945054945054944,0.5519311064718163,0.7012337445815272,0.7388451443569554,0.6521239954075775,0.7061728395061728,0.8080939947780679,0.0114656171381367,0.0093819781951224,0.007479323141103,0.0014644285515801,0.0080334497749856,0.0083581265508712,0.0079564306725821,0.0114117763519543,0.0130681266584812,0.008214860824946,multiblimp/results/HPLT/hplt2c_fra_checkpoints/checkpoint_0015000/all.csv
HPLT/hplt2c_fra_checkpoints,checkpoint_0016000,0.8974025974025974,0.7365937365937366,0.8394332939787486,0.9948979591836736,0.5300104384133612,0.7025675225075025,0.738517060367454,0.6452353616532721,0.7325102880658436,0.8054830287206266,0.0109349419429494,0.0091233833345038,0.0072831375422385,0.0014114370795216,0.0080625712857336,0.0083473763845829,0.0079596590308685,0.0114631814571297,0.0126990802279793,0.0082571834686754,multiblimp/results/HPLT/hplt2c_fra_checkpoints/checkpoint_0016000/all.csv
HPLT/hplt2c_fra_checkpoints,checkpoint_0017000,0.887012987012987,0.7378807378807379,0.842581660763479,0.9948979591836736,0.537839248434238,0.7005668556185395,0.7483595800524935,0.6710677382319173,0.7358024691358025,0.81940818102698,0.0114086403735545,0.0091090150221687,0.0072248915380464,0.0014114370795216,0.0080539703392134,0.0083634698551759,0.007860277534874,0.0112567323633259,0.0126490194011336,0.0080246143823105,multiblimp/results/HPLT/hplt2c_fra_checkpoints/checkpoint_0017000/all.csv
HPLT/hplt2c_fra_checkpoints,checkpoint_0018000,0.9012987012987012,0.7425997425997426,0.8445493900039355,0.9956828885400314,0.534446764091858,0.7142380793597866,0.7513123359580053,0.6756601607347876,0.7423868312757201,0.8054830287206266,0.0107485639231647,0.0090554648439207,0.0071879725356134,0.0012988453404659,0.0080579422503463,0.0082496485188342,0.0078294255720642,0.0112160575581314,0.0125461657456358,0.0082571834686754,multiblimp/results/HPLT/hplt2c_fra_checkpoints/checkpoint_0018000/all.csv
HPLT/hplt2c_fra_checkpoints,checkpoint_0019000,0.9,0.7112827112827113,0.842581660763479,0.9941130298273156,0.5347077244258872,0.7155718572857619,0.7555774278215223,0.6595866819747417,0.7242798353909465,0.7950391644908616,0.0108112495523467,0.0093861261085738,0.0072248915380464,0.0015155284340478,0.0080576500214878,0.0082380547844135,0.0077839970264249,0.0113531175621079,0.0128203334971038,0.0084208259440946,multiblimp/results/HPLT/hplt2c_fra_checkpoints/checkpoint_0019000/all.csv
HPLT/hplt2c_fra_checkpoints,checkpoint_0020000,0.9051948051948052,0.7314457314457314,0.8543880362062181,0.9948979591836736,0.5506263048016702,0.7109036345448483,0.7536089238845144,0.6371986222732492,0.7374485596707819,0.8289817232375979,0.0105570294082265,0.0091798576762648,0.0069971917623846,0.0014114370795216,0.0080356229526718,0.0082782483318476,0.0078050919202725,0.0115198759512612,0.012623649551219,0.0078545033391549,multiblimp/results/HPLT/hplt2c_fra_checkpoints/checkpoint_0020000/all.csv
HPLT/hplt2c_fra_checkpoints,checkpoint_0021000,0.9077922077922078,0.7374517374517374,0.8473042109405746,0.9968602825745684,0.5302713987473904,0.7159053017672558,0.7739501312335958,0.6549942594718714,0.7366255144032922,0.8150565709312445,0.0104263349927844,0.0091138156396291,0.0071356062978885,0.0011083137374534,0.0080623166972394,0.0082351425456502,0.0075761948807061,0.0113895832202238,0.0126363629037345,0.0080991290163683,multiblimp/results/HPLT/hplt2c_fra_checkpoints/checkpoint_0021000/all.csv
HPLT/hplt2c_fra_checkpoints,checkpoint_0022000,0.903896103896104,0.728013728013728,0.8689492325855962,0.9952904238618524,0.5469728601252609,0.7252417472490831,0.7706692913385826,0.6504018369690011,0.7127572016460906,0.8128807658833769,0.0106214642555478,0.0092166297167922,0.0066944461693088,0.0013563323245813,0.0080414108019496,0.0081513311693246,0.0076147851143689,0.0114248728456233,0.0129809728800158,0.0081357506058157,multiblimp/results/HPLT/hplt2c_fra_checkpoints/checkpoint_0022000/all.csv
HPLT/hplt2c_fra_checkpoints,checkpoint_0023000,0.9142857142857144,0.7323037323037324,0.8618654073199528,0.9941130298273156,0.5441022964509394,0.72324108036012,0.770997375328084,0.6590126291618829,0.7349794238683127,0.8154917319408181,0.0100883980514828,0.0091705555330615,0.0068449238046199,0.0015155284340478,0.0080456517686251,0.008169662649654,0.0076109557759362,0.011357740467319,0.0126616192139125,0.0080917542584207,multiblimp/results/HPLT/hplt2c_fra_checkpoints/checkpoint_0023000/all.csv
HPLT/hplt2c_fra_checkpoints,checkpoint_0024000,0.8987012987012987,0.7464607464607464,0.8650137741046832,0.9948979591836736,0.5401878914405011,0.7252417472490831,0.7667322834645669,0.6446613088404133,0.7193415637860082,0.8137510879025239,0.0108733723614872,0.0090106257988082,0.0067788169465437,0.0014114370795216,0.0080510008808272,0.0081513311693246,0.0076602282881838,0.0114673475874542,0.012890462177155,0.0081211522278178,multiblimp/results/HPLT/hplt2c_fra_checkpoints/checkpoint_0024000/all.csv
HPLT/hplt2c_fra_checkpoints,checkpoint_0025000,0.9116883116883115,0.7395967395967395,0.8543880362062181,0.9960753532182104,0.5349686847599165,0.7185728576192064,0.7608267716535433,0.653272101033295,0.7555555555555555,0.8281114012184508,0.0102255558397948,0.0090897003383698,0.0069971917623846,0.0012386444851877,0.0080573555764095,0.0082116449230044,0.0077266580835882,0.0114029540516902,0.0123292071184026,0.0078703293273425,multiblimp/results/HPLT/hplt2c_fra_checkpoints/checkpoint_0025000/all.csv
HPLT/hplt2c_fra_checkpoints,checkpoint_0026000,0.9116883116883115,0.7353067353067353,0.8559622195985832,0.9960753532182104,0.550365344467641,0.7255751917305768,0.7749343832020997,0.653272101033295,0.757201646090535,0.8215839860748477,0.0102255558397948,0.0091376512897814,0.0069656744900489,0.0012386444851877,0.0080360508832827,0.0081482559882747,0.007564488387073,0.0114029540516902,0.0123010024432859,0.0079867094752496,multiblimp/results/HPLT/hplt2c_fra_checkpoints/checkpoint_0026000/all.csv
HPLT/hplt2c_fra_checkpoints,checkpoint_0027000,0.9116883116883115,0.758043758043758,0.8528138528138528,0.9945054945054944,0.5339248434237995,0.7275758586195399,0.7631233595800525,0.6383467278989667,0.7481481481481481,0.820278503046127,0.0102255558397948,0.0088704247591308,0.0070284289540857,0.0014644285515801,0.0080585200603663,0.0081296847078474,0.0077010689181047,0.0115119910249772,0.0124531218612469,0.0080095048107574,multiblimp/results/HPLT/hplt2c_fra_checkpoints/checkpoint_0027000/all.csv
HPLT/hplt2c_fra_checkpoints,checkpoint_0028000,0.903896103896104,0.7348777348777349,0.8717040535222353,0.9945054945054944,0.528705636743215,0.7422474158052684,0.7680446194225722,0.6423650975889782,0.7547325102880659,0.8167972149695387,0.0106214642555478,0.0091423850546117,0.0066342016461481,0.0014644285515801,0.0080638110498701,0.0079870725313532,0.007645184484371,0.0114838322676933,0.0123432175341997,0.0080695282756565,multiblimp/results/HPLT/hplt2c_fra_checkpoints/checkpoint_0028000/all.csv
HPLT/hplt2c_fra_checkpoints,checkpoint_0029000,0.9103896103896104,0.734019734019734,0.8654073199527745,0.9956828885400314,0.5451461377870563,0.7472490830276759,0.7791994750656168,0.6458094144661309,0.7102880658436214,0.8281114012184508,0.0102931302070887,0.0091518193573803,0.006770467693755,0.0012988453404659,0.00804414078711,0.0079358021627293,0.0075130606560149,0.0114589973035957,0.0130140452574106,0.0078703293273425,multiblimp/results/HPLT/hplt2c_fra_checkpoints/checkpoint_0029000/all.csv
HPLT/hplt2c_fra_checkpoints,checkpoint_0030000,0.9012987012987012,0.737022737022737,0.8610783156237701,0.9956828885400314,0.5490605427974948,0.7359119706568856,0.7791994750656168,0.653272101033295,0.7547325102880659,0.8359442993907746,0.0107485639231647,0.009118605071202,0.00686126216746,0.0012988453404659,0.0080381570313376,0.0080500589138486,0.0075130606560149,0.0114029540516902,0.0123432175341997,0.0077251926924359,multiblimp/results/HPLT/hplt2c_fra_checkpoints/checkpoint_0030000/all.csv
HPLT/hplt2c_fra_checkpoints,checkpoint_0031000,0.9116883116883115,0.7584727584727585,0.8598976780794962,0.9968602825745684,0.558455114822547,0.7309103034344782,0.7627952755905512,0.6676234213547646,0.731687242798354,0.8307223672758921,0.0102255558397948,0.0088650648616389,0.0068856306329982,0.0011083137374534,0.008021744319584,0.0080982717039375,0.0077047434669918,0.0112864383382695,0.0127114549786593,0.007822628903974,multiblimp/results/HPLT/hplt2c_fra_checkpoints/checkpoint_0031000/all.csv
HPLT/hplt2c_fra_checkpoints,checkpoint_0032000,0.9012987012987012,0.7481767481767482,0.8638331365604093,0.9952904238618524,0.5524530271398748,0.7415805268422807,0.785761154855643,0.6567164179104478,0.7497942386831276,0.8276762402088773,0.0107485639231647,0.0089903972237758,0.0068037494796432,0.0013563323245813,0.0080325648523019,0.0079938048922746,0.0074316783635374,0.0113760470142357,0.0124260061261655,0.00787821470994,multiblimp/results/HPLT/hplt2c_fra_checkpoints/checkpoint_0032000/all.csv
HPLT/hplt2c_fra_checkpoints,checkpoint_0033000,0.9051948051948052,0.7344487344487345,0.8681621408894136,0.9948979591836736,0.548277661795407,0.7449149716572191,0.7739501312335958,0.6458094144661309,0.7596707818930041,0.8133159268929504,0.0105570294082265,0.009147107738093,0.0067114778311171,0.0014114370795216,0.0080393939287771,0.0079598998457622,0.0075761948807061,0.0114589973035957,0.0122582326424035,0.0081284597629575,multiblimp/results/HPLT/hplt2c_fra_checkpoints/checkpoint_0033000/all.csv
HPLT/hplt2c_fra_checkpoints,checkpoint_0034000,0.903896103896104,0.7627627627627628,0.8665879574970484,0.9964678178963892,0.5469728601252609,0.7425808602867623,0.7687007874015748,0.6584385763490241,0.7251028806584362,0.8215839860748477,0.0106214642555478,0.008810793722296,0.0067453037117516,0.0011753128100263,0.0080414108019496,0.0079836972563763,0.007637623728003,0.0113623448426832,0.0128084557049914,0.0079867094752496,multiblimp/results/HPLT/hplt2c_fra_checkpoints/checkpoint_0034000/all.csv
HPLT/hplt2c_fra_checkpoints,checkpoint_0035000,0.9155844155844156,0.7434577434577434,0.866194411648957,0.9956828885400314,0.5414926931106472,0.7392464154718239,0.7791994750656168,0.6601607347876005,0.751440329218107,0.8363794604003482,0.0100187871264381,0.009045580919437,0.0067537111484495,0.0012988453404659,0.0080492734344895,0.0080171779703852,0.0075130606560149,0.0113484761044048,0.0123986512223669,0.0077169480674941,multiblimp/results/HPLT/hplt2c_fra_checkpoints/checkpoint_0035000/all.csv
HPLT/hplt2c_fra_checkpoints,checkpoint_0036000,0.912987012987013,0.7640497640497641,0.8693427784336876,0.9952904238618524,0.5427974947807933,0.7419139713237746,0.7769028871391076,0.661308840413318,0.7300411522633745,0.8302872062663186,0.0101573162873429,0.0087942720063902,0.0066859003938658,0.0013563323245813,0.0080474904094059,0.0079904417407627,0.0075408944390973,0.0113391374403027,0.0127360370817458,0.0078306254613598,multiblimp/results/HPLT/hplt2c_fra_checkpoints/checkpoint_0036000/all.csv
HPLT/hplt2c_fra_checkpoints,checkpoint_0037000,0.9,0.7357357357357357,0.8591105863833136,0.9948979591836736,0.558455114822547,0.742914304768256,0.7739501312335958,0.6475315729047072,0.751440329218107,0.8302872062663186,0.0108112495523467,0.009132906426371,0.0069017843214011,0.0014114370795216,0.008021744319584,0.007980315908136,0.0075761948807061,0.0114463365056615,0.0123986512223669,0.0078306254613598,multiblimp/results/HPLT/hplt2c_fra_checkpoints/checkpoint_0037000/all.csv
HPLT/hplt2c_fra_checkpoints,checkpoint_0038000,0.9194805194805196,0.7546117546117546,0.8642266824085005,0.9960753532182104,0.5451461377870563,0.7439146382127376,0.7808398950131233,0.6526980482204363,0.7390946502057614,0.8472584856396866,0.0098056499600037,0.0089128690096194,0.0067954577689461,0.0012386444851877,0.00804414078711,0.0079701353464666,0.0074929746923696,0.011407374346335,0.0125980515915633,0.0075043226345434,multiblimp/results/HPLT/hplt2c_fra_checkpoints/checkpoint_0038000/all.csv
HPLT/hplt2c_fra_checkpoints,checkpoint_0039000,0.9064935064935064,0.7752037752037753,0.8650137741046832,0.9956828885400314,0.5373173277661796,0.760920306768923,0.7926509186351706,0.6578645235361653,0.7432098765432099,0.8311575282854656,0.0104919900913087,0.008646320095022,0.0067788169465437,0.0012988453404659,0.0080546058001054,0.0077884798245782,0.0073431865285475,0.0113669307107178,0.0125330495092579,0.0078146136189746,multiblimp/results/HPLT/hplt2c_fra_checkpoints/checkpoint_0039000/all.csv
HPLT/hplt2c_fra_checkpoints,checkpoint_0040000,0.9077922077922078,0.7558987558987559,0.8602912239275876,0.9956828885400314,0.5532359081419624,0.7472490830276759,0.7893700787401575,0.6549942594718714,0.7341563786008231,0.8376849434290687,0.0104263349927844,0.0088970427010502,0.0068775262672257,0.0012988453404659,0.0080312206894796,0.0079358021627293,0.0073857207218172,0.0113895832202238,0.0126741625111277,0.0076920968953912,multiblimp/results/HPLT/hplt2c_fra_checkpoints/checkpoint_0040000/all.csv
HPLT/hplt2c_fra_checkpoints,checkpoint_0041000,0.9168831168831169,0.7696267696267697,0.8736717827626919,0.9941130298273156,0.541231732776618,0.7599199733244415,0.7916666666666666,0.6584385763490241,0.7374485596707819,0.8459530026109661,0.00994846897167,0.0087213748257112,0.0065905552604516,0.0015155284340478,0.0080496233688952,0.0077996248117933,0.0073560230190867,0.0113623448426832,0.012623649551219,0.0075305158123827,multiblimp/results/HPLT/hplt2c_fra_checkpoints/checkpoint_0041000/all.csv
HPLT/hplt2c_fra_checkpoints,checkpoint_0042000,0.9207792207792208,0.7619047619047619,0.8728846910665092,0.9964678178963892,0.5427974947807933,0.7565855285095031,0.7887139107611548,0.6624569460390356,0.7473251028806585,0.8411662315056571,0.0097331170752519,0.008821746259948,0.0066080760806527,0.0011753128100263,0.0080474904094059,0.007836352786522,0.0073941408876357,0.0113297242912816,0.0124665905287525,0.0076249556628204,multiblimp/results/HPLT/hplt2c_fra_checkpoints/checkpoint_0042000/all.csv
HPLT/hplt2c_fra_checkpoints,checkpoint_0043000,0.9168831168831169,0.7846417846417847,0.875245966155057,0.9952904238618524,0.5383611691022965,0.77459153051017,0.7887139107611548,0.648105625717566,0.7555555555555555,0.8463881636205396,0.00994846897167,0.0085142284938275,0.0065552615589614,0.0013563323245813,0.0080533260012842,0.0076301531353997,0.0073941408876357,0.0114420800606413,0.0123292071184026,0.0075218058432416,multiblimp/results/HPLT/hplt2c_fra_checkpoints/checkpoint_0043000/all.csv
HPLT/hplt2c_fra_checkpoints,checkpoint_0044000,0.9155844155844156,0.7571857571857572,0.8776072412436049,0.9941130298273156,0.5548016701461378,0.7635878626208736,0.7982283464566929,0.6446613088404133,0.7251028806584362,0.8420365535248042,0.0100187871264381,0.0088811081795641,0.0065016805674274,0.0015155284340478,0.0080284719229006,0.0077584713390477,0.0072691924752361,0.0114673475874542,0.0128084557049914,0.0076079694614759,multiblimp/results/HPLT/hplt2c_fra_checkpoints/checkpoint_0044000/all.csv
HPLT/hplt2c_fra_checkpoints,checkpoint_0045000,0.9051948051948052,0.7653367653367653,0.8728846910665092,0.9941130298273156,0.548277661795407,0.7632544181393798,0.8041338582677166,0.6601607347876005,0.7670781893004115,0.8485639686684073,0.0105570294082265,0.008777638239244,0.0066080760806527,0.0015155284340478,0.0080393939287771,0.0077622454608764,0.0071884685529129,0.0113484761044048,0.0121265359062854,0.0074779385346842,multiblimp/results/HPLT/hplt2c_fra_checkpoints/checkpoint_0045000/all.csv
HPLT/hplt2c_fra_checkpoints,checkpoint_0046000,0.9155844155844156,0.782925782925783,0.8870523415977961,0.9933281004709577,0.5534968684759917,0.7739246415471824,0.806758530183727,0.6716417910447762,0.7555555555555555,0.845082680591819,0.0100187871264381,0.0085387300280289,0.0062792952897876,0.0016127661434091,0.0080307681593638,0.0076381418325816,0.0071517852918508,0.0112517148984292,0.0123292071184026,0.0075478728453075,multiblimp/results/HPLT/hplt2c_fra_checkpoints/checkpoint_0046000/all.csv
HPLT/hplt2c_fra_checkpoints,checkpoint_0047000,0.9116883116883115,0.7824967824967825,0.8862652499016135,0.9933281004709577,0.5532359081419624,0.7782594198066022,0.8152887139107612,0.6601607347876005,0.7604938271604939,0.8533507397737162,0.0102255558397948,0.0085448213342379,0.0062983402272065,0.0016127661434091,0.0080312206894796,0.0075857154874221,0.0070290227663617,0.0113484761044048,0.0122438517706693,0.0073795301379671,multiblimp/results/HPLT/hplt2c_fra_checkpoints/checkpoint_0047000/all.csv
HPLT/hplt2c_fra_checkpoints,checkpoint_0047684,,,,,,,,,,,,,,,,,,,,,multiblimp/results/HPLT/hplt2c_fra_checkpoints/checkpoint_0047684/all.csv
HPLT/hplt2c_fra_checkpoints,main,0.922077922077922,0.788073788073788,0.8902007083825265,0.9941130298273156,0.5501043841336117,0.7772590863621207,0.8133202099737533,0.6590126291618829,0.7580246913580246,0.8533507397737162,0.0096598128355926,0.0084645649613495,0.0062021377018823,0.0015155284340478,0.0080364765797555,0.0075979191757885,0.0070578423373338,0.011357740467319,0.012286807761949,0.0073795301379671,multiblimp/results/HPLT/hplt2c_fra_checkpoints/main/all.csv
HPLT/hplt2c_ita_checkpoints,checkpoint_0001000,0.6688311688311688,0.5546975546975547,0.6953955135773318,0.6416797488226059,0.5388830897703549,0.8099366455485162,0.6272965879265092,0.6980482204362801,0.6329218106995885,0.6779808529155787,0.0169604596096409,0.0102940086515628,0.0091302308307709,0.0094993771747741,0.0080526727841868,0.0071645098913118,0.0087581154473099,0.0109998669854712,0.0138282168803796,0.0097470804357774,multiblimp/results/HPLT/hplt2c_ita_checkpoints/checkpoint_0001000/all.csv
HPLT/hplt2c_ita_checkpoints,checkpoint_0002000,0.7051948051948052,0.595023595023595,0.7186147186147186,0.6974097331240189,0.5375782881002088,0.940646882294098,0.6332020997375328,0.6808266360505166,0.6641975308641975,0.7040905134899913,0.0164314827654571,0.0101674212515881,0.0089206481448097,0.0091006364879083,0.008054289179157,0.0043146626534142,0.0087292536319908,0.0111688257226169,0.0135488499157525,0.0095217917417692,multiblimp/results/HPLT/hplt2c_ita_checkpoints/checkpoint_0002000/all.csv
HPLT/hplt2c_ita_checkpoints,checkpoint_0003000,0.7467532467532467,0.5795795795795796,0.7359307359307359,0.7189952904238619,0.552713987473904,0.9596532177392464,0.6433727034120735,0.6894374282433984,0.6831275720164609,0.7541340295909487,0.0156716650263159,0.0102241521097725,0.0087453071205361,0.008904716765839,0.0080321190355732,0.0035931337312512,0.0086762313700242,0.0110865880428556,0.0133476556523406,0.0089825257061065,multiblimp/results/HPLT/hplt2c_ita_checkpoints/checkpoint_0003000/all.csv
HPLT/hplt2c_ita_checkpoints,checkpoint_0004000,0.7727272727272727,0.5834405834405835,0.7497048406139315,0.7480376766091051,0.5425365344467641,0.9633211070356784,0.6499343832020997,0.6848450057405281,0.6411522633744856,0.7306353350739774,0.0151022418010224,0.0102109384622237,0.0085934795983483,0.0086006213263186,0.0080478514624789,0.0034324594463777,0.0086397664635805,0.0111309996232835,0.013760922741104,0.0092543439383838,multiblimp/results/HPLT/hplt2c_ita_checkpoints/checkpoint_0004000/all.csv
HPLT/hplt2c_ita_checkpoints,checkpoint_0005000,0.8116883116883117,0.6211926211926212,0.7796143250688705,0.7605965463108321,0.5477557411273486,0.9709903301100368,0.6827427821522309,0.6871412169919633,0.660082304526749,0.7432550043516101,0.0140892515150983,0.0100473428569432,0.008222980373589,0.0084536189581356,0.0080402073697371,0.0030647186626355,0.0084299856073218,0.0111089522577807,0.0135893221146957,0.0091126544550715,multiblimp/results/HPLT/hplt2c_ita_checkpoints/checkpoint_0005000/all.csv
HPLT/hplt2c_ita_checkpoints,checkpoint_0006000,0.8363636363636363,0.6495066495066495,0.8079496261314443,0.7900313971742543,0.558455114822547,0.9699899966655552,0.6843832020997376,0.6854190585533869,0.6592592592592592,0.7497824194952132,0.0133319021807146,0.0098823573833954,0.0078144314916557,0.0080686270702957,0.008021744319584,0.0031155047426333,0.0084182582390507,0.0111255173830639,0.0135972790893583,0.0090354861501761,multiblimp/results/HPLT/hplt2c_ita_checkpoints/checkpoint_0006000/all.csv
HPLT/hplt2c_ita_checkpoints,checkpoint_0007000,0.8350649350649351,0.5598455598455598,0.8276269185360094,0.8112244897959183,0.5448851774530271,0.9729909969989996,0.7060367454068242,0.6842709529276694,0.6518518518518519,0.7628372497824195,0.013374306113324,0.0102817141596326,0.0074928958154993,0.0077525333113651,0.0080445218728063,0.0029601959123078,0.0082518760203386,0.0111364621780598,0.0136668477882958,0.0088728711055991,multiblimp/results/HPLT/hplt2c_ita_checkpoints/checkpoint_0007000/all.csv
HPLT/hplt2c_ita_checkpoints,checkpoint_0008000,0.8415584415584415,0.6216216216216216,0.8284140102321921,0.7994505494505495,0.545929018789144,0.971990663554518,0.7109580052493438,0.6636050516647531,0.642798353909465,0.7610966057441253,0.0131592558408875,0.0100451187459149,0.007479323141103,0.0079324406070889,0.0080429841643199,0.0030129659518594,0.0082109794625242,0.0113202364715317,0.0137469377097474,0.0088952066200437,multiblimp/results/HPLT/hplt2c_ita_checkpoints/checkpoint_0008000/all.csv
HPLT/hplt2c_ita_checkpoints,checkpoint_0009000,0.8441558441558441,0.5855855855855856,0.8402203856749312,0.814756671899529,0.537839248434238,0.9749916638879628,0.7135826771653543,0.6699196326061998,0.6773662551440329,0.7550043516100957,0.013071072201044,0.0102033193247282,0.0072686701121466,0.0076963629174102,0.0080539703392134,0.002851376836244,0.0081886877034171,0.0112667102190034,0.0134115364483836,0.0089717858855187,multiblimp/results/HPLT/hplt2c_ita_checkpoints/checkpoint_0009000/all.csv
HPLT/hplt2c_ita_checkpoints,checkpoint_0010000,0.8415584415584415,0.667953667953668,0.8433687524596616,0.8375196232339089,0.5315762004175365,0.974324774924975,0.7221128608923885,0.6745120551090701,0.6683127572016461,0.7510879025239339,0.0131592558408875,0.0097544183175752,0.007210171982787,0.007307995017932,0.0080610105649078,0.0028881568137338,0.0081138931156094,0.0112263411801237,0.0135072245799967,0.0090197265971749,multiblimp/results/HPLT/hplt2c_ita_checkpoints/checkpoint_0010000/all.csv
HPLT/hplt2c_ita_checkpoints,checkpoint_0011000,0.8532467532467533,0.6705276705276705,0.8516332152695789,0.8465463108320251,0.5490605427974948,0.9796598866288764,0.756233595800525,0.6848450057405281,0.6699588477366255,0.7663185378590078,0.0127522206530953,0.0097352405878139,0.0070516752852553,0.0071402647616766,0.0080381570313376,0.0025776628629444,0.0077769163520782,0.0111309996232835,0.0134902491862771,0.0088275824849974,multiblimp/results/HPLT/hplt2c_ita_checkpoints/checkpoint_0011000/all.csv
HPLT/hplt2c_ita_checkpoints,checkpoint_0012000,0.8883116883116883,0.6658086658086658,0.8669815033451397,0.8606750392464678,0.5300104384133612,0.9773257752584196,0.7559055118110236,0.6894374282433984,0.6872427983539094,0.7841601392515231,0.0113511846581553,0.0097701487755738,0.0067368767353573,0.0068601617686163,0.0080625712857336,0.0027183017638731,0.0077804597641768,0.0110865880428556,0.0133005812077776,0.0085820925766475,multiblimp/results/HPLT/hplt2c_ita_checkpoints/checkpoint_0012000/all.csv
HPLT/hplt2c_ita_checkpoints,checkpoint_0013000,0.8727272727272727,0.6670956670956671,0.8669815033451397,0.8673469387755102,0.5576722338204593,0.9773257752584196,0.7496719160104987,0.6745120551090701,0.6897119341563785,0.7863359442993908,0.0120105138013784,0.0097607378097273,0.0067368767353573,0.0067197845898636,0.0080232229714252,0.0027183017638731,0.0078466255338784,0.0112263411801237,0.0132717522989733,0.0085505644692301,multiblimp/results/HPLT/hplt2c_ita_checkpoints/checkpoint_0013000/all.csv
HPLT/hplt2c_ita_checkpoints,checkpoint_0014000,0.8636363636363636,0.6443586443586443,0.8681621408894136,0.8626373626373627,0.543580375782881,0.9789929976658888,0.7732939632545932,0.6710677382319173,0.6847736625514403,0.7867711053089643,0.0123671430543352,0.0099151393284073,0.0067114778311171,0.0068194402838283,0.0080463939012353,0.0026186870570923,0.0075839658885454,0.0112567323633259,0.0133289713120136,0.0085442159538639,multiblimp/results/HPLT/hplt2c_ita_checkpoints/checkpoint_0014000/all.csv
HPLT/hplt2c_ita_checkpoints,checkpoint_0015000,0.8935064935064935,0.6692406692406693,0.8642266824085005,0.8634222919937206,0.5576722338204593,0.9789929976658888,0.7568897637795275,0.6745120551090701,0.6757201646090535,0.7963446475195822,0.0111164228321033,0.0097448706298681,0.0067954577689461,0.0068030212399622,0.0080232229714252,0.0026186870570923,0.0077698110446597,0.0112263411801237,0.0134293586543855,0.0084008539571339,multiblimp/results/HPLT/hplt2c_ita_checkpoints/checkpoint_0015000/all.csv
HPLT/hplt2c_ita_checkpoints,checkpoint_0016000,0.8896103896103896,0.6683826683826684,0.8697363242817788,0.8787284144427001,0.5480167014613778,0.9806602200733576,0.7782152230971129,0.6894374282433984,0.6847736625514403,0.8133159268929504,0.0112932426817837,0.0097512448905138,0.0066773345532604,0.006467063882815,0.0080398017647634,0.0025147615436758,0.0075250301844735,0.0110865880428556,0.0133289713120136,0.0081284597629575,multiblimp/results/HPLT/hplt2c_ita_checkpoints/checkpoint_0016000/all.csv
HPLT/hplt2c_ita_checkpoints,checkpoint_0017000,0.8896103896103896,0.6349206349206349,0.8642266824085005,0.880298273155416,0.5521920668058455,0.9796598866288764,0.7837926509186351,0.6842709529276694,0.6699588477366255,0.7802436901653612,0.0112932426817837,0.0099719990270615,0.0067954577689461,0.0064308061877264,0.0080330084319825,0.0025776628629444,0.0074563852413647,0.0111364621780598,0.0134902491862771,0.0086379522170555,multiblimp/results/HPLT/hplt2c_ita_checkpoints/checkpoint_0017000/all.csv
HPLT/hplt2c_ita_checkpoints,checkpoint_0018000,0.8987012987012987,0.6791076791076791,0.8693427784336876,0.8916797488226059,0.5404488517745303,0.9829943314438148,0.7798556430446194,0.6710677382319173,0.691358024691358,0.7959094865100087,0.0108733723614872,0.0096689173096619,0.0066859003938658,0.0061568641213985,0.0080506598361255,0.0023609355355978,0.0075050468377467,0.0112567323633259,0.0132522878337351,0.00840752635886,multiblimp/results/HPLT/hplt2c_ita_checkpoints/checkpoint_0018000/all.csv
HPLT/hplt2c_ita_checkpoints,checkpoint_0019000,0.887012987012987,0.6992706992706993,0.8717040535222353,0.869701726844584,0.5461899791231732,0.9813271090363456,0.776246719160105,0.6561423650975889,0.6995884773662552,0.7972149695387293,0.0114086403735545,0.0094981582448298,0.0066342016461481,0.0066689088933173,0.0080425941670882,0.0024718632793087,0.0075487859949659,0.0113805774941226,0.0131519902483186,0.0083874637556035,multiblimp/results/HPLT/hplt2c_ita_checkpoints/checkpoint_0019000/all.csv
HPLT/hplt2c_ita_checkpoints,checkpoint_0020000,0.8883116883116883,0.6996996996996997,0.8968909878000787,0.8861852433281004,0.543580375782881,0.9796598866288764,0.7677165354330708,0.6601607347876005,0.6979423868312757,0.8072236727589208,0.0113511846581553,0.0094942921266294,0.0060327567003305,0.0062916105535686,0.0080463939012353,0.0025776628629444,0.0076489551345804,0.0113484761044048,0.0131724494722586,0.0082290326139685,multiblimp/results/HPLT/hplt2c_ita_checkpoints/checkpoint_0020000/all.csv
HPLT/hplt2c_ita_checkpoints,checkpoint_0021000,0.9,0.6941226941226941,0.8783943329397875,0.8889324960753532,0.5274008350730689,0.9813271090363456,0.7778871391076115,0.6595866819747417,0.6938271604938272,0.8128807658833769,0.0108112495523467,0.0095437842569709,0.0064836466337555,0.0062248398911589,0.0080649955353168,0.0024718632793087,0.007529006417671,0.0113531175621079,0.0132227211812142,0.0081357506058157,multiblimp/results/HPLT/hplt2c_ita_checkpoints/checkpoint_0021000/all.csv
HPLT/hplt2c_ita_checkpoints,checkpoint_0022000,0.9051948051948052,0.6735306735306735,0.8850846123573396,0.881083202511774,0.5289665970772442,0.9823274424808268,0.7834645669291339,0.6670493685419059,0.6979423868312757,0.8063533507397738,0.0105570294082265,0.0097124488428117,0.0063267278875983,0.0064125439019851,0.0080635675201375,0.0024059666737467,0.007460478531998,0.0112913230981824,0.0131724494722586,0.0082431400519342,multiblimp/results/HPLT/hplt2c_ita_checkpoints/checkpoint_0022000/all.csv
HPLT/hplt2c_ita_checkpoints,checkpoint_0023000,0.9051948051948052,0.6872586872586872,0.8807556080283353,0.9010989010989012,0.5365344467640919,0.9823274424808268,0.797244094488189,0.6486796785304249,0.7004115226337448,0.8150565709312445,0.0105570294082265,0.0096024401670959,0.0064290137968607,0.0059140783905257,0.0080555423515859,0.0024059666737467,0.0072824067177223,0.0114378054925126,0.0131416850550807,0.0080991290163683,multiblimp/results/HPLT/hplt2c_ita_checkpoints/checkpoint_0023000/all.csv
HPLT/hplt2c_ita_checkpoints,checkpoint_0024000,0.9064935064935064,0.6786786786786787,0.8827233372687918,0.8940345368916798,0.5487995824634656,0.9769923307769256,0.7890419947506562,0.6521239954075775,0.6897119341563785,0.8154917319408181,0.0104919900913087,0.0096723218221815,0.0063828666492938,0.006097609477564,0.0080385715624066,0.0027377491759074,0.0073899343933563,0.0114117763519543,0.0132717522989733,0.0080917542584207,multiblimp/results/HPLT/hplt2c_ita_checkpoints/checkpoint_0024000/all.csv
HPLT/hplt2c_ita_checkpoints,checkpoint_0025000,0.8974025974025974,0.6507936507936508,0.8961038961038961,0.8944270015698587,0.5399269311064718,0.9813271090363456,0.7949475065616798,0.6452353616532721,0.6987654320987654,0.8198433420365535,0.0109349419429494,0.009873964979624,0.0060530809394253,0.0060876428750527,0.0080513397038136,0.0024718632793087,0.0073129780812165,0.0114631814571297,0.0131622450147872,0.0080170682954229,multiblimp/results/HPLT/hplt2c_ita_checkpoints/checkpoint_0025000/all.csv
HPLT/hplt2c_ita_checkpoints,checkpoint_0026000,0.9168831168831169,0.6696696696696697,0.8929555293191657,0.8920722135007849,0.5571503131524008,0.9789929976658888,0.7906824146981627,0.648105625717566,0.7094650205761317,0.81940818102698,0.00994846897167,0.0097416697783509,0.0061333069820935,0.0061470525987439,0.0080241975142729,0.0026186870570923,0.0073687940165013,0.0114420800606413,0.0130249651123136,0.0080246143823105,multiblimp/results/HPLT/hplt2c_ita_checkpoints/checkpoint_0026000/all.csv
HPLT/hplt2c_ita_checkpoints,checkpoint_0027000,0.9051948051948052,0.691977691977692,0.8874458874458875,0.8967817896389325,0.5396659707724426,0.9819939979993332,0.7801837270341208,0.6544202066590127,0.7135802469135802,0.8255004351610096,0.0105570294082265,0.0095623799422519,0.0062697365447459,0.0060272865737642,0.0080516763053651,0.0024281461918198,0.0075010296560324,0.0113940585100942,0.0129698440401807,0.0079173677041079,multiblimp/results/HPLT/hplt2c_ita_checkpoints/checkpoint_0027000/all.csv
HPLT/hplt2c_ita_checkpoints,checkpoint_0028000,0.9025974025974026,0.6726726726726727,0.892168437622983,0.881083202511774,0.5485386221294363,0.9779926642214072,0.7979002624671916,0.6498277841561424,0.68559670781893,0.8246301131418625,0.0106853055685496,0.0097190068422228,0.0061531010004247,0.0064125439019851,0.0080389838614386,0.0026789419354423,0.007273604745342,0.0114292019055059,0.0133195565259031,0.0079329020818465,multiblimp/results/HPLT/hplt2c_ita_checkpoints/checkpoint_0028000/all.csv
HPLT/hplt2c_ita_checkpoints,checkpoint_0029000,0.903896103896104,0.6954096954096954,0.8909878000787091,0.8936420722135008,0.5487995824634656,0.97999333111037,0.7946194225721784,0.6618828932261768,0.7193415637860082,0.8137510879025239,0.0106214642555478,0.0095325100431082,0.0061825992691416,0.0061075499184262,0.0080385715624066,0.0025568821988344,0.0073173156876311,0.0113344401879712,0.012890462177155,0.0081211522278178,multiblimp/results/HPLT/hplt2c_ita_checkpoints/checkpoint_0029000/all.csv
HPLT/hplt2c_ita_checkpoints,checkpoint_0030000,0.9090909090909092,0.7022737022737022,0.8917748917748918,0.901883830455259,0.5581941544885177,0.9813271090363456,0.7979002624671916,0.669345579793341,0.7061728395061728,0.8089643167972149,0.0103600524054216,0.0094708872117023,0.0061629593344972,0.0058931280929587,0.0080222394490902,0.0024718632793087,0.007273604745342,0.0112716706603071,0.0130681266584812,0.0082006243512448,multiblimp/results/HPLT/hplt2c_ita_checkpoints/checkpoint_0030000/all.csv
HPLT/hplt2c_ita_checkpoints,checkpoint_0031000,0.9103896103896104,0.6658086658086658,0.8890200708382526,0.8983516483516484,0.5514091858037579,0.980326775591864,0.7998687664041995,0.6463834672789897,0.6938271604938272,0.8054830287206266,0.0102931302070887,0.0097701487755738,0.0062312571221791,0.0059865090431858,0.0080343257524317,0.0025359166339279,0.0072470177352386,0.0114547951071018,0.0132227211812142,0.0082571834686754,multiblimp/results/HPLT/hplt2c_ita_checkpoints/checkpoint_0031000/all.csv
HPLT/hplt2c_ita_checkpoints,checkpoint_0032000,0.9051948051948052,0.6941226941226941,0.8890200708382526,0.902276295133438,0.5495824634655533,0.9796598866288764,0.7992125984251969,0.6572904707233066,0.697119341563786,0.8002610966057441,0.0105570294082265,0.0095437842569709,0.0062312571221791,0.0058826095504565,0.0080373212717052,0.0025776628629444,0.0072559103645049,0.0113714980938138,0.0131826037375631,0.0083401175308675,multiblimp/results/HPLT/hplt2c_ita_checkpoints/checkpoint_0032000/all.csv
HPLT/hplt2c_ita_checkpoints,checkpoint_0033000,0.9142857142857144,0.6988416988416989,0.88823297914207,0.903061224489796,0.545929018789144,0.97999333111037,0.8041338582677166,0.6389207807118255,0.7226337448559671,0.8159268929503917,0.0100883980514828,0.0095020144808471,0.0062505459472367,0.0058614848993065,0.0080429841643199,0.0025568821988344,0.0071884685529129,0.0115080218785948,0.0128439259042904,0.0080843625800022,multiblimp/results/HPLT/hplt2c_ita_checkpoints/checkpoint_0033000/all.csv
HPLT/hplt2c_ita_checkpoints,checkpoint_0034000,0.8974025974025974,0.6808236808236808,0.8909878000787091,0.8995290423861853,0.5626304801670147,0.9813271090363456,0.7883858267716536,0.653272101033295,0.6864197530864198,0.8215839860748477,0.0109349419429494,0.0096552054820957,0.0061825992691416,0.0059556361011812,0.008013516487232,0.0024718632793087,0.007398340216898,0.0114029540516902,0.0133100931923658,0.0079867094752496,multiblimp/results/HPLT/hplt2c_ita_checkpoints/checkpoint_0034000/all.csv
HPLT/hplt2c_ita_checkpoints,checkpoint_0035000,0.8948051948051948,0.6966966966966966,0.8898071625344353,0.8885400313971743,0.5477557411273486,0.9823274424808268,0.800524934383202,0.6590126291618829,0.7168724279835391,0.8285465622280244,0.0110564583086515,0.0095211478473684,0.0062118691545374,0.0062344514286441,0.0080402073697371,0.0024059666737467,0.0072380946646657,0.011357740467319,0.0129248014998734,0.0078624255555853,multiblimp/results/HPLT/hplt2c_ita_checkpoints/checkpoint_0035000/all.csv
HPLT/hplt2c_ita_checkpoints,checkpoint_0036000,0.912987012987013,0.6885456885456885,0.8992522628886265,0.9042386185243328,0.5589770354906054,0.9769923307769256,0.7979002624671916,0.6659012629161883,0.6962962962962963,0.814621409921671,0.0101573162873429,0.0095916300235305,0.0059711239612826,0.0058295766240773,0.0080207473218149,0.0027377491759074,0.007273604745342,0.0113010360660844,0.0131927079265974,0.0081064869000245,multiblimp/results/HPLT/hplt2c_ita_checkpoints/checkpoint_0036000/all.csv
HPLT/hplt2c_ita_checkpoints,checkpoint_0037000,0.9012987012987012,0.7074217074217074,0.8945297127115309,0.8928571428571429,0.5709812108559499,0.9786595531843948,0.7998687664041995,0.6659012629161883,0.6954732510288066,0.8276762402088773,0.0107485639231647,0.0094229981286433,0.0060934060200781,0.0061273528241742,0.0079953285503951,0.002638938937277,0.0072470177352386,0.0113010360660844,0.0132027621543331,0.00787821470994,multiblimp/results/HPLT/hplt2c_ita_checkpoints/checkpoint_0037000/all.csv
HPLT/hplt2c_ita_checkpoints,checkpoint_0038000,0.8766233766233766,0.6731016731016731,0.8902007083825265,0.8826530612244898,0.5521920668058455,0.9826608869623208,0.803477690288714,0.6331802525832376,0.7045267489711934,0.8128807658833769,0.0118516168101248,0.0097157324590341,0.0062021377018823,0.0063757486319912,0.0080330084319825,0.0023835652274089,0.0071975610912137,0.0115469147454566,0.0130893984983882,0.0081357506058157,multiblimp/results/HPLT/hplt2c_ita_checkpoints/checkpoint_0038000/all.csv
HPLT/hplt2c_ita_checkpoints,checkpoint_0039000,0.8987012987012987,0.6782496782496783,0.9043683589138136,0.8999215070643642,0.5576722338204593,0.9816605535178392,0.8074146981627297,0.6572904707233066,0.6880658436213992,0.8289817232375979,0.0108733723614872,0.0096757169767912,0.0058340634942818,0.0059452891588093,0.0080232229714252,0.0024501098086251,0.0071425355965881,0.0113714980938138,0.0132910204676843,0.0078545033391549,multiblimp/results/HPLT/hplt2c_ita_checkpoints/checkpoint_0039000/all.csv
HPLT/hplt2c_ita_checkpoints,checkpoint_0040000,0.9,0.6881166881166881,0.9016135379771744,0.8983516483516484,0.5686325678496869,0.9816605535178392,0.8041338582677166,0.6526980482204363,0.6888888888888889,0.8328981723237598,0.0108112495523467,0.0095952429863656,0.0059084770281678,0.0059865090431858,0.0080006779891196,0.0024501098086251,0.0071884685529129,0.011407374346335,0.0132814108667946,0.0077823640435257,multiblimp/results/HPLT/hplt2c_ita_checkpoints/checkpoint_0040000/all.csv
HPLT/hplt2c_ita_checkpoints,checkpoint_0041000,0.9155844155844156,0.7048477048477049,0.898465171192444,0.9073783359497644,0.5425365344467641,0.97999333111037,0.8205380577427821,0.6670493685419059,0.7004115226337448,0.8333333333333334,0.0100187871264381,0.009447123450677,0.005991779339751,0.0057431582187904,0.0080478514624789,0.0025568821988344,0.0069506923298569,0.0112913230981824,0.0131416850550807,0.0077742542476713,multiblimp/results/HPLT/hplt2c_ita_checkpoints/checkpoint_0041000/all.csv
HPLT/hplt2c_ita_checkpoints,checkpoint_0042000,0.9142857142857144,0.694980694980695,0.8949232585596222,0.9046310832025116,0.5587160751565762,0.980326775591864,0.812007874015748,0.6561423650975889,0.6814814814814815,0.8276762402088773,0.0100883980514828,0.0095362778747,0.0060833648389791,0.0058188808726448,0.0080212469439649,0.0025359166339279,0.0070768903819224,0.0113805774941226,0.0133661470259907,0.00787821470994,multiblimp/results/HPLT/hplt2c_ita_checkpoints/checkpoint_0042000/all.csv
HPLT/hplt2c_ita_checkpoints,checkpoint_0043000,0.9,0.7267267267267268,0.8941361668634396,0.9073783359497644,0.5662839248434238,0.9819939979993332,0.8202099737532809,0.6607347876004592,0.6781893004115226,0.8294168842471714,0.0108112495523467,0.0092302403274614,0.0061034206952715,0.0057431582187904,0.008005844050648,0.0024281461918198,0.0069556519039152,0.0113438160714369,0.0134025540597364,0.0078465626221836,multiblimp/results/HPLT/hplt2c_ita_checkpoints/checkpoint_0043000/all.csv
HPLT/hplt2c_ita_checkpoints,checkpoint_0044000,0.9025974025974026,0.7288717288717289,0.9047619047619048,0.9093406593406592,0.5707202505219207,0.9816605535178392,0.8261154855643045,0.6469575200918485,0.702880658436214,0.8307223672758921,0.0106853055685496,0.0092075019243751,0.0058233134990004,0.0056881346872927,0.0079959319994743,0.0024501098086251,0.006865044451895,0.0114505748477835,0.0131104657227372,0.007822628903974,multiblimp/results/HPLT/hplt2c_ita_checkpoints/checkpoint_0044000/all.csv
HPLT/hplt2c_ita_checkpoints,checkpoint_0045000,0.9064935064935064,0.7301587301587301,0.9035812672176308,0.9164050235478808,0.5816805845511482,0.9819939979993332,0.8231627296587927,0.6595866819747417,0.6897119341563785,0.8389904264577894,0.0104919900913087,0.0091937288358074,0.0058554730500877,0.0054832002725811,0.0079686278478481,0.0024281461918198,0.00691070364402,0.0113531175621079,0.0132717522989733,0.0076670684451226,multiblimp/results/HPLT/hplt2c_ita_checkpoints/checkpoint_0045000/all.csv
HPLT/hplt2c_ita_checkpoints,checkpoint_0046000,0.9090909090909092,0.725010725010725,0.90633608815427,0.913657770800628,0.576722338204593,0.9816605535178392,0.8369422572178478,0.6423650975889782,0.6995884773662552,0.84029590948651,0.0103600524054216,0.0092482371302439,0.0057800081386138,0.0055642123122955,0.0079814778211758,0.0024501098086251,0.0066913073654435,0.0114838322676933,0.0131519902483186,0.0076418609748362,multiblimp/results/HPLT/hplt2c_ita_checkpoints/checkpoint_0046000/all.csv
HPLT/hplt2c_ita_checkpoints,checkpoint_0047000,0.9194805194805196,0.7258687258687259,0.911452184179457,0.9148351648351648,0.569937369519833,0.9826608869623208,0.8375984251968503,0.653272101033295,0.7020576131687243,0.8350739773716275,0.0098056499600037,0.0092392602017295,0.0056357736087609,0.0055297037918128,0.0079977287411408,0.0023835652274089,0.0066804476159371,0.0114029540516902,0.0131209229124529,0.0077416236686586,multiblimp/results/HPLT/hplt2c_ita_checkpoints/checkpoint_0047000/all.csv
HPLT/hplt2c_ita_checkpoints,checkpoint_0047684,,,,,,,,,,,,,,,,,,,,,multiblimp/results/HPLT/hplt2c_ita_checkpoints/checkpoint_0047684/all.csv
HPLT/hplt2c_ita_checkpoints,main,0.9181818181818182,0.7314457314457314,0.9098780007870916,0.9160125588697016,0.5691544885177453,0.9833277759253084,0.8349737532808399,0.6572904707233066,0.7069958847736626,0.8411662315056571,0.0098774284827257,0.0091798576762648,0.0056807366752789,0.0054948795510445,0.0079995050851258,0.0023380709709045,0.0067236553215875,0.0113714980938138,0.0130574136955636,0.0076249556628204,multiblimp/results/HPLT/hplt2c_ita_checkpoints/main/all.csv
HPLT/hplt2c_nld_checkpoints,checkpoint_0001000,0.6506493506493507,0.8434148434148434,0.6831955922865014,0.631083202511774,0.5370563674321504,0.547515838612871,0.6131889763779528,0.6802525832376579,0.674074074074074,0.674934725848564,0.0171814144961792,0.0075270496145413,0.009229237096405,0.0095588976940491,0.0080549202023201,0.0090889099706798,0.0088214323762529,0.0111741512810584,0.0134469913943558,0.0097710483720567,multiblimp/results/HPLT/hplt2c_nld_checkpoints/checkpoint_0001000/all.csv
HPLT/hplt2c_nld_checkpoints,checkpoint_0002000,0.7168831168831169,0.9583869583869584,0.6898858717040536,0.7150706436420722,0.5441022964509394,0.567189063021007,0.6299212598425197,0.6865671641791045,0.6839506172839506,0.6988685813751088,0.0162353515839149,0.004136319155539,0.0091758661374911,0.0089421790425816,0.0080456517686251,0.0090474210992029,0.0087454612570596,0.0111144937296718,0.0133383376534981,0.0095697541591062,multiblimp/results/HPLT/hplt2c_nld_checkpoints/checkpoint_0002000/all.csv
HPLT/hplt2c_nld_checkpoints,checkpoint_0003000,0.7779220779220779,0.9716859716859716,0.6804407713498623,0.7358712715855573,0.5592379958246346,0.5635211737245749,0.6171259842519685,0.6727898966704937,0.6411522633744856,0.7502175805047868,0.014978743319554,0.0034355214201045,0.0092505704225378,0.0087339164413946,0.0080202454527143,0.0090562515457686,0.0088045544132761,0.0112416227671506,0.013760922741104,0.009030245147165,multiblimp/results/HPLT/hplt2c_nld_checkpoints/checkpoint_0003000/all.csv
HPLT/hplt2c_nld_checkpoints,checkpoint_0004000,0.8155844155844156,0.9716859716859716,0.69185360094451,0.7641287284144427,0.558455114822547,0.5718572857619206,0.6207349081364829,0.6882893226176808,0.6518518518518519,0.7606614447345518,0.0139761613666188,0.0034355214201045,0.0091597436374812,0.0084104856907916,0.008021744319584,0.0090354518402584,0.0087885461795018,0.011097809875581,0.0136668477882958,0.0089007585958105,multiblimp/results/HPLT/hplt2c_nld_checkpoints/checkpoint_0004000/all.csv
HPLT/hplt2c_nld_checkpoints,checkpoint_0005000,0.8389610389610389,0.978978978978979,0.7150728059818969,0.7990580847723705,0.5388830897703549,0.5841947315771924,0.6437007874015748,0.6739380022962113,0.6823045267489712,0.7867711053089643,0.0132461910264679,0.0029712722696098,0.0089544671833235,0.0079382492645605,0.0080526727841868,0.0089998563801412,0.008674450440968,0.0112314541957336,0.0133569254097148,0.0085442159538639,multiblimp/results/HPLT/hplt2c_nld_checkpoints/checkpoint_0005000/all.csv
HPLT/hplt2c_nld_checkpoints,checkpoint_0006000,0.8428571428571429,0.978978978978979,0.6914600550964187,0.8029827315541601,0.5396659707724426,0.5835278426142048,0.645997375328084,0.6687715269804823,0.6748971193415638,0.7954743255004352,0.0131153216433139,0.0029712722696098,0.0091629837108354,0.0078796247883595,0.0080516763053651,0.0090019282049203,0.0086618595288659,0.0112766121440351,0.0134381986608233,0.0084141836759214,multiblimp/results/HPLT/hplt2c_nld_checkpoints/checkpoint_0006000/all.csv
HPLT/hplt2c_nld_checkpoints,checkpoint_0007000,0.8662337662337662,0.9836979836979836,0.7331759149940968,0.8210361067503925,0.5553235908141962,0.5838612870956985,0.6584645669291339,0.6750861079219288,0.679835390946502,0.8072236727589208,0.0122671998768456,0.0026228920417343,0.0087743363185058,0.0075938869222637,0.0080275377477207,0.00900089441161,0.0085896725252211,0.0112212089763697,0.0133844462327471,0.0082290326139685,multiblimp/results/HPLT/hplt2c_nld_checkpoints/checkpoint_0007000/all.csv
HPLT/hplt2c_nld_checkpoints,checkpoint_0008000,0.8701298701298701,0.984126984126984,0.7457693821330185,0.826138147566719,0.5414926931106472,0.5798599533177726,0.6686351706036745,0.6814006888633755,0.6823045267489712,0.825065274151436,0.0121143833819231,0.0025887145133155,0.0086380133035058,0.0075080780333064,0.0080492734344895,0.0090130206256815,0.0085259019280178,0.0111634806780652,0.0133569254097148,0.007925143898089,multiblimp/results/HPLT/hplt2c_nld_checkpoints/checkpoint_0008000/all.csv
HPLT/hplt2c_nld_checkpoints,checkpoint_0009000,0.8831168831168831,0.9824109824109823,0.7225501770956316,0.8222135007849294,0.5430584551148225,0.590863621207069,0.6587926509186351,0.669345579793341,0.654320987654321,0.824194952132289,0.0115781620387628,0.0027226778564699,0.0088822685435874,0.0075742908728163,0.0080471271317088,0.0089782034297507,0.0085876844846453,0.0112716706603071,0.0136440654058039,0.0079406423081696,multiblimp/results/HPLT/hplt2c_nld_checkpoints/checkpoint_0009000/all.csv
HPLT/hplt2c_nld_checkpoints,checkpoint_0010000,0.8688311688311688,0.9858429858429858,0.743801652892562,0.8551805337519623,0.537839248434238,0.594864954984995,0.666010498687664,0.6739380022962113,0.6790123456790124,0.8463881636205396,0.0121657155536898,0.0024469132453688,0.0086599303440782,0.0069717637632125,0.0080539703392134,0.008964392536572,0.0085427847547872,0.0112314541957336,0.0133935240200062,0.0075218058432416,multiblimp/results/HPLT/hplt2c_nld_checkpoints/checkpoint_0010000/all.csv
HPLT/hplt2c_nld_checkpoints,checkpoint_0011000,0.8896103896103896,0.9897039897039897,0.7536402990948445,0.8398744113029827,0.534446764091858,0.6018672890963654,0.672244094488189,0.6865671641791045,0.6987654320987654,0.8420365535248042,0.0112932426817837,0.0020908169289263,0.0085480008796098,0.0072650370380222,0.0080579422503463,0.0089387351155448,0.008502199266085,0.0111144937296718,0.0131622450147872,0.0076079694614759,multiblimp/results/HPLT/hplt2c_nld_checkpoints/checkpoint_0011000/all.csv
HPLT/hplt2c_nld_checkpoints,checkpoint_0012000,0.8948051948051948,0.9858429858429858,0.734750098386462,0.8449764521193093,0.5268789144050104,0.5951983994664888,0.6906167979002624,0.6859931113662457,0.6567901234567901,0.855526544821584,0.0110564583086515,0.0024469132453688,0.0087578017460816,0.007170037502534,0.008065453856956,0.0089632137826476,0.00837258282504,0.0111200154282859,0.0136208765327226,0.0073339131405182,multiblimp/results/HPLT/hplt2c_nld_checkpoints/checkpoint_0012000/all.csv
HPLT/hplt2c_nld_checkpoints,checkpoint_0013000,0.8545454545454545,0.9867009867009868,0.7134986225895317,0.7755102040816326,0.5446242171189979,0.5518506168722908,0.6322178477690289,0.700918484500574,0.6930041152263374,0.8102697998259356,0.0127053276820393,0.0023726373055961,0.0089692802528179,0.0082659419125284,0.0080449007314148,0.0090810054177086,0.0087341615320394,0.0109699454409324,0.0132326262057456,0.0081791476176357,multiblimp/results/HPLT/hplt2c_nld_checkpoints/checkpoint_0013000/all.csv
HPLT/hplt2c_nld_checkpoints,checkpoint_0014000,0.887012987012987,0.9858429858429858,0.7493112947658402,0.8540031397174255,0.5305323590814196,0.6135378459486496,0.6876640419947506,0.6704936854190585,0.6880658436213992,0.8463881636205396,0.0114086403735545,0.0024469132453688,0.0085979752497428,0.0069952264804393,0.0080620598963716,0.0088917231227967,0.0083944388412046,0.0112617307950733,0.0132910204676843,0.0075218058432416,multiblimp/results/HPLT/hplt2c_nld_checkpoints/checkpoint_0014000/all.csv
HPLT/hplt2c_nld_checkpoints,checkpoint_0015000,0.8896103896103896,0.984984984984985,0.7481306572215664,0.8677394034536892,0.532098121085595,0.6212070690230077,0.6856955380577427,0.6796785304247991,0.6732510288065844,0.8590078328981723,0.0112932426817837,0.0025188746388435,0.0086114056540362,0.0067113546076886,0.0080604726193492,0.008857902476605,0.0084087889736334,0.0111794573812377,0.0134557369476552,0.0072597395915577,multiblimp/results/HPLT/hplt2c_nld_checkpoints/checkpoint_0015000/all.csv
HPLT/hplt2c_nld_checkpoints,checkpoint_0016000,0.9064935064935064,0.9854139854139854,0.7445887445887446,0.8759811616954474,0.5600208768267223,0.6035345115038346,0.698490813648294,0.6647531572904707,0.6757201646090535,0.8698868581375109,0.0104919900913087,0.0024831705322251,0.0086511913272995,0.006529674025311,0.0080187263594802,0.0089323455621485,0.0083123370052347,0.0113106737931429,0.0134293586543855,0.0070180580261418,multiblimp/results/HPLT/hplt2c_nld_checkpoints/checkpoint_0016000/all.csv
HPLT/hplt2c_nld_checkpoints,checkpoint_0017000,0.8948051948051948,0.9871299871299872,0.7725304998032271,0.8720565149136578,0.5307933194154488,0.6042014004668222,0.6837270341207349,0.6727898966704937,0.6781893004115226,0.8651000870322019,0.0110564583086515,0.0023345626141102,0.0083160496090841,0.0066173132211049,0.0080618008829187,0.0089297593984695,0.0084229637237417,0.0112416227671506,0.0134025540597364,0.0071262983471616,multiblimp/results/HPLT/hplt2c_nld_checkpoints/checkpoint_0017000/all.csv
HPLT/hplt2c_nld_checkpoints,checkpoint_0018000,0.903896103896104,0.9888459888459888,0.7418339236521054,0.8720565149136578,0.526356993736952,0.6198732910970324,0.687007874015748,0.6733639494833524,0.6757201646090535,0.8720626631853786,0.0106214642555478,0.0021752477522949,0.0086816165378778,0.0066173132211049,0.0080659033394211,0.0088639525370296,0.0083992417608684,0.0112365480493932,0.0134293586543855,0.0069678290533002,multiblimp/results/HPLT/hplt2c_nld_checkpoints/checkpoint_0018000/all.csv
HPLT/hplt2c_nld_checkpoints,checkpoint_0019000,0.9077922077922078,0.9884169884169884,0.7583628492719402,0.8673469387755102,0.5636743215031316,0.6062020673557853,0.7178477690288714,0.6762342135476463,0.674074074074074,0.865970409051349,0.0104263349927844,0.0022162038713024,0.0084921575997487,0.0067197845898636,0.0080113694780388,0.0089218966804473,0.0081517422724525,0.0112108868989217,0.0134469913943558,0.0071068452671592,multiblimp/results/HPLT/hplt2c_nld_checkpoints/checkpoint_0019000/all.csv
HPLT/hplt2c_nld_checkpoints,checkpoint_0020000,0.9051948051948052,0.987987987987988,0.7587563951200315,0.8634222919937206,0.5587160751565762,0.6112037345781928,0.6860236220472441,0.6716417910447762,0.6930041152263374,0.8559617058311575,0.0105570294082265,0.0022563817289714,0.0084874407291972,0.0068030212399622,0.0080212469439649,0.0089015535548867,0.008406409488343,0.0112517148984292,0.0132326262057456,0.0073247218995608,multiblimp/results/HPLT/hplt2c_nld_checkpoints/checkpoint_0020000/all.csv
HPLT/hplt2c_nld_checkpoints,checkpoint_0021000,0.9025974025974026,0.9888459888459888,0.768595041322314,0.8818681318681318,0.5237473903966597,0.62054018006002,0.6958661417322834,0.6624569460390356,0.6551440329218107,0.8768494342906875,0.0106853055685496,0.0021752477522949,0.008366287547453,0.0063941916423917,0.0080680182148255,0.0088609363911651,0.0083327385848704,0.0113297242912816,0.013636381048723,0.0068549723357903,multiblimp/results/HPLT/hplt2c_nld_checkpoints/checkpoint_0021000/all.csv
HPLT/hplt2c_nld_checkpoints,checkpoint_0022000,0.8909090909090909,0.9884169884169884,0.7843368752459662,0.891287284144427,0.5266179540709812,0.622540846948983,0.7096456692913385,0.6779563719862227,0.6930041152263374,0.8877284595300261,0.0112348069209695,0.0022162038713024,0.0081589999603116,0.0061666502305136,0.0080656797029922,0.0088517812682089,0.0082219995952896,0.0111952592083675,0.0132326262057456,0.006585669017657,multiblimp/results/HPLT/hplt2c_nld_checkpoints/checkpoint_0022000/all.csv
HPLT/hplt2c_nld_checkpoints,checkpoint_0023000,0.9090909090909092,0.9905619905619906,0.7697756788665879,0.8771585557299842,0.5409707724425887,0.62054018006002,0.6916010498687664,0.6716417910447762,0.6831275720164609,0.8590078328981723,0.0103600524054216,0.002002672326193,0.0083513245323797,0.0065029706965787,0.0080499710804447,0.0088609363911651,0.0083652088080312,0.0112517148984292,0.0133476556523406,0.0072597395915577,multiblimp/results/HPLT/hplt2c_nld_checkpoints/checkpoint_0023000/all.csv
HPLT/hplt2c_nld_checkpoints,checkpoint_0024000,0.9155844155844156,0.9892749892749892,0.7626918536009445,0.8771585557299842,0.5307933194154488,0.6405468489496499,0.708989501312336,0.6618828932261768,0.6592592592592592,0.8738033072236727,0.0100187871264381,0.0021334685516549,0.0084397298397802,0.0065029706965787,0.0080618008829187,0.0087621032045754,0.0082274783727711,0.0113344401879712,0.0135972790893583,0.006927169535029,multiblimp/results/HPLT/hplt2c_nld_checkpoints/checkpoint_0024000/all.csv
HPLT/hplt2c_nld_checkpoints,checkpoint_0025000,0.8883116883116883,0.990990990990991,0.7642660369933097,0.8822605965463108,0.5514091858037579,0.6435478492830944,0.6971784776902887,0.6463834672789897,0.6987654320987654,0.8864229765013055,0.0113511846581553,0.0019570513770795,0.008420367113528,0.0063849815301017,0.0080343257524317,0.0087458657877989,0.0083225779924768,0.0114547951071018,0.0131622450147872,0.0066189748611323,multiblimp/results/HPLT/hplt2c_nld_checkpoints/checkpoint_0025000/all.csv
HPLT/hplt2c_nld_checkpoints,checkpoint_0026000,0.9025974025974026,0.9884169884169884,0.768595041322314,0.8748037676609105,0.5326200417536534,0.6168722907635878,0.6906167979002624,0.6659012629161883,0.6930041152263374,0.8838120104438643,0.0106853055685496,0.0022162038713024,0.008366287547453,0.0065561856105125,0.0080599258182191,0.0088773057889155,0.00837258282504,0.0113010360660844,0.0132326262057456,0.0066847559404899,multiblimp/results/HPLT/hplt2c_nld_checkpoints/checkpoint_0026000/all.csv
HPLT/hplt2c_nld_checkpoints,checkpoint_0027000,0.8961038961038961,0.9892749892749892,0.7662337662337663,0.8681318681318682,0.528705636743215,0.6338779593197733,0.6942257217847769,0.6722158438576349,0.691358024691358,0.8842471714534378,0.0109959675897791,0.0021334685516549,0.0083959375710262,0.0067029050048921,0.0080638110498701,0.0087968569519764,0.0083453267172381,0.0112466783749095,0.0132522878337351,0.0066738683218103,multiblimp/results/HPLT/hplt2c_nld_checkpoints/checkpoint_0027000/all.csv
HPLT/hplt2c_nld_checkpoints,checkpoint_0028000,0.9025974025974026,0.987987987987988,0.7725304998032271,0.8885400313971743,0.5542797494780793,0.6282094031343781,0.7060367454068242,0.6630309988518944,0.7012345679012346,0.8738033072236727,0.0106853055685496,0.0022563817289714,0.0083160496090841,0.0062344514286441,0.0080293971361939,0.0088249689144734,0.0082518760203386,0.0113249897269427,0.0131313293163521,0.006927169535029,multiblimp/results/HPLT/hplt2c_nld_checkpoints/checkpoint_0028000/all.csv
HPLT/hplt2c_nld_checkpoints,checkpoint_0029000,0.9025974025974026,0.9931359931359932,0.7674144037780402,0.8885400313971743,0.5292275574112735,0.6178726242080693,0.6958661417322834,0.6572904707233066,0.7086419753086419,0.8755439512619669,0.0106853055685496,0.0017101022512997,0.0083811583970921,0.0062344514286441,0.0080633217790607,0.0088728945431179,0.0083327385848704,0.0113714980938138,0.0130358330506543,0.0068860784834428,multiblimp/results/HPLT/hplt2c_nld_checkpoints/checkpoint_0029000/all.csv
HPLT/hplt2c_nld_checkpoints,checkpoint_0030000,0.9142857142857144,0.9901329901329902,0.7804014167650531,0.8857927786499215,0.5623695198329853,0.6295431810603535,0.6952099737532809,0.6676234213547646,0.6666666666666666,0.8833768494342907,0.0100883980514828,0.002047238357402,0.0082124258056677,0.0063010530860141,0.0080140476058064,0.0088184717059135,0.0083377888249375,0.0112864383382695,0.0135240137655596,0.0066956135478646,multiblimp/results/HPLT/hplt2c_nld_checkpoints/checkpoint_0030000/all.csv
HPLT/hplt2c_nld_checkpoints,checkpoint_0031000,0.912987012987013,0.990990990990991,0.7689885871704053,0.8873626373626373,0.5487995824634656,0.6378792930976992,0.6912729658792651,0.669345579793341,0.6979423868312757,0.8838120104438643,0.0101573162873429,0.0019570513770795,0.0083613101407378,0.0062631396315063,0.0080385715624066,0.0087762239914142,0.0083676717561116,0.0112716706603071,0.0131724494722586,0.0066847559404899,multiblimp/results/HPLT/hplt2c_nld_checkpoints/checkpoint_0031000/all.csv
HPLT/hplt2c_nld_checkpoints,checkpoint_0032000,0.9103896103896104,0.991848991848992,0.7882723337268792,0.8928571428571429,0.5300104384133612,0.6378792930976992,0.7086614173228346,0.6664753157290471,0.7102880658436214,0.8833768494342907,0.0102931302070887,0.001862332854898,0.0081044699238154,0.0061273528241742,0.0080625712857336,0.0087762239914142,0.0082302099575377,0.011296188999334,0.0130140452574106,0.0066956135478646,multiblimp/results/HPLT/hplt2c_nld_checkpoints/checkpoint_0032000/all.csv
HPLT/hplt2c_nld_checkpoints,checkpoint_0033000,0.9116883116883115,0.990990990990991,0.7839433293978748,0.8771585557299842,0.5464509394572025,0.6392130710236745,0.7030839895013123,0.6486796785304249,0.679835390946502,0.8798955613577023,0.0102255558397948,0.0019570513770795,0.0081643918722718,0.0065029706965787,0.008042201941167,0.0087692002624602,0.0082758561103764,0.0114378054925126,0.0133844462327471,0.0067814112144518,multiblimp/results/HPLT/hplt2c_nld_checkpoints/checkpoint_0033000/all.csv
HPLT/hplt2c_nld_checkpoints,checkpoint_0034000,0.9051948051948052,0.9884169884169884,0.7859110586383313,0.8893249607535322,0.5328810020876826,0.6412137379126376,0.7096456692913385,0.6590126291618829,0.6962962962962963,0.8833768494342907,0.0105570294082265,0.0022162038713024,0.0081373216816863,0.0062152037636342,0.0080596490962526,0.0087585271216508,0.0082219995952896,0.011357740467319,0.0131927079265974,0.0066956135478646,multiblimp/results/HPLT/hplt2c_nld_checkpoints/checkpoint_0034000/all.csv
HPLT/hplt2c_nld_checkpoints,checkpoint_0035000,0.9077922077922078,0.9905619905619906,0.7674144037780402,0.8783359497645212,0.543580375782881,0.6378792930976992,0.6938976377952756,0.6572904707233066,0.6814814814814815,0.8885987815491732,0.0104263349927844,0.002002672326193,0.0083811583970921,0.0064760732524202,0.0080463939012353,0.0087762239914142,0.0083478293746446,0.0113714980938138,0.0133661470259907,0.0065633084517066,multiblimp/results/HPLT/hplt2c_nld_checkpoints/checkpoint_0035000/all.csv
HPLT/hplt2c_nld_checkpoints,checkpoint_0036000,0.9077922077922078,0.9905619905619906,0.7764659582841401,0.8861852433281004,0.5386221294363257,0.6305435145048349,0.6912729658792651,0.6595866819747417,0.6641975308641975,0.8803307223672759,0.0104263349927844,0.002002672326193,0.0082647688733397,0.0062916105535686,0.0080530005027659,0.0088135514882965,0.0083676717561116,0.0113531175621079,0.0135488499157525,0.0067707885604278,multiblimp/results/HPLT/hplt2c_nld_checkpoints/checkpoint_0036000/all.csv
HPLT/hplt2c_nld_checkpoints,checkpoint_0037000,0.9116883116883115,0.9888459888459888,0.7807949626131444,0.8881475667189953,0.5438413361169102,0.6308769589863288,0.713254593175853,0.6676234213547646,0.6576131687242799,0.8803307223672759,0.0102255558397948,0.0021752477522949,0.0082071322916719,0.0062440384896454,0.0080460239478505,0.0088119023907106,0.0081914925798354,0.0112864383382695,0.0136130562191324,0.0067707885604278,multiblimp/results/HPLT/hplt2c_nld_checkpoints/checkpoint_0037000/all.csv
HPLT/hplt2c_nld_checkpoints,checkpoint_0038000,0.9090909090909092,0.990990990990991,0.7674144037780402,0.8893249607535322,0.5331419624217119,0.6208736245415138,0.699475065616798,0.6549942594718714,0.6650205761316872,0.8768494342906875,0.0103600524054216,0.0019570513770795,0.0083811583970921,0.0062152037636342,0.0080593701597149,0.0088594216561104,0.008304603326854,0.0113895832202238,0.0135406174356114,0.0068549723357903,multiblimp/results/HPLT/hplt2c_nld_checkpoints/checkpoint_0038000/all.csv
HPLT/hplt2c_nld_checkpoints,checkpoint_0039000,0.9012987012987012,0.9875589875589876,0.7847304210940574,0.8877551020408163,0.5375782881002088,0.6348782927642548,0.6991469816272966,0.6515499425947188,0.6551440329218107,0.8838120104438643,0.0107485639231647,0.0022958221853716,0.0081535970072883,0.0062536011867334,0.008054289179157,0.008791760180003,0.0083071862707214,0.0114161600897046,0.013636381048723,0.0066847559404899,multiblimp/results/HPLT/hplt2c_nld_checkpoints/checkpoint_0039000/all.csv
HPLT/hplt2c_nld_checkpoints,checkpoint_0040000,0.9025974025974026,0.9871299871299872,0.7800078709169618,0.8979591836734694,0.5581941544885177,0.6435478492830944,0.6988188976377953,0.6504018369690011,0.6781893004115226,0.8890339425587467,0.0106853055685496,0.0023345626141102,0.0082177084926845,0.0059967445423282,0.0080222394490902,0.0087458657877989,0.008309764161948,0.0114248728456233,0.0134025540597364,0.0065520806871079,multiblimp/results/HPLT/hplt2c_nld_checkpoints/checkpoint_0040000/all.csv
HPLT/hplt2c_nld_checkpoints,checkpoint_0041000,0.9103896103896104,0.9871299871299872,0.7804014167650531,0.8991365777080063,0.5326200417536534,0.6452150716905635,0.6942257217847769,0.6618828932261768,0.6888888888888889,0.8751087902523934,0.0102931302070887,0.0023345626141102,0.0082124258056677,0.0059659549659732,0.0080599258182191,0.0087366834399832,0.0083453267172381,0.0113344401879712,0.0132814108667946,0.0068963921230444,multiblimp/results/HPLT/hplt2c_nld_checkpoints/checkpoint_0041000/all.csv
HPLT/hplt2c_nld_checkpoints,checkpoint_0042000,0.9168831168831169,0.9875589875589876,0.7870916961826053,0.8944270015698587,0.5493215031315241,0.65621873957986,0.7053805774278216,0.6458094144661309,0.6773662551440329,0.8885987815491732,0.00994846897167,0.0022958221853716,0.0081209461895868,0.0060876428750527,0.0080377402678862,0.0086731564620787,0.0082572408853792,0.0114589973035957,0.0134115364483836,0.0065633084517066,multiblimp/results/HPLT/hplt2c_nld_checkpoints/checkpoint_0042000/all.csv
HPLT/hplt2c_nld_checkpoints,checkpoint_0043000,0.9207792207792208,0.9888459888459888,0.7863046044864227,0.8987441130298273,0.5474947807933194,0.6602200733577859,0.7030839895013123,0.6607347876004592,0.6962962962962963,0.8859878154917319,0.0097331170752519,0.0021752477522949,0.0081318743437374,0.0059762458986255,0.0080406107440359,0.008648782757059,0.0082758561103764,0.0113438160714369,0.0131927079265974,0.0066300147709077,multiblimp/results/HPLT/hplt2c_nld_checkpoints/checkpoint_0043000/all.csv
HPLT/hplt2c_nld_checkpoints,checkpoint_0044000,0.9272727272727272,0.9897039897039897,0.799685163321527,0.9010989010989012,0.5386221294363257,0.6535511837279093,0.7158792650918635,0.6561423650975889,0.7078189300411523,0.8833768494342907,0.0093585169577212,0.0020908169289263,0.0079398764654173,0.0059140783905257,0.0080530005027659,0.0086890262813404,0.0081689055578409,0.0113805774941226,0.0130466492021732,0.0066956135478646,multiblimp/results/HPLT/hplt2c_nld_checkpoints/checkpoint_0044000/all.csv
HPLT/hplt2c_nld_checkpoints,checkpoint_0045000,0.925974025974026,0.9888459888459888,0.79456906729634,0.902668759811617,0.5362734864300627,0.6502167389129709,0.7240813648293963,0.6526980482204363,0.6954732510288066,0.891644908616188,0.0094350912558976,0.0021752477522949,0.0080148687236955,0.0058720618716695,0.008055850099151,0.0087084397430138,0.0080961159707039,0.011407374346335,0.0132027621543331,0.006484038967968,multiblimp/results/HPLT/hplt2c_nld_checkpoints/checkpoint_0045000/all.csv
HPLT/hplt2c_nld_checkpoints,checkpoint_0046000,0.9207792207792208,0.9901329901329902,0.8020464384100747,0.903846153846154,0.5339248434237995,0.6578859619873291,0.714238845144357,0.6601607347876005,0.6962962962962963,0.8959965187119234,0.0097331170752519,0.002047238357402,0.0079045851982349,0.0058402424367859,0.0080585200603663,0.0086630839780328,0.0081830621196032,0.0113484761044048,0.0131927079265974,0.0063679858140645,multiblimp/results/HPLT/hplt2c_nld_checkpoints/checkpoint_0046000/all.csv
HPLT/hplt2c_nld_checkpoints,checkpoint_0047000,0.9207792207792208,0.9905619905619906,0.8095238095238095,0.9042386185243328,0.5430584551148225,0.6592197399133044,0.7191601049868767,0.6630309988518944,0.6995884773662552,0.8968668407310705,0.0097331170752519,0.002002672326193,0.0077899169769907,0.0058295766240773,0.0080471271317088,0.0086549404468599,0.0081401932122154,0.0113249897269427,0.0131519902483186,0.0063443645877809,multiblimp/results/HPLT/hplt2c_nld_checkpoints/checkpoint_0047000/all.csv
HPLT/hplt2c_nld_checkpoints,checkpoint_0047684,,,,,,,,,,,,,,,,,,,,,multiblimp/results/HPLT/hplt2c_nld_checkpoints/checkpoint_0047684/all.csv
HPLT/hplt2c_nld_checkpoints,main,0.9246753246753248,0.9914199914199914,0.8099173553719008,0.9081632653061223,0.5456680584551148,0.6578859619873291,0.7208005249343832,0.6618828932261768,0.7061728395061728,0.8999129677980853,0.009510818761913,0.0019102999322898,0.0077837567081993,0.0057212440070738,0.0080433719331862,0.0086630839780328,0.0081256360176807,0.0113344401879712,0.0130681266584812,0.0062605739339238,multiblimp/results/HPLT/hplt2c_nld_checkpoints/main/all.csv
HPLT/hplt2c_por_checkpoints,checkpoint_0001000,,,,,,,,,,,,,,,,,,,,,multiblimp/results/HPLT/hplt2c_por_checkpoints/checkpoint_0001000/all.csv
HPLT/hplt2c_por_checkpoints,checkpoint_0002000,,,,,,,,,,,,,,,,,,,,,multiblimp/results/HPLT/hplt2c_por_checkpoints/checkpoint_0002000/all.csv
HPLT/hplt2c_por_checkpoints,checkpoint_0003000,,,,,,,,,,,,,,,,,,,,,multiblimp/results/HPLT/hplt2c_por_checkpoints/checkpoint_0003000/all.csv
HPLT/hplt2c_por_checkpoints,checkpoint_0004000,,,,,,,,,,,,,,,,,,,,,multiblimp/results/HPLT/hplt2c_por_checkpoints/checkpoint_0004000/all.csv
HPLT/hplt2c_por_checkpoints,checkpoint_0005000,,,,,,,,,,,,,,,,,,,,,multiblimp/results/HPLT/hplt2c_por_checkpoints/checkpoint_0005000/all.csv
HPLT/hplt2c_por_checkpoints,checkpoint_0006000,,,,,,,,,,,,,,,,,,,,,multiblimp/results/HPLT/hplt2c_por_checkpoints/checkpoint_0006000/all.csv
HPLT/hplt2c_por_checkpoints,checkpoint_0007000,,,,,,,,,,,,,,,,,,,,,multiblimp/results/HPLT/hplt2c_por_checkpoints/checkpoint_0007000/all.csv
HPLT/hplt2c_por_checkpoints,checkpoint_0008000,,,,,,,,,,,,,,,,,,,,,multiblimp/results/HPLT/hplt2c_por_checkpoints/checkpoint_0008000/all.csv
HPLT/hplt2c_por_checkpoints,checkpoint_0009000,,,,,,,,,,,,,,,,,,,,,multiblimp/results/HPLT/hplt2c_por_checkpoints/checkpoint_0009000/all.csv
HPLT/hplt2c_por_checkpoints,checkpoint_0010000,,,,,,,,,,,,,,,,,,,,,multiblimp/results/HPLT/hplt2c_por_checkpoints/checkpoint_0010000/all.csv
HPLT/hplt2c_por_checkpoints,checkpoint_0011000,,,,,,,,,,,,,,,,,,,,,multiblimp/results/HPLT/hplt2c_por_checkpoints/checkpoint_0011000/all.csv
HPLT/hplt2c_por_checkpoints,checkpoint_0012000,,,,,,,,,,,,,,,,,,,,,multiblimp/results/HPLT/hplt2c_por_checkpoints/checkpoint_0012000/all.csv
HPLT/hplt2c_por_checkpoints,checkpoint_0013000,,,,,,,,,,,,,,,,,,,,,multiblimp/results/HPLT/hplt2c_por_checkpoints/checkpoint_0013000/all.csv
HPLT/hplt2c_por_checkpoints,checkpoint_0014000,,,,,,,,,,,,,,,,,,,,,multiblimp/results/HPLT/hplt2c_por_checkpoints/checkpoint_0014000/all.csv
HPLT/hplt2c_por_checkpoints,checkpoint_0015000,,,,,,,,,,,,,,,,,,,,,multiblimp/results/HPLT/hplt2c_por_checkpoints/checkpoint_0015000/all.csv
HPLT/hplt2c_por_checkpoints,checkpoint_0016000,,,,,,,,,,,,,,,,,,,,,multiblimp/results/HPLT/hplt2c_por_checkpoints/checkpoint_0016000/all.csv
HPLT/hplt2c_por_checkpoints,checkpoint_0017000,,,,,,,,,,,,,,,,,,,,,multiblimp/results/HPLT/hplt2c_por_checkpoints/checkpoint_0017000/all.csv
HPLT/hplt2c_por_checkpoints,checkpoint_0018000,,,,,,,,,,,,,,,,,,,,,multiblimp/results/HPLT/hplt2c_por_checkpoints/checkpoint_0018000/all.csv
HPLT/hplt2c_por_checkpoints,checkpoint_0019000,,,,,,,,,,,,,,,,,,,,,multiblimp/results/HPLT/hplt2c_por_checkpoints/checkpoint_0019000/all.csv
HPLT/hplt2c_por_checkpoints,checkpoint_0020000,,,,,,,,,,,,,,,,,,,,,multiblimp/results/HPLT/hplt2c_por_checkpoints/checkpoint_0020000/all.csv
HPLT/hplt2c_por_checkpoints,checkpoint_0021000,,,,,,,,,,,,,,,,,,,,,multiblimp/results/HPLT/hplt2c_por_checkpoints/checkpoint_0021000/all.csv
HPLT/hplt2c_por_checkpoints,checkpoint_0022000,,,,,,,,,,,,,,,,,,,,,multiblimp/results/HPLT/hplt2c_por_checkpoints/checkpoint_0022000/all.csv
HPLT/hplt2c_por_checkpoints,checkpoint_0023000,,,,,,,,,,,,,,,,,,,,,multiblimp/results/HPLT/hplt2c_por_checkpoints/checkpoint_0023000/all.csv
HPLT/hplt2c_por_checkpoints,checkpoint_0024000,,,,,,,,,,,,,,,,,,,,,multiblimp/results/HPLT/hplt2c_por_checkpoints/checkpoint_0024000/all.csv
HPLT/hplt2c_por_checkpoints,checkpoint_0025000,,,,,,,,,,,,,,,,,,,,,multiblimp/results/HPLT/hplt2c_por_checkpoints/checkpoint_0025000/all.csv
HPLT/hplt2c_por_checkpoints,checkpoint_0026000,,,,,,,,,,,,,,,,,,,,,multiblimp/results/HPLT/hplt2c_por_checkpoints/checkpoint_0026000/all.csv
HPLT/hplt2c_por_checkpoints,checkpoint_0027000,,,,,,,,,,,,,,,,,,,,,multiblimp/results/HPLT/hplt2c_por_checkpoints/checkpoint_0027000/all.csv
HPLT/hplt2c_por_checkpoints,checkpoint_0028000,,,,,,,,,,,,,,,,,,,,,multiblimp/results/HPLT/hplt2c_por_checkpoints/checkpoint_0028000/all.csv
HPLT/hplt2c_por_checkpoints,checkpoint_0029000,,,,,,,,,,,,,,,,,,,,,multiblimp/results/HPLT/hplt2c_por_checkpoints/checkpoint_0029000/all.csv
HPLT/hplt2c_por_checkpoints,checkpoint_0030000,,,,,,,,,,,,,,,,,,,,,multiblimp/results/HPLT/hplt2c_por_checkpoints/checkpoint_0030000/all.csv
HPLT/hplt2c_por_checkpoints,checkpoint_0031000,,,,,,,,,,,,,,,,,,,,,multiblimp/results/HPLT/hplt2c_por_checkpoints/checkpoint_0031000/all.csv
HPLT/hplt2c_por_checkpoints,checkpoint_0032000,,,,,,,,,,,,,,,,,,,,,multiblimp/results/HPLT/hplt2c_por_checkpoints/checkpoint_0032000/all.csv
HPLT/hplt2c_por_checkpoints,checkpoint_0033000,,,,,,,,,,,,,,,,,,,,,multiblimp/results/HPLT/hplt2c_por_checkpoints/checkpoint_0033000/all.csv
HPLT/hplt2c_por_checkpoints,checkpoint_0034000,,,,,,,,,,,,,,,,,,,,,multiblimp/results/HPLT/hplt2c_por_checkpoints/checkpoint_0034000/all.csv
HPLT/hplt2c_por_checkpoints,checkpoint_0035000,,,,,,,,,,,,,,,,,,,,,multiblimp/results/HPLT/hplt2c_por_checkpoints/checkpoint_0035000/all.csv
HPLT/hplt2c_por_checkpoints,checkpoint_0036000,,,,,,,,,,,,,,,,,,,,,multiblimp/results/HPLT/hplt2c_por_checkpoints/checkpoint_0036000/all.csv
HPLT/hplt2c_por_checkpoints,checkpoint_0037000,,,,,,,,,,,,,,,,,,,,,multiblimp/results/HPLT/hplt2c_por_checkpoints/checkpoint_0037000/all.csv
HPLT/hplt2c_por_checkpoints,checkpoint_0038000,,,,,,,,,,,,,,,,,,,,,multiblimp/results/HPLT/hplt2c_por_checkpoints/checkpoint_0038000/all.csv
HPLT/hplt2c_por_checkpoints,checkpoint_0039000,,,,,,,,,,,,,,,,,,,,,multiblimp/results/HPLT/hplt2c_por_checkpoints/checkpoint_0039000/all.csv
HPLT/hplt2c_por_checkpoints,checkpoint_0040000,,,,,,,,,,,,,,,,,,,,,multiblimp/results/HPLT/hplt2c_por_checkpoints/checkpoint_0040000/all.csv
HPLT/hplt2c_por_checkpoints,checkpoint_0041000,,,,,,,,,,,,,,,,,,,,,multiblimp/results/HPLT/hplt2c_por_checkpoints/checkpoint_0041000/all.csv
HPLT/hplt2c_por_checkpoints,checkpoint_0042000,,,,,,,,,,,,,,,,,,,,,multiblimp/results/HPLT/hplt2c_por_checkpoints/checkpoint_0042000/all.csv
HPLT/hplt2c_por_checkpoints,checkpoint_0043000,,,,,,,,,,,,,,,,,,,,,multiblimp/results/HPLT/hplt2c_por_checkpoints/checkpoint_0043000/all.csv
HPLT/hplt2c_por_checkpoints,checkpoint_0044000,,,,,,,,,,,,,,,,,,,,,multiblimp/results/HPLT/hplt2c_por_checkpoints/checkpoint_0044000/all.csv
HPLT/hplt2c_por_checkpoints,checkpoint_0045000,,,,,,,,,,,,,,,,,,,,,multiblimp/results/HPLT/hplt2c_por_checkpoints/checkpoint_0045000/all.csv
HPLT/hplt2c_por_checkpoints,checkpoint_0046000,,,,,,,,,,,,,,,,,,,,,multiblimp/results/HPLT/hplt2c_por_checkpoints/checkpoint_0046000/all.csv
HPLT/hplt2c_por_checkpoints,checkpoint_0047000,,,,,,,,,,,,,,,,,,,,,multiblimp/results/HPLT/hplt2c_por_checkpoints/checkpoint_0047000/all.csv
HPLT/hplt2c_por_checkpoints,checkpoint_0047684,,,,,,,,,,,,,,,,,,,,,multiblimp/results/HPLT/hplt2c_por_checkpoints/checkpoint_0047684/all.csv
HPLT/hplt2c_por_checkpoints,main,,,,,,,,,,,,,,,,,,,,,multiblimp/results/HPLT/hplt2c_por_checkpoints/main/all.csv
HPLT/hplt2c_rus_checkpoints,checkpoint_0001000,0.6805194805194805,0.5233805233805234,0.6737504919323101,0.6365777080062794,0.7797494780793319,0.5511837279093031,0.6263123359580053,0.682548794489093,0.6650205761316872,0.6479547432550044,0.0168033978147501,0.0103448342011287,0.0093008394536627,0.0095286589464107,0.006694578975583,0.0090822668530218,0.00876278956158,0.0111527320184629,0.0135406174356114,0.0099631478039709,multiblimp/results/HPLT/hplt2c_rus_checkpoints/checkpoint_0001000/all.csv
HPLT/hplt2c_rus_checkpoints,checkpoint_0002000,0.6714285714285714,0.5778635778635779,0.7064147973238882,0.6389324960753532,0.9347599164926932,0.5511837279093031,0.630249343832021,0.6934557979334098,0.7111111111111111,0.6836379460400348,0.0169265888163678,0.0102298186973244,0.0090343028006567,0.009515288894046,0.003989280227775,0.0090822668530218,0.0087438600210674,0.011046682444197,0.0130030733551483,0.009701307296503,multiblimp/results/HPLT/hplt2c_rus_checkpoints/checkpoint_0002000/all.csv
HPLT/hplt2c_rus_checkpoints,checkpoint_0003000,0.6753246753246753,0.622050622050622,0.6977567886658795,0.6840659340659341,0.955375782881002,0.5411803934644882,0.5931758530183727,0.6733639494833524,0.6979423868312757,0.7158398607484769,0.0168746816505727,0.0100428862806686,0.0091102014456533,0.0092097427235893,0.0033354902002821,0.0090992118862214,0.0088979018659591,0.0112365480493932,0.0131724494722586,0.0094083725307842,multiblimp/results/HPLT/hplt2c_rus_checkpoints/checkpoint_0003000/all.csv
HPLT/hplt2c_rus_checkpoints,checkpoint_0004000,0.7363636363636363,0.5958815958815958,0.7044470680834317,0.6793563579277865,0.9733820459290188,0.5465155051683894,0.6227034120734908,0.687715269804822,0.6847736625514403,0.7071366405570061,0.0158782801664853,0.0101639650728556,0.0090518945586642,0.0092461391847482,0.0026002568622143,0.0090906352441779,0.0087795969755446,0.0111033909830073,0.0133289713120136,0.0094931245363863,multiblimp/results/HPLT/hplt2c_rus_checkpoints/checkpoint_0004000/all.csv
HPLT/hplt2c_rus_checkpoints,checkpoint_0005000,0.7194805194805195,0.6199056199056199,0.7036599763872491,0.7052590266875981,0.9741649269311063,0.5641880626875625,0.6204068241469817,0.6704936854190585,0.6979423868312757,0.7097476066144474,0.0161899560642321,0.0100539651200593,0.0090588745978685,0.0090322275764857,0.0025627623888483,0.0090546835008504,0.008790022766141,0.0112617307950733,0.0131724494722586,0.0094681441417934,multiblimp/results/HPLT/hplt2c_rus_checkpoints/checkpoint_0005000/all.csv
HPLT/hplt2c_rus_checkpoints,checkpoint_0006000,0.7792207792207793,0.6130416130416131,0.704840613931523,0.6915227629513344,0.9809498956158664,0.5645215071690564,0.6158136482939632,0.6928817451205511,0.6880658436213992,0.7067014795474326,0.0149473429186065,0.0100880208898699,0.009048392415597,0.009149873494066,0.0022083064569718,0.0090538932343188,0.0088102481275972,0.011052443412914,0.0132910204676843,0.0094972511792675,multiblimp/results/HPLT/hplt2c_rus_checkpoints/checkpoint_0006000/all.csv
HPLT/hplt2c_rus_checkpoints,checkpoint_0007000,0.7779220779220779,0.6053196053196053,0.6965761511216056,0.7080062794348508,0.9799060542797496,0.5485161720573525,0.6381233595800525,0.6796785304247991,0.660082304526749,0.7145343777197564,0.014978743319554,0.010123810568506,0.0091202517107425,0.0090075275452633,0.0022667941472628,0.0090871476511487,0.0087041249147139,0.0111794573812377,0.0135893221146957,0.0094213569758087,multiblimp/results/HPLT/hplt2c_rus_checkpoints/checkpoint_0007000/all.csv
HPLT/hplt2c_rus_checkpoints,checkpoint_0008000,0.7948051948051948,0.5465465465465466,0.7166469893742621,0.6974097331240189,0.9843423799582464,0.5545181727242414,0.6368110236220472,0.6785304247990815,0.6757201646090535,0.7027850304612707,0.0145535240127414,0.0103111901870546,0.0089395204773875,0.0091006364879083,0.0020055025411822,0.0090757945270025,0.0087109221838904,0.011190011317429,0.0134293586543855,0.0095339216518188,multiblimp/results/HPLT/hplt2c_rus_checkpoints/checkpoint_0008000/all.csv
HPLT/hplt2c_rus_checkpoints,checkpoint_0009000,0.7454545454545455,0.6383526383526383,0.7154663518299882,0.7048665620094191,0.9835594989561588,0.5715238412804268,0.6404199475065617,0.6636050516647531,0.6864197530864198,0.7040905134899913,0.0156981290189537,0.0099518046553942,0.0089507430613049,0.0090357238798203,0.0020542112004035,0.0090363339812173,0.0086920604845237,0.0113202364715317,0.0133100931923658,0.0095217917417692,multiblimp/results/HPLT/hplt2c_rus_checkpoints/checkpoint_0009000/all.csv
HPLT/hplt2c_rus_checkpoints,checkpoint_0010000,0.7740259740259741,0.5173745173745173,0.7296340023612751,0.7260596546310832,0.985125260960334,0.578859619873291,0.6328740157480315,0.6601607347876005,0.660082304526749,0.7171453437771975,0.0150716800552282,0.010349908368543,0.0088110209903942,0.0088351604325972,0.0019554992566978,0.0090159571101473,0.0087308939500108,0.0113484761044048,0.0135893221146957,0.0093952912042591,multiblimp/results/HPLT/hplt2c_rus_checkpoints/checkpoint_0010000/all.csv
HPLT/hplt2c_rus_checkpoints,checkpoint_0011000,0.7883116883116883,0.6443586443586443,0.70995670995671,0.7213500784929356,0.9869519832985386,0.5728576192064021,0.6561679790026247,0.6417910447761194,0.68559670781893,0.7114882506527415,0.0147214998875381,0.0099151393284073,0.0090021244583453,0.0088818368706859,0.0018331901447734,0.0090327802741469,0.008603461015675,0.0114879085742626,0.0133195565259031,0.0094512794901892,multiblimp/results/HPLT/hplt2c_rus_checkpoints/checkpoint_0011000/all.csv
HPLT/hplt2c_rus_checkpoints,checkpoint_0012000,0.7948051948051948,0.622050622050622,0.7170405352223534,0.717425431711146,0.9864300626304802,0.5585195065021674,0.6440288713910761,0.648105625717566,0.6765432098765433,0.7297650130548303,0.0145535240127414,0.0100428862806686,0.0089357628417559,0.0089198018833291,0.0018690000849836,0.0090674819471855,0.0086726650742488,0.0114420800606413,0.013420471281627,0.0092637599952581,multiblimp/results/HPLT/hplt2c_rus_checkpoints/checkpoint_0012000/all.csv
HPLT/hplt2c_rus_checkpoints,checkpoint_0013000,0.8298701298701299,0.5568425568425568,0.70995670995671,0.7256671899529042,0.9874739039665972,0.5791930643547849,0.660761154855643,0.6704936854190585,0.7176954732510288,0.7184508268059182,0.0135409766485547,0.0102890220208157,0.0090021244583453,0.0088390971647946,0.001796627040961,0.0090149825007703,0.0085756600851187,0.0112617307950733,0.0129134083799934,0.0093821125909927,multiblimp/results/HPLT/hplt2c_rus_checkpoints/checkpoint_0013000/all.csv
HPLT/hplt2c_rus_checkpoints,checkpoint_0014000,0.7935064935064935,0.631917631917632,0.7296340023612751,0.750392464678179,0.98982254697286,0.5841947315771924,0.65748031496063,0.6406429391504018,0.6781893004115226,0.7510879025239339,0.0145875742475557,0.0099892206679758,0.0088110209903942,0.0085738003502526,0.0016213824738694,0.0089998563801412,0.0085956092374361,0.0114960074851333,0.0134025540597364,0.0090197265971749,multiblimp/results/HPLT/hplt2c_rus_checkpoints/checkpoint_0014000/all.csv
HPLT/hplt2c_rus_checkpoints,checkpoint_0015000,0.8389610389610389,0.6430716430716431,0.7241243604879969,0.7335164835164835,0.9900835073068892,0.5655218406135378,0.6496062992125984,0.6601607347876005,0.6872427983539094,0.7502175805047868,0.0132461910264679,0.0099231388729429,0.0088666777118904,0.0087587151468009,0.001600671494806,0.0090514974453331,0.0086416321858737,0.0113484761044048,0.0133005812077776,0.009030245147165,multiblimp/results/HPLT/hplt2c_rus_checkpoints/checkpoint_0015000/all.csv
HPLT/hplt2c_rus_checkpoints,checkpoint_0016000,0.8337662337662337,0.6340626340626341,0.7280598189689099,0.7311616954474097,0.9895615866388308,0.5925308436145382,0.6473097112860893,0.6486796785304249,0.7045267489711934,0.747171453437772,0.0134164127629306,0.0099769620974195,0.0088270968228684,0.0087831960689706,0.0016418213897698,0.0089725237839944,0.0086545667280118,0.0114378054925126,0.0130893984983882,0.0090666776882034,multiblimp/results/HPLT/hplt2c_rus_checkpoints/checkpoint_0016000/all.csv
HPLT/hplt2c_rus_checkpoints,checkpoint_0017000,0.8116883116883117,0.6602316602316602,0.7378984651711924,0.7539246467817896,0.9903444676409184,0.5818606202067356,0.6420603674540682,0.6389207807118255,0.6979423868312757,0.7532637075718016,0.0140892515150983,0.0098099883229469,0.0087243032526879,0.0085329326415347,0.0015796777516461,0.00900703364996,0.0086833107641257,0.0115080218785948,0.0131724494722586,0.0089932160494261,multiblimp/results/HPLT/hplt2c_rus_checkpoints/checkpoint_0017000/all.csv
HPLT/hplt2c_rus_checkpoints,checkpoint_0018000,0.8493506493506493,0.6374946374946375,0.7312081857536403,0.7570643642072213,0.9906054279749478,0.5781927309103034,0.6610892388451444,0.6601607347876005,0.7168724279835391,0.7397737162750218,0.01289085671129,0.0099569046655667,0.0087948048875928,0.008495956944417,0.0015583898167196,0.0090178936794058,0.0085736399625506,0.0113484761044048,0.0129248014998734,0.0091527166180236,multiblimp/results/HPLT/hplt2c_rus_checkpoints/checkpoint_0018000/all.csv
HPLT/hplt2c_rus_checkpoints,checkpoint_0019000,0.8,0.6426426426426426,0.7339630066902794,0.7519623233908949,0.9900835073068892,0.5761920640213405,0.6476377952755905,0.6440872560275546,0.6962962962962963,0.7262837249782419,0.0144149994031289,0.009925788046283,0.0087660868370021,0.0085557316800281,0.001600671494806,0.0090236022884143,0.0086527323640701,0.0114714957142056,0.0131927079265974,0.0093009745179912,multiblimp/results/HPLT/hplt2c_rus_checkpoints/checkpoint_0019000/all.csv
HPLT/hplt2c_rus_checkpoints,checkpoint_0020000,0.8480519480519481,0.646074646074646,0.7485242030696576,0.7759026687598116,0.9906054279749478,0.5961987329109704,0.6650262467191601,0.664179104477612,0.7144032921810699,0.7558746736292428,0.0129363999416748,0.0099043516164006,0.0086069382628644,0.0082608027691372,0.0015583898167196,0.0089596517630623,0.0085490390607828,0.0113154645014941,0.0129586626190362,0.0089609964097662,multiblimp/results/HPLT/hplt2c_rus_checkpoints/checkpoint_0020000/all.csv
HPLT/hplt2c_rus_checkpoints,checkpoint_0021000,0.8285714285714286,0.6267696267696268,0.7426210153482881,0.7755102040816326,0.9887787056367432,0.606535511837279,0.6673228346456693,0.6314580941446614,0.6839506172839506,0.7676240208877284,0.0135819215368024,0.0100177761722573,0.0086729696507321,0.0082659419125284,0.0017016031459179,0.0089205710075956,0.0085343806196506,0.0115582379378191,0.0133383376534981,0.0088103849101232,multiblimp/results/HPLT/hplt2c_rus_checkpoints/checkpoint_0021000/all.csv
HPLT/hplt2c_rus_checkpoints,checkpoint_0022000,0.8415584415584415,0.6756756756756757,0.7260920897284534,0.7755102040816326,0.988517745302714,0.6058686228742914,0.6640419947506562,0.6567164179104478,0.6888888888888889,0.7663185378590078,0.0131592558408875,0.0096958919369483,0.0088469955225801,0.0082659419125284,0.0017210483560099,0.008923218001562,0.0085552516441631,0.0113760470142357,0.0132814108667946,0.0088275824849974,multiblimp/results/HPLT/hplt2c_rus_checkpoints/checkpoint_0022000/all.csv
HPLT/hplt2c_rus_checkpoints,checkpoint_0023000,0.8558441558441559,0.6602316602316602,0.7323888232979142,0.7810047095761381,0.9872129436325678,0.616538846282094,0.67749343832021,0.6544202066590127,0.7176954732510288,0.7663185378590078,0.012658087951442,0.0098099883229469,0.0087825502909367,0.0081930291903534,0.0018150055611703,0.0088787673659725,0.0084667033374635,0.0113940585100942,0.0129134083799934,0.0088275824849974,multiblimp/results/HPLT/hplt2c_rus_checkpoints/checkpoint_0023000/all.csv
HPLT/hplt2c_rus_checkpoints,checkpoint_0024000,0.8,0.667953667953668,0.7316017316017316,0.7539246467817896,0.9903444676409184,0.6042014004668222,0.6482939632545932,0.6475315729047072,0.6905349794238683,0.7580504786771105,0.0144149994031289,0.0097544183175752,0.008790728853833,0.0085329326415347,0.0015796777516461,0.0089297593984695,0.0086490502198484,0.0114463365056615,0.0132620446572348,0.0089338042963577,multiblimp/results/HPLT/hplt2c_rus_checkpoints/checkpoint_0024000/all.csv
HPLT/hplt2c_rus_checkpoints,checkpoint_0025000,0.8519480519480519,0.6602316602316602,0.7587563951200315,0.7653061224489796,0.9900835073068892,0.5701900633544514,0.655511811023622,0.6084959816303099,0.6921810699588478,0.7567449956483899,0.012798770676051,0.0098099883229469,0.0084874407291972,0.0083959290938954,0.001600671494806,0.0090398206723379,0.0086073596018181,0.0116942640018683,0.0132424817197657,0.00895015709927,multiblimp/results/HPLT/hplt2c_rus_checkpoints/checkpoint_0025000/all.csv
HPLT/hplt2c_rus_checkpoints,checkpoint_0026000,0.8402597402597403,0.6786786786786787,0.738685556867375,0.7849293563579278,0.9903444676409184,0.5775258419473158,0.6706036745406824,0.6274397244546498,0.7119341563786008,0.7841601392515231,0.0132028779408114,0.0096723218221815,0.0087158385807475,0.0081396576971991,0.0015796777516461,0.0090198133917131,0.0085130436092996,0.0115840441311903,0.0129920492736632,0.0085820925766475,multiblimp/results/HPLT/hplt2c_rus_checkpoints/checkpoint_0026000/all.csv
HPLT/hplt2c_rus_checkpoints,checkpoint_0027000,0.8493506493506493,0.6452166452166452,0.7481306572215664,0.7774725274725275,0.98982254697286,0.5975325108369457,0.6804461942257218,0.648105625717566,0.691358024691358,0.7693646649260226,0.01289085671129,0.0099097628749036,0.0086114056540362,0.0082401407835458,0.0016213824738694,0.0089548422381292,0.008446200962094,0.0114420800606413,0.0132522878337351,0.0087872711686074,multiblimp/results/HPLT/hplt2c_rus_checkpoints/checkpoint_0027000/all.csv
HPLT/hplt2c_rus_checkpoints,checkpoint_0028000,0.8233766233766234,0.6302016302016302,0.7465564738292011,0.7778649921507065,0.98982254697286,0.6058686228742914,0.6696194225721784,0.6745120551090701,0.6732510288065844,0.7480417754569191,0.0137428876270332,0.0099988745718665,0.0086291814567947,0.0082349488349593,0.0016213824738694,0.008923218001562,0.0085194938477592,0.0112263411801237,0.0134557369476552,0.0090563288418835,multiblimp/results/HPLT/hplt2c_rus_checkpoints/checkpoint_0028000/all.csv
HPLT/hplt2c_rus_checkpoints,checkpoint_0029000,0.8545454545454545,0.6623766623766624,0.743801652892562,0.7861067503924647,0.9900835073068892,0.5821940646882294,0.6856955380577427,0.6555683122847302,0.6806584362139918,0.7741514360313316,0.0127053276820393,0.0097948458135448,0.0086599303440782,0.0081234327646757,0.001600671494806,0.0090060210256757,0.0084087889736334,0.0113850895554887,0.0133753206007409,0.0087226132423895,multiblimp/results/HPLT/hplt2c_rus_checkpoints/checkpoint_0029000/all.csv
HPLT/hplt2c_rus_checkpoints,checkpoint_0030000,0.8363636363636363,0.6314886314886314,0.7544273907910272,0.7868916797488226,0.9911273486430062,0.6068689563187729,0.6715879265091863,0.6377726750861079,0.6987654320987654,0.7780678851174935,0.0133319021807146,0.0099916468713918,0.0085387904109724,0.0081125608581844,0.0015148815912865,0.0089192409810666,0.0085065511167373,0.0115159423764289,0.0131622450147872,0.0086684971103663,multiblimp/results/HPLT/hplt2c_rus_checkpoints/checkpoint_0030000/all.csv
HPLT/hplt2c_rus_checkpoints,checkpoint_0031000,0.8454545454545455,0.6567996567996568,0.7406532861078315,0.7759026687598116,0.9895615866388308,0.6068689563187729,0.6843832020997376,0.6360505166475315,0.6995884773662552,0.7663185378590078,0.0130265043015351,0.0098337503484096,0.0086945181670534,0.0082608027691372,0.0016418213897698,0.0089192409810666,0.0084182582390507,0.0115276898437758,0.0131519902483186,0.0088275824849974,multiblimp/results/HPLT/hplt2c_rus_checkpoints/checkpoint_0031000/all.csv
HPLT/hplt2c_rus_checkpoints,checkpoint_0032000,0.8571428571428571,0.6452166452166452,0.7426210153482881,0.793563579277865,0.990866388308977,0.6118706235411804,0.6742125984251969,0.6521239954075775,0.7193415637860082,0.7841601392515231,0.0126104975643535,0.0099097628749036,0.0086729696507321,0.0080183371309757,0.0015367954645017,0.0088987667991891,0.0084890304883343,0.0114117763519543,0.012890462177155,0.0085820925766475,multiblimp/results/HPLT/hplt2c_rus_checkpoints/checkpoint_0032000/all.csv
HPLT/hplt2c_rus_checkpoints,checkpoint_0033000,0.8571428571428571,0.6761046761046761,0.7579693034238488,0.782967032967033,0.9906054279749478,0.6072024008002668,0.6742125984251969,0.6314580941446614,0.6724279835390946,0.7802436901653612,0.0126104975643535,0.0096925527244257,0.008496864678389,0.0081664795744342,0.0015583898167196,0.0089179065989122,0.0084890304883343,0.0115582379378191,0.0134644354126564,0.0086379522170555,multiblimp/results/HPLT/hplt2c_rus_checkpoints/checkpoint_0033000/all.csv
HPLT/hplt2c_rus_checkpoints,checkpoint_0034000,0.8402597402597403,0.640926640926641,0.7426210153482881,0.7782574568288854,0.9893006263048016,0.5941980660220073,0.6735564304461942,0.621699196326062,0.7045267489711934,0.7806788511749347,0.0132028779408114,0.0099362982169071,0.0086729696507321,0.0082297462655073,0.0016619982798692,0.0089667371756823,0.0084934389810794,0.0116194269411957,0.0130893984983882,0.0086318016282011,multiblimp/results/HPLT/hplt2c_rus_checkpoints/checkpoint_0034000/all.csv
HPLT/hplt2c_rus_checkpoints,checkpoint_0035000,0.8597402597402597,0.6756756756756757,0.7524596615505706,0.782967032967033,0.9903444676409184,0.6022007335778593,0.6676509186351706,0.6360505166475315,0.7102880658436214,0.7811140121845083,0.0125142487891146,0.0096958919369483,0.0085617446116356,0.0081664795744342,0.0015796777516461,0.0089374658666437,0.0085322679450628,0.0115276898437758,0.0130140452574106,0.0086256371002075,multiblimp/results/HPLT/hplt2c_rus_checkpoints/checkpoint_0035000/all.csv
HPLT/hplt2c_rus_checkpoints,checkpoint_0036000,0.8402597402597403,0.6739596739596739,0.7548209366391184,0.7880690737833596,0.9900835073068892,0.5898632877625876,0.675524934383202,0.6509758897818599,0.7226337448559671,0.7798085291557877,0.0132028779408114,0.0097091559841876,0.0085341707359116,0.0080961696258003,0.001600671494806,0.008981559959751,0.0084801566549781,0.0114205255806221,0.0128439259042904,0.0086440888965253,multiblimp/results/HPLT/hplt2c_rus_checkpoints/checkpoint_0036000/all.csv
HPLT/hplt2c_rus_checkpoints,checkpoint_0037000,0.8597402597402597,0.6473616473616474,0.743801652892562,0.7939560439560439,0.988517745302714,0.6018672890963654,0.6794619422572179,0.6486796785304249,0.7168724279835391,0.7667536988685814,0.0125142487891146,0.0098961693442781,0.0086599303440782,0.0080126921546894,0.0017210483560099,0.0089387351155448,0.0084530782121223,0.0114378054925126,0.0129248014998734,0.0088218630260139,multiblimp/results/HPLT/hplt2c_rus_checkpoints/checkpoint_0037000/all.csv
HPLT/hplt2c_rus_checkpoints,checkpoint_0038000,0.8545454545454545,0.6546546546546547,0.7540338449429359,0.7986656200941915,0.9893006263048016,0.6172057352450817,0.6640419947506562,0.6469575200918485,0.679835390946502,0.7706701479547432,0.0127053276820393,0.0098483119519399,0.008543400453677,0.0079440460652043,0.0016619982798692,0.008875839794215,0.0085552516441631,0.0114505748477835,0.0133844462327471,0.0087697972236942,multiblimp/results/HPLT/hplt2c_rus_checkpoints/checkpoint_0038000/all.csv
HPLT/hplt2c_rus_checkpoints,checkpoint_0039000,0.8714285714285714,0.6593736593736593,0.751672569854388,0.804552590266876,0.9916492693110648,0.5971990663554518,0.6843832020997376,0.6452353616532721,0.6872427983539094,0.7684943429068756,0.0120626511874802,0.0098159824825072,0.0085708592985568,0.0078558370483778,0.0014700379173933,0.0089560510708386,0.0084182582390507,0.0114631814571297,0.0133005812077776,0.0087988543597916,multiblimp/results/HPLT/hplt2c_rus_checkpoints/checkpoint_0039000/all.csv
HPLT/hplt2c_rus_checkpoints,checkpoint_0040000,0.8467532467532467,0.6507936507936508,0.7571822117276663,0.8131868131868132,0.9895615866388308,0.5848616205401801,0.6889763779527559,0.6320321469575201,0.6921810699588478,0.7689295039164491,0.0129816146648481,0.009873964979624,0.008506249524924,0.0077214562737984,0.0016418213897698,0.0089977675968546,0.0083847742074035,0.0115544811454533,0.0132424817197657,0.008793069357286,multiblimp/results/HPLT/hplt2c_rus_checkpoints/checkpoint_0040000/all.csv
HPLT/hplt2c_rus_checkpoints,checkpoint_0041000,0.8454545454545455,0.6477906477906478,0.7560015741833923,0.8104395604395604,0.9900835073068892,0.6058686228742914,0.7014435695538058,0.6607347876004592,0.6888888888888889,0.7763272410791993,0.0130265043015351,0.0098934244555886,0.0085202537597485,0.0077648748048835,0.001600671494806,0.008923218001562,0.0082889992930385,0.0113438160714369,0.0132814108667946,0.0086926851154236,multiblimp/results/HPLT/hplt2c_rus_checkpoints/checkpoint_0041000/all.csv
HPLT/hplt2c_rus_checkpoints,checkpoint_0042000,0.8701298701298701,0.6606606606606606,0.7713498622589532,0.8061224489795918,0.990866388308977,0.6108702900966989,0.6906167979002624,0.6458094144661309,0.7193415637860082,0.77763272410792,0.0121143833819231,0.009806977793113,0.0083312296184153,0.0078318535629724,0.0015367954645017,0.0089029403592467,0.00837258282504,0.0114589973035957,0.012890462177155,0.0086745646839613,multiblimp/results/HPLT/hplt2c_rus_checkpoints/checkpoint_0042000/all.csv
HPLT/hplt2c_rus_checkpoints,checkpoint_0043000,0.8623376623376623,0.6799656799656799,0.7693821330184967,0.8057299843014128,0.9913883089770354,0.6248749583194398,0.6916010498687664,0.6475315729047072,0.7152263374485597,0.803307223672759,0.0124165483655429,0.0096620801712979,0.0083563224751736,0.0078378678834753,0.0014926341241484,0.0088408975082372,0.0083652088080312,0.0114463365056615,0.0129474284803543,0.0082920140486754,multiblimp/results/HPLT/hplt2c_rus_checkpoints/checkpoint_0043000/all.csv
HPLT/hplt2c_rus_checkpoints,checkpoint_0044000,0.8831168831168831,0.6683826683826684,0.7764659582841401,0.8135792778649922,0.9924321503131524,0.6215405135045015,0.6968503937007874,0.6239954075774972,0.7061728395061728,0.8006962576153177,0.0115781620387628,0.0097512448905138,0.0082647688733397,0.0077152023390526,0.0013999867038181,0.0088563788503617,0.008325125666054,0.0116054823662245,0.0130681266584812,0.0083332922711645,multiblimp/results/HPLT/hplt2c_rus_checkpoints/checkpoint_0044000/all.csv
HPLT/hplt2c_rus_checkpoints,checkpoint_0045000,0.8636363636363636,0.6688116688116688,0.7835497835497836,0.8139717425431711,0.9921711899791232,0.6215405135045015,0.7001312335958005,0.6417910447761194,0.7012345679012346,0.8015665796344648,0.0123671430543352,0.0097480623309273,0.0081697727650296,0.0077089354891161,0.0014237326117364,0.0088563788503617,0.0082994222623181,0.0114879085742626,0.0131313293163521,0.0083195952393564,multiblimp/results/HPLT/hplt2c_rus_checkpoints/checkpoint_0045000/all.csv
HPLT/hplt2c_rus_checkpoints,checkpoint_0046000,0.8688311688311688,0.6833976833976834,0.7882723337268792,0.826138147566719,0.9916492693110648,0.6302100700233411,0.6942257217847769,0.6452353616532721,0.7300411522633745,0.8072236727589208,0.0121657155536898,0.0096343553034208,0.0081044699238154,0.0075080780333064,0.0014700379173933,0.0088151960716764,0.0083453267172381,0.0114631814571297,0.0127360370817458,0.0082290326139685,multiblimp/results/HPLT/hplt2c_rus_checkpoints/checkpoint_0046000/all.csv
HPLT/hplt2c_rus_checkpoints,checkpoint_0047000,0.874025974025974,0.670956670956671,0.7784336875245966,0.8312401883830455,0.9916492693110648,0.632544181393798,0.6958661417322834,0.6394948335246843,0.7267489711934156,0.8067885117493473,0.0119579659236454,0.0097320122306352,0.008238731386858,0.0074199003069539,0.0014700379173933,0.0088035891006585,0.0083327385848704,0.011504034918863,0.0127845361857099,0.0082360943561308,multiblimp/results/HPLT/hplt2c_rus_checkpoints/checkpoint_0047000/all.csv
HPLT/hplt2c_rus_checkpoints,checkpoint_0047684,,,,,,,,,,,,,,,,,,,,,multiblimp/results/HPLT/hplt2c_rus_checkpoints/checkpoint_0047684/all.csv
HPLT/hplt2c_rus_checkpoints,main,0.8662337662337662,0.6752466752466753,0.7792207792207793,0.8304552590266876,0.9916492693110648,0.6342114038012671,0.6942257217847769,0.6366245694603904,0.7300411522633745,0.8063533507397738,0.0122671998768456,0.0096992218596407,0.0082282414691519,0.0074336236460311,0.0014700379173933,0.0087951625714433,0.0083453267172381,0.0115237917676778,0.0127360370817458,0.0082431400519342,multiblimp/results/HPLT/hplt2c_rus_checkpoints/main/all.csv
HPLT/hplt2c_spa_checkpoints,checkpoint_0001000,0.6688311688311688,0.558987558987559,0.8823297914207006,0.6381475667189953,0.5438413361169102,0.5688562854284761,0.6151574803149606,0.6722158438576349,0.6312757201646091,0.6993037423846823,0.0169604596096409,0.0102838410372738,0.006392141802016,0.0095197730646874,0.0080460239478505,0.0090432404250242,0.0088130695629033,0.0112466783749095,0.0138411530864134,0.009565813855712,multiblimp/results/HPLT/hplt2c_spa_checkpoints/checkpoint_0001000/all.csv
HPLT/hplt2c_spa_checkpoints,checkpoint_0002000,0.7532467532467533,0.5671385671385671,0.9449035812672176,0.6801412872841445,0.5529749478079332,0.5875291763921308,0.6961942257217848,0.6836969001148105,0.6650205761316872,0.7058311575282855,0.0155365543811661,0.0102623754759147,0.0045264017736792,0.0092401484858558,0.0080316709814239,0.0089892426407599,0.0083302059576613,0.0111419050763464,0.0135406174356114,0.0095054730831113,multiblimp/results/HPLT/hplt2c_spa_checkpoints/checkpoint_0002000/all.csv
HPLT/hplt2c_spa_checkpoints,checkpoint_0003000,0.7558441558441559,0.586014586014586,0.9630066902794177,0.6911302982731554,0.5461899791231732,0.6022007335778593,0.7526246719160105,0.687715269804822,0.6707818930041153,0.7058311575282855,0.0154811895881887,0.0102017715967389,0.0037443282442894,0.0091530937088773,0.0080425941670882,0.0089374658666437,0.0078155570163717,0.0111033909830073,0.0134816914418509,0.0095054730831113,multiblimp/results/HPLT/hplt2c_spa_checkpoints/checkpoint_0003000/all.csv
HPLT/hplt2c_spa_checkpoints,checkpoint_0004000,0.7662337662337663,0.5817245817245817,0.9669421487603306,0.7339089481946625,0.5576722338204593,0.6082027342447482,0.7673884514435696,0.687715269804822,0.6469135802469136,0.7132288946910357,0.0152519780159388,0.0102168905823223,0.0035467879450162,0.0087546041700154,0.0080232229714252,0.0089138772991043,0.0076527193122606,0.0111033909830073,0.0137112011504046,0.0094342449393498,multiblimp/results/HPLT/hplt2c_spa_checkpoints/checkpoint_0004000/all.csv
HPLT/hplt2c_spa_checkpoints,checkpoint_0005000,0.8090909090909091,0.564993564993565,0.9771743408107044,0.750392464678179,0.5401878914405011,0.6132044014671557,0.7995406824146981,0.6842709529276694,0.6592592592592592,0.72236727589208,0.0141633700735637,0.0102682977800842,0.0029627524026216,0.0085738003502526,0.0080510008808272,0.0088931406420705,0.0072514678480266,0.0111364621780598,0.0135972790893583,0.0093419888983181,multiblimp/results/HPLT/hplt2c_spa_checkpoints/checkpoint_0005000/all.csv
HPLT/hplt2c_spa_checkpoints,checkpoint_0006000,0.8168831168831169,0.5345345345345346,0.9763872491145218,0.7774725274725275,0.5594989561586639,0.6398799599866623,0.8169291338582677,0.6791044776119403,0.6403292181069958,0.7432550043516101,0.0139379464396237,0.0103314310102749,0.0030121875541069,0.0082401407835458,0.0080197413362412,0.008765660910723,0.0070047772438651,0.011184744050848,0.0137678491868137,0.0091126544550715,multiblimp/results/HPLT/hplt2c_spa_checkpoints/checkpoint_0006000/all.csv
HPLT/hplt2c_spa_checkpoints,checkpoint_0007000,0.8363636363636363,0.5937365937365937,0.9822904368358912,0.7696232339089482,0.5469728601252609,0.6395465155051684,0.833005249343832,0.669345579793341,0.6699588477366255,0.7354221061792864,0.0133319021807146,0.0101725451071687,0.0026165048844909,0.0083417796171274,0.0080414108019496,0.0087674328795009,0.0067556602084609,0.0112716706603071,0.0134902491862771,0.0092017431258671,multiblimp/results/HPLT/hplt2c_spa_checkpoints/checkpoint_0007000/all.csv
HPLT/hplt2c_spa_checkpoints,checkpoint_0008000,0.8337662337662337,0.6203346203346203,0.9799291617473436,0.8080847723704867,0.5537578288100209,0.6625541847282428,0.8356299212598425,0.6785304247990815,0.654320987654321,0.7445604873803308,0.0134164127629306,0.0100517660385072,0.0027821322082107,0.0078015961875979,0.0080303133906982,0.008634247453338,0.0067129110321793,0.011190011317429,0.0136440654058039,0.0090974362060523,multiblimp/results/HPLT/hplt2c_spa_checkpoints/checkpoint_0008000/all.csv
HPLT/hplt2c_spa_checkpoints,checkpoint_0009000,0.8675324675324675,0.592020592020592,0.9811097992916176,0.7955259026687598,0.5367954070981211,0.6828942980993664,0.8556430446194225,0.6618828932261768,0.674074074074074,0.7550043516100957,0.0122166527452509,0.0101792643144666,0.0027006901493496,0.0079899967102664,0.0080552323860609,0.0084974875309721,0.0063658688610622,0.0113344401879712,0.0134469913943558,0.0089717858855187,multiblimp/results/HPLT/hplt2c_spa_checkpoints/checkpoint_0009000/all.csv
HPLT/hplt2c_spa_checkpoints,checkpoint_0010000,0.8441558441558441,0.6546546546546547,0.9799291617473436,0.8167189952904239,0.5407098121085595,0.6792264088029343,0.8585958005249343,0.6745120551090701,0.691358024691358,0.7506527415143603,0.013071072201044,0.0098483119519399,0.0027821322082107,0.0076647032449337,0.0080503165694261,0.0085235075833275,0.0063112887821084,0.0112263411801237,0.0132522878337351,0.0090249919699217,multiblimp/results/HPLT/hplt2c_spa_checkpoints/checkpoint_0010000/all.csv
HPLT/hplt2c_spa_checkpoints,checkpoint_0011000,0.8662337662337662,0.6048906048906049,0.9815033451397088,0.8155416012558869,0.5383611691022965,0.7045681893964655,0.8727034120734908,0.661308840413318,0.6872427983539094,0.7602262837249782,0.0122671998768456,0.0101257211003298,0.0026729458210312,0.0076837383044701,0.0080533260012842,0.0083310916246453,0.0060371815634378,0.0113391374403027,0.0133005812077776,0.0089062978582516,multiblimp/results/HPLT/hplt2c_spa_checkpoints/checkpoint_0011000/all.csv
HPLT/hplt2c_spa_checkpoints,checkpoint_0012000,0.8532467532467533,0.6383526383526383,0.9838646202282566,0.8335949764521193,0.5542797494780793,0.7222407469156386,0.8681102362204725,0.653272101033295,0.6962962962962963,0.7580504786771105,0.0127522206530953,0.0099518046553942,0.0024995103252326,0.0073783805195856,0.0080293971361939,0.0081787517872263,0.0061289418723229,0.0114029540516902,0.0131927079265974,0.0089338042963577,multiblimp/results/HPLT/hplt2c_spa_checkpoints/checkpoint_0012000/all.csv
HPLT/hplt2c_spa_checkpoints,checkpoint_0013000,0.8857142857142857,0.6267696267696268,0.983077528532074,0.8135792778649922,0.537839248434238,0.7125708569523175,0.8789370078740157,0.6509758897818599,0.6551440329218107,0.7628372497824195,0.0114656171381367,0.0100177761722573,0.0025587240267673,0.0077152023390526,0.0080539703392134,0.0082640168753755,0.0059084980411433,0.0114205255806221,0.013636381048723,0.0088728711055991,multiblimp/results/HPLT/hplt2c_spa_checkpoints/checkpoint_0013000/all.csv
HPLT/hplt2c_spa_checkpoints,checkpoint_0014000,0.8701298701298701,0.6456456456456456,0.9826839826839828,0.8461538461538461,0.5328810020876826,0.737245748582861,0.8759842519685039,0.669345579793341,0.6609053497942387,0.778503046127067,0.0121143833819231,0.0099070615998329,0.0025877875066524,0.0071477322592086,0.0080596490962526,0.0080369780347941,0.0059700653711102,0.0112716706603071,0.01358131942679,0.0086624157739057,multiblimp/results/HPLT/hplt2c_spa_checkpoints/checkpoint_0014000/all.csv
HPLT/hplt2c_spa_checkpoints,checkpoint_0015000,0.8844155844155844,0.625053625053625,0.9815033451397088,0.858712715855573,0.5555845511482255,0.7279093031010336,0.8822178477690289,0.648105625717566,0.6617283950617284,0.7806788511749347,0.0115221220571235,0.010027024634485,0.0026729458210312,0.0069004239478978,0.0080270672984466,0.0081265694010496,0.0058387540481044,0.0114420800606413,0.0135732709447848,0.0086318016282011,multiblimp/results/HPLT/hplt2c_spa_checkpoints/checkpoint_0015000/all.csv
HPLT/hplt2c_spa_checkpoints,checkpoint_0016000,0.861038961038961,0.640926640926641,0.984258166076348,0.8516483516483516,0.5678496868475992,0.7235745248416139,0.8818897637795275,0.653272101033295,0.7135802469135802,0.7789382071366405,0.012465582154758,0.0099362982169071,0.0024693340440616,0.0070416856119158,0.0080024203670757,0.008166621609747,0.0058457930764824,0.0114029540516902,0.0129698440401807,0.0086563206455728,multiblimp/results/HPLT/hplt2c_spa_checkpoints/checkpoint_0016000/all.csv
HPLT/hplt2c_spa_checkpoints,checkpoint_0017000,0.8857142857142857,0.6490776490776491,0.9854388036206218,0.8649921507064364,0.5427974947807933,0.727242414138046,0.8904199475065617,0.6555683122847302,0.6888888888888889,0.7850304612706701,0.0114656171381367,0.0098851372937329,0.002376353396721,0.0067699565424464,0.0080474904094059,0.0081327942627207,0.0056579057813848,0.0113850895554887,0.0132814108667946,0.0085695241011,multiblimp/results/HPLT/hplt2c_spa_checkpoints/checkpoint_0017000/all.csv
HPLT/hplt2c_spa_checkpoints,checkpoint_0018000,0.8558441558441559,0.5907335907335908,0.9818968909878,0.858712715855573,0.5668058455114823,0.7492497499166388,0.890748031496063,0.6607347876004592,0.7078189300411523,0.783289817232376,0.012658087951442,0.0101842194091263,0.002644887433917,0.0069004239478978,0.0080047118660075,0.0079149059354793,0.0056504702113686,0.0113438160714369,0.0130466492021732,0.0085946043209961,multiblimp/results/HPLT/hplt2c_spa_checkpoints/checkpoint_0018000/all.csv
HPLT/hplt2c_spa_checkpoints,checkpoint_0019000,0.8584415584415584,0.5954525954525954,0.983077528532074,0.8528257456828885,0.5668058455114823,0.7402467489163055,0.8871391076115486,0.6561423650975889,0.7053497942386832,0.7876414273281114,0.0125625525356263,0.0101656971924489,0.0025587240267673,0.007018533247171,0.0080047118660075,0.0080071970718034,0.0057313921024762,0.0113805774941226,0.0130787882175533,0.0085314757743317,multiblimp/results/HPLT/hplt2c_spa_checkpoints/checkpoint_0019000/all.csv
HPLT/hplt2c_spa_checkpoints,checkpoint_0020000,0.8779220779220779,0.6482196482196482,0.9834710743801652,0.8532182103610675,0.5472338204592901,0.735245081693898,0.8973097112860893,0.6681974741676234,0.7004115226337448,0.7954743255004352,0.0117978042761794,0.0098906708224768,0.0025293025139899,0.0070107815565375,0.0080410118879955,0.0080565637786579,0.0054982994662226,0.0112815346950985,0.0131416850550807,0.0084141836759214,multiblimp/results/HPLT/hplt2c_spa_checkpoints/checkpoint_0020000/all.csv
HPLT/hplt2c_spa_checkpoints,checkpoint_0021000,0.8883116883116883,0.6572286572286572,0.9834710743801652,0.8657770800627943,0.5409707724425887,0.7409136378792931,0.8996062992125984,0.6406429391504018,0.6880658436213992,0.7815491731940818,0.0113511846581553,0.0098308113456783,0.0025293025139899,0.0067533097792986,0.0080499710804447,0.0080005130521498,0.00544342187801,0.0114960074851333,0.0132910204676843,0.0086194586031675,multiblimp/results/HPLT/hplt2c_spa_checkpoints/checkpoint_0021000/all.csv
HPLT/hplt2c_spa_checkpoints,checkpoint_0022000,0.8753246753246753,0.6537966537966537,0.9826839826839828,0.8642072213500785,0.5618475991649269,0.7525841947315772,0.8986220472440944,0.6636050516647531,0.7037037037037037,0.7941688424717145,0.0119050021186352,0.009854074482381,0.0025877875066524,0.0067865268430925,0.008015103085629,0.0078795793530403,0.0054670470543428,0.0113202364715317,0.0130999576255838,0.0084340654759177,multiblimp/results/HPLT/hplt2c_spa_checkpoints/checkpoint_0022000/all.csv
HPLT/hplt2c_spa_checkpoints,checkpoint_0023000,0.8701298701298701,0.6417846417846418,0.9822904368358912,0.8740188383045526,0.5501043841336117,0.7459153051017006,0.8999343832020997,0.6722158438576349,0.7127572016460906,0.7841601392515231,0.0121143833819231,0.0099310604223732,0.0026165048844909,0.0065737546227699,0.0080364765797555,0.007949609193813,0.0054355110062622,0.0112466783749095,0.0129809728800158,0.0085820925766475,multiblimp/results/HPLT/hplt2c_spa_checkpoints/checkpoint_0023000/all.csv
HPLT/hplt2c_spa_checkpoints,checkpoint_0024000,0.8636363636363636,0.6473616473616474,0.9803227075954348,0.8653846153846154,0.5545407098121086,0.7392464154718239,0.8976377952755905,0.6561423650975889,0.7086419753086419,0.8037423846823325,0.0123671430543352,0.0098961693442781,0.0027552744715711,0.0067616427539206,0.0080289356495887,0.0080171779703852,0.0054905126885198,0.0113805774941226,0.0130358330506543,0.0082850795392112,multiblimp/results/HPLT/hplt2c_spa_checkpoints/checkpoint_0024000/all.csv
HPLT/hplt2c_spa_checkpoints,checkpoint_0025000,0.8922077922077922,0.6207636207636208,0.9854388036206218,0.8555729984301413,0.5394050104384134,0.746915638546182,0.8894356955380578,0.6544202066590127,0.7111111111111111,0.7972149695387293,0.011175869630098,0.0100495586193003,0.002376353396721,0.0069639079296631,0.0080520106857603,0.0079392631761625,0.0056801167874806,0.0113940585100942,0.0130030733551483,0.0083874637556035,multiblimp/results/HPLT/hplt2c_spa_checkpoints/checkpoint_0025000/all.csv
HPLT/hplt2c_spa_checkpoints,checkpoint_0026000,0.8675324675324675,0.6023166023166023,0.984258166076348,0.8653846153846154,0.5357515657620042,0.7572524174724908,0.8986220472440944,0.6791044776119403,0.6707818930041153,0.7811140121845083,0.0122166527452509,0.0101370131690262,0.0024693340440616,0.0067616427539206,0.0080564589414165,0.0078290588593006,0.0054670470543428,0.011184744050848,0.0134816914418509,0.0086256371002075,multiblimp/results/HPLT/hplt2c_spa_checkpoints/checkpoint_0026000/all.csv
HPLT/hplt2c_spa_checkpoints,checkpoint_0027000,0.8805194805194805,0.6237666237666237,0.9846517119244392,0.8665620094191523,0.5370563674321504,0.7485828609536512,0.8914041994750657,0.6561423650975889,0.6831275720164609,0.7980852915578764,0.0116888738831456,0.0100338727656657,0.0024387594126785,0.0067365859868103,0.0080549202023201,0.00792189618882,0.0056355508407462,0.0113805774941226,0.0133476556523406,0.0083740127811912,multiblimp/results/HPLT/hplt2c_spa_checkpoints/checkpoint_0027000/all.csv
HPLT/hplt2c_spa_checkpoints,checkpoint_0028000,0.8857142857142857,0.6362076362076362,0.9822904368358912,0.8622448979591837,0.5558455114822547,0.7519173057685895,0.890748031496063,0.6572904707233066,0.7144032921810699,0.7811140121845083,0.0114656171381367,0.0099644903603687,0.0026165048844909,0.0068276217183655,0.008026594607525,0.0078866949353811,0.0056504702113686,0.0113714980938138,0.0129586626190362,0.0086256371002075,multiblimp/results/HPLT/hplt2c_spa_checkpoints/checkpoint_0028000/all.csv
HPLT/hplt2c_spa_checkpoints,checkpoint_0029000,0.8935064935064935,0.670956670956671,0.9822904368358912,0.8736263736263736,0.5474947807933194,0.7602534178059354,0.8966535433070866,0.6515499425947188,0.6987654320987654,0.7845953002610966,0.0111164228321033,0.0097320122306352,0.0026165048844909,0.0065825077689717,0.0080406107440359,0.0077959163419476,0.0055138208174727,0.0114161600897046,0.0131622450147872,0.0085758154458367,multiblimp/results/HPLT/hplt2c_spa_checkpoints/checkpoint_0029000/all.csv
HPLT/hplt2c_spa_checkpoints,checkpoint_0030000,0.8818181818181818,0.6520806520806521,0.9815033451397088,0.8744113029827315,0.5529749478079332,0.7595865288429476,0.904527559055118,0.6469575200918485,0.6946502057613169,0.7972149695387293,0.0116337438018948,0.0098654934096409,0.0026729458210312,0.0065649805978918,0.0080316709814239,0.0078033267681572,0.0053228280096188,0.0114505748477835,0.013212766534824,0.0083874637556035,multiblimp/results/HPLT/hplt2c_spa_checkpoints/checkpoint_0030000/all.csv
HPLT/hplt2c_spa_checkpoints,checkpoint_0031000,0.9012987012987012,0.625053625053625,0.9815033451397088,0.8681318681318682,0.5383611691022965,0.7562520840280094,0.8973097112860893,0.6469575200918485,0.7053497942386832,0.7959094865100087,0.0107485639231647,0.010027024634485,0.0026729458210312,0.0067029050048921,0.0080533260012842,0.0078399901121591,0.0054982994662226,0.0114505748477835,0.0130787882175533,0.00840752635886,multiblimp/results/HPLT/hplt2c_spa_checkpoints/checkpoint_0031000/all.csv
HPLT/hplt2c_spa_checkpoints,checkpoint_0032000,0.8857142857142857,0.6482196482196482,0.9838646202282566,0.8661695447409733,0.5373173277661796,0.7729243081027009,0.9081364829396326,0.6423650975889782,0.6938271604938272,0.8141862489120975,0.0114656171381367,0.0098906708224768,0.0024995103252326,0.0067449575474709,0.0080546058001054,0.0076500728898898,0.0052316612367222,0.0114838322676933,0.0132227211812142,0.0081138279552958,multiblimp/results/HPLT/hplt2c_spa_checkpoints/checkpoint_0032000/all.csv
HPLT/hplt2c_spa_checkpoints,checkpoint_0033000,0.8844155844155844,0.6658086658086658,0.9834710743801652,0.8520408163265306,0.5362734864300627,0.7602534178059354,0.9025590551181102,0.6538461538461539,0.7193415637860082,0.8028720626631853,0.0115221220571235,0.0097701487755738,0.0025293025139899,0.0070339852184543,0.008055850099151,0.0077959163419476,0.0053715679741386,0.0113985154467428,0.012890462177155,0.0082989328342373,multiblimp/results/HPLT/hplt2c_spa_checkpoints/checkpoint_0033000/all.csv
HPLT/hplt2c_spa_checkpoints,checkpoint_0034000,0.8766233766233766,0.6452166452166452,0.9834710743801652,0.8630298273155416,0.541231732776618,0.7645881960653551,0.9127296587926508,0.6555683122847302,0.7061728395061728,0.793733681462141,0.0118516168101248,0.0099097628749036,0.0025293025139899,0.0068112401469038,0.0080496233688952,0.0077471092287012,0.005112071708212,0.0113850895554887,0.0130681266584812,0.0084406628101591,multiblimp/results/HPLT/hplt2c_spa_checkpoints/checkpoint_0034000/all.csv
HPLT/hplt2c_spa_checkpoints,checkpoint_0035000,0.8727272727272727,0.6349206349206349,0.9862258953168044,0.8744113029827315,0.5396659707724426,0.7582527509169723,0.8982939632545932,0.6492537313432836,0.702880658436214,0.8037423846823325,0.0120105138013784,0.0099719990270615,0.0023121582656649,0.0065649805978918,0.0080516763053651,0.0078180696436048,0.0054748865577165,0.0114335127809486,0.0131104657227372,0.0082850795392112,multiblimp/results/HPLT/hplt2c_spa_checkpoints/checkpoint_0035000/all.csv
HPLT/hplt2c_spa_checkpoints,checkpoint_0036000,0.8948051948051948,0.6645216645216645,0.9834710743801652,0.8759811616954474,0.5474947807933194,0.7769256418806268,0.905511811023622,0.6762342135476463,0.6897119341563785,0.8050478677110531,0.0110564583086515,0.0097794780246486,0.0025293025139899,0.006529674025311,0.0080406107440359,0.0076019729645655,0.0052981999097407,0.0112108868989217,0.0132717522989733,0.0082641812711374,multiblimp/results/HPLT/hplt2c_spa_checkpoints/checkpoint_0036000/all.csv
HPLT/hplt2c_spa_checkpoints,checkpoint_0037000,0.8818181818181818,0.6821106821106822,0.9818968909878,0.8759811616954474,0.5456680584551148,0.7692564188062687,0.9028871391076116,0.6750861079219288,0.691358024691358,0.7959094865100087,0.0116337438018948,0.0096448228647007,0.002644887433917,0.006529674025311,0.0080433719331862,0.0076932907491782,0.0053634918657522,0.0112212089763697,0.0132522878337351,0.00840752635886,multiblimp/results/HPLT/hplt2c_spa_checkpoints/checkpoint_0037000/all.csv
HPLT/hplt2c_spa_checkpoints,checkpoint_0038000,0.8909090909090909,0.6572286572286572,0.9822904368358912,0.8681318681318682,0.5534968684759917,0.7702567522507503,0.90748031496063,0.6848450057405281,0.6814814814814815,0.8050478677110531,0.0112348069209695,0.0098308113456783,0.0026165048844909,0.0067029050048921,0.0080307681593638,0.0076815860911609,0.0052484153626367,0.0111309996232835,0.0133661470259907,0.0082641812711374,multiblimp/results/HPLT/hplt2c_spa_checkpoints/checkpoint_0038000/all.csv
HPLT/hplt2c_spa_checkpoints,checkpoint_0039000,0.8974025974025974,0.6576576576576577,0.9811097992916176,0.8736263736263736,0.5456680584551148,0.7792597532510837,0.902230971128609,0.6739380022962113,0.7251028806584362,0.7959094865100087,0.0109349419429494,0.0098278634303766,0.0027006901493496,0.0065825077689717,0.0080433719331862,0.0075734480771072,0.0053796253938596,0.0112314541957336,0.0128084557049914,0.00840752635886,multiblimp/results/HPLT/hplt2c_spa_checkpoints/checkpoint_0039000/all.csv
HPLT/hplt2c_spa_checkpoints,checkpoint_0040000,0.8883116883116883,0.6636636636636637,0.9846517119244392,0.8873626373626373,0.5461899791231732,0.7789263087695899,0.9110892388451444,0.6607347876004592,0.691358024691358,0.8159268929503917,0.0113511846581553,0.0097856522413252,0.0024387594126785,0.0062631396315063,0.0080425941670882,0.0075775443131661,0.0051552548715451,0.0113438160714369,0.0132522878337351,0.0080843625800022,multiblimp/results/HPLT/hplt2c_spa_checkpoints/checkpoint_0040000/all.csv
HPLT/hplt2c_spa_checkpoints,checkpoint_0041000,0.8961038961038961,0.6598026598026598,0.9815033451397088,0.8897174254317112,0.5490605427974948,0.7949316438812938,0.910761154855643,0.6630309988518944,0.7374485596707819,0.8128807658833769,0.0109959675897791,0.0098129898833356,0.0026729458210312,0.006205542931518,0.0080381570313376,0.0073726901919209,0.0051638276530813,0.0113249897269427,0.012623649551219,0.0081357506058157,multiblimp/results/HPLT/hplt2c_spa_checkpoints/checkpoint_0041000/all.csv
HPLT/hplt2c_spa_checkpoints,checkpoint_0042000,0.8922077922077922,0.6778206778206778,0.9838646202282566,0.8795133437990581,0.545929018789144,0.7892630876958986,0.9110892388451444,0.6549942594718714,0.7185185185185186,0.8107049608355091,0.011175869630098,0.0096791027833384,0.0024995103252326,0.0064489792639824,0.0080429841643199,0.0074471991798317,0.0051552548715451,0.0113895832202238,0.012901961986393,0.0081719559960137,multiblimp/results/HPLT/hplt2c_spa_checkpoints/checkpoint_0042000/all.csv
HPLT/hplt2c_spa_checkpoints,checkpoint_0043000,0.8987012987012987,0.6666666666666666,0.9822904368358912,0.8901098901098901,0.5456680584551148,0.7879293097699233,0.9146981627296588,0.6492537313432836,0.720164609053498,0.8154917319408181,0.0108733723614872,0.0097638838925277,0.0026165048844909,0.006195857279249,0.0080433719331862,0.0074644140214777,0.0050595351182764,0.0114335127809486,0.0128789088091922,0.0080917542584207,multiblimp/results/HPLT/hplt2c_spa_checkpoints/checkpoint_0043000/all.csv
HPLT/hplt2c_spa_checkpoints,checkpoint_0044000,0.8935064935064935,0.6881166881166881,0.984258166076348,0.8744113029827315,0.5399269311064718,0.7912637545848616,0.9087926509186351,0.6526980482204363,0.731687242798354,0.8085291557876414,0.0111164228321033,0.0095952429863656,0.0024693340440616,0.0065649805978918,0.0080513397038136,0.0074211521739039,0.0052148261961017,0.011407374346335,0.0127114549786593,0.0082077506946813,multiblimp/results/HPLT/hplt2c_spa_checkpoints/checkpoint_0044000/all.csv
HPLT/hplt2c_spa_checkpoints,checkpoint_0045000,0.9025974025974026,0.6902616902616903,0.9858323494687132,0.8846153846153846,0.5464509394572025,0.8029343114371457,0.9124015748031497,0.6647531572904707,0.7267489711934156,0.8237597911227154,0.0106853055685496,0.0095770821023603,0.002344488559904,0.0063292388553981,0.008042201941167,0.007263689699277,0.0051207512668266,0.0113106737931429,0.0127845361857099,0.0079483646295198,multiblimp/results/HPLT/hplt2c_spa_checkpoints/checkpoint_0045000/all.csv
HPLT/hplt2c_spa_checkpoints,checkpoint_0046000,0.9025974025974026,0.6864006864006864,0.9846517119244392,0.8952119309262166,0.5529749478079332,0.7985995331777259,0.9156824146981628,0.648105625717566,0.7111111111111111,0.8211488250652742,0.0106853055685496,0.0096095990929542,0.0024387594126785,0.0060676306690711,0.0080316709814239,0.0073232950105776,0.0050329664561425,0.0114420800606413,0.0130030733551483,0.0079943254504573,multiblimp/results/HPLT/hplt2c_spa_checkpoints/checkpoint_0046000/all.csv
HPLT/hplt2c_spa_checkpoints,checkpoint_0047000,0.8987012987012987,0.6833976833976834,0.984258166076348,0.8956043956043956,0.5487995824634656,0.8029343114371457,0.9209317585301836,0.648105625717566,0.7168724279835391,0.8289817232375979,0.0108733723614872,0.0096343553034208,0.0024693340440616,0.0060575848046085,0.0080385715624066,0.007263689699277,0.0048877308586316,0.0114420800606413,0.0129248014998734,0.0078545033391549,multiblimp/results/HPLT/hplt2c_spa_checkpoints/checkpoint_0047000/all.csv
HPLT/hplt2c_spa_checkpoints,checkpoint_0047684,,,,,,,,,,,,,,,,,,,,,multiblimp/results/HPLT/hplt2c_spa_checkpoints/checkpoint_0047684/all.csv
HPLT/hplt2c_spa_checkpoints,main,0.9012987012987012,0.6872586872586872,0.9838646202282566,0.8948194662480377,0.5501043841336117,0.8072690896965655,0.9192913385826772,0.6458094144661309,0.7144032921810699,0.8268059181897301,0.0107485639231647,0.0096024401670959,0.0024995103252326,0.0060776499821864,0.0080364765797555,0.0072027213771898,0.004933773125488,0.0114589973035957,0.0129586626190362,0.0078939305279581,multiblimp/results/HPLT/hplt2c_spa_checkpoints/main/all.csv
HPLT/hplt2c_tur_checkpoints,checkpoint_0001000,0.6610389610389611,0.5525525525525525,0.6741440377804014,0.6322605965463108,0.5331419624217119,0.545515171723908,0.6151574803149606,0.7571756601607348,0.6502057613168725,0.6740644038294169,0.0170585870910283,0.0102988012118293,0.0092979424184842,0.0095525304373018,0.0080593701597149,0.0090923234927316,0.0088130695629033,0.0102735456598639,0.0136818112194484,0.0097778097139504,multiblimp/results/HPLT/hplt2c_tur_checkpoints/checkpoint_0001000/all.csv
HPLT/hplt2c_tur_checkpoints,checkpoint_0002000,0.6701298701298701,0.6181896181896182,0.6898858717040536,0.6660125588697017,0.5563674321503131,0.5721907302434145,0.6502624671916011,0.8869115958668198,0.674074074074074,0.7210617928633595,0.0169435973154016,0.0100626781787346,0.0091758661374911,0.0093434349364623,0.008025642499153,0.0090345655095835,0.0086378962499651,0.0075879616793735,0.0134469913943558,0.0093554618566803,multiblimp/results/HPLT/hplt2c_tur_checkpoints/checkpoint_0002000/all.csv
HPLT/hplt2c_tur_checkpoints,checkpoint_0003000,0.6896103896103896,0.61003861003861,0.6733569460842188,0.6467817896389325,0.5404488517745303,0.5658552850950317,0.6351706036745407,0.936280137772675,0.6979423868312757,0.7127937336814621,0.0166728607596724,0.0101022550651123,0.0093037290354308,0.0094689260080038,0.0080506598361255,0.0090506905155326,0.0087193201906659,0.0058521607079127,0.0131724494722586,0.0094385195552631,multiblimp/results/HPLT/hplt2c_tur_checkpoints/checkpoint_0003000/all.csv
HPLT/hplt2c_tur_checkpoints,checkpoint_0004000,0.7064935064935065,0.6374946374946375,0.6942148760330579,0.6840659340659341,0.5441022964509394,0.565188396132044,0.6381233595800525,0.947187141216992,0.6864197530864198,0.7249782419495213,0.0164103400954024,0.0099569046655667,0.0091401390387651,0.0092097427235893,0.0080456517686251,0.0090523002076595,0.0087041249147139,0.0053587520143826,0.0133100931923658,0.0093147456644054,multiblimp/results/HPLT/hplt2c_tur_checkpoints/checkpoint_0004000/all.csv
HPLT/hplt2c_tur_checkpoints,checkpoint_0005000,0.7363636363636363,0.6177606177606177,0.6812278630460449,0.6946624803767661,0.5469728601252609,0.5678559519839946,0.651246719160105,0.9644087256027556,0.6699588477366255,0.7145343777197564,0.0158782801664853,0.0100648356535517,0.0092445131765184,0.0091238323425208,0.0080414108019496,0.0090457613569168,0.0086322586319578,0.0044389296234656,0.0134902491862771,0.0094213569758087,multiblimp/results/HPLT/hplt2c_tur_checkpoints/checkpoint_0005000/all.csv
HPLT/hplt2c_tur_checkpoints,checkpoint_0006000,0.7324675324675325,0.6147576147576148,0.670995670995671,0.6919152276295133,0.5474947807933194,0.557519173057686,0.6505905511811023,0.9753157290470724,0.7069958847736626,0.7397737162750218,0.0159528056543276,0.0100797057272682,0.009320910391357,0.0091466455364698,0.0080406107440359,0.0090696159908598,0.0086360215421094,0.0037175660315427,0.0130574136955636,0.0091527166180236,multiblimp/results/HPLT/hplt2c_tur_checkpoints/checkpoint_0006000/all.csv
HPLT/hplt2c_tur_checkpoints,checkpoint_0007000,0.7363636363636363,0.6529386529386529,0.6910665092483275,0.6711145996860283,0.55741127348643,0.5621873957985996,0.6420603674540682,0.9753157290470724,0.6831275720164609,0.6906005221932114,0.0158782801664853,0.0098598016143984,0.009166215989286,0.0093072403445572,0.0080237113650798,0.0090593377131662,0.0086833107641257,0.0037175660315427,0.0133476556523406,0.0096426904936507,multiblimp/results/HPLT/hplt2c_tur_checkpoints/checkpoint_0007000/all.csv
HPLT/hplt2c_tur_checkpoints,checkpoint_0008000,0.7623376623376623,0.6546546546546547,0.689098780007871,0.7201726844583988,0.5589770354906054,0.5538512837612537,0.6630577427821522,0.97646383467279,0.7185185185185186,0.7293298520452568,0.0153394047751572,0.0098483119519399,0.0091822607453998,0.008893314764217,0.0080207473218149,0.0090771220362279,0.0085614225957559,0.0036322176057202,0.012901961986393,0.0092684511001966,multiblimp/results/HPLT/hplt2c_tur_checkpoints/checkpoint_0008000/all.csv
HPLT/hplt2c_tur_checkpoints,checkpoint_0009000,0.7662337662337663,0.6362076362076362,0.6808343171979535,0.7303767660910518,0.5313152400835073,0.56918972990997,0.652230971128609,0.9758897818599312,0.7037037037037037,0.7315056570931244,0.0152519780159388,0.0099644903603687,0.0092475455910367,0.008791286217706,0.0080612762174028,0.0090423917581521,0.0086265804864302,0.0036751653212506,0.0130999576255838,0.0092448826371987,multiblimp/results/HPLT/hplt2c_tur_checkpoints/checkpoint_0009000/all.csv
HPLT/hplt2c_tur_checkpoints,checkpoint_0010000,0.7519480519480519,0.6271986271986272,0.7075954348681621,0.7413657770800628,0.5441022964509394,0.5775258419473158,0.6591207349081365,0.98105625717566,0.7193415637860082,0.747171453437772,0.0155639518201257,0.0100154430142923,0.0090236502286053,0.0086748015973253,0.0080456517686251,0.0090198133917131,0.0085856918705347,0.0032662977767739,0.012890462177155,0.0090666776882034,multiblimp/results/HPLT/hplt2c_tur_checkpoints/checkpoint_0010000/all.csv
HPLT/hplt2c_tur_checkpoints,checkpoint_0011000,0.7779220779220779,0.6447876447876448,0.7072018890200709,0.7197802197802198,0.5433194154488518,0.5865288429476492,0.6699475065616798,0.9799081515499426,0.6987654320987654,0.7519582245430809,0.014978743319554,0.0099124554487321,0.0090272092346919,0.00889712384941,0.0080467616290863,0.0089924713673797,0.0085173484572342,0.0033618517391329,0.0131622450147872,0.0090091591795901,multiblimp/results/HPLT/hplt2c_tur_checkpoints/checkpoint_0011000/all.csv
HPLT/hplt2c_tur_checkpoints,checkpoint_0012000,0.7415584415584415,0.6096096096096096,0.6961826052735144,0.7327315541601256,0.5373173277661796,0.5745248416138713,0.6732283464566929,0.9804822043628014,0.7267489711934156,0.7297650130548303,0.0157764216356494,0.0101042556261918,0.0091235859775294,0.0087669106312638,0.0080546058001054,0.0090282437784276,0.0084956361343953,0.0033144476632865,0.0127845361857099,0.0092637599952581,multiblimp/results/HPLT/hplt2c_tur_checkpoints/checkpoint_0012000/all.csv
HPLT/hplt2c_tur_checkpoints,checkpoint_0013000,0.7818181818181819,0.640926640926641,0.7032664305391578,0.7327315541601256,0.543580375782881,0.5685228409469824,0.6686351706036745,0.9827784156142364,0.6987654320987654,0.7580504786771105,0.0148839018936608,0.0099362982169071,0.009062352512681,0.0087669106312638,0.0080463939012353,0.0090440849129964,0.0085259019280178,0.003117024971198,0.0131622450147872,0.0089338042963577,multiblimp/results/HPLT/hplt2c_tur_checkpoints/checkpoint_0013000/all.csv
HPLT/hplt2c_tur_checkpoints,checkpoint_0014000,0.7740259740259741,0.6353496353496354,0.6946084218811491,0.7437205651491365,0.5487995824634656,0.5558519506502168,0.6706036745406824,0.981630309988519,0.7209876543209877,0.737597911227154,0.0150716800552282,0.0099695046860625,0.0091368441676075,0.0086489236298069,0.0080385715624066,0.0090730898920701,0.0085130436092996,0.0032173685952328,0.0128673017382357,0.0091773748495903,multiblimp/results/HPLT/hplt2c_tur_checkpoints/checkpoint_0014000/all.csv
HPLT/hplt2c_tur_checkpoints,checkpoint_0015000,0.7909090909090909,0.6138996138996139,0.7079889807162535,0.7346938775510204,0.5399269311064718,0.56918972990997,0.6797900262467191,0.98105625717566,0.7168724279835391,0.7484769364664926,0.0146549889925584,0.0100838798250818,0.0090200830609289,0.0087463556851311,0.0080513397038136,0.0090423917581521,0.008450790596163,0.0032662977767739,0.0129248014998734,0.0090511363250525,multiblimp/results/HPLT/hplt2c_tur_checkpoints/checkpoint_0015000/all.csv
HPLT/hplt2c_tur_checkpoints,checkpoint_0016000,0.7857142857142857,0.6057486057486058,0.7001180637544274,0.7319466248037677,0.5334029227557411,0.5611870623541181,0.676509186351706,0.9799081515499426,0.7144032921810699,0.7406440382941688,0.0147871191287647,0.0101218918757646,0.0090898865346808,0.008775070905941,0.0080590890083762,0.0090616086900087,0.008473451420808,0.0033618517391329,0.0129586626190362,0.0091427716133286,multiblimp/results/HPLT/hplt2c_tur_checkpoints/checkpoint_0016000/all.csv
HPLT/hplt2c_tur_checkpoints,checkpoint_0017000,0.8038961038961039,0.6241956241956242,0.7032664305391578,0.7315541601255887,0.5381002087682673,0.5588529509836612,0.6840551181102362,0.98105625717566,0.7078189300411523,0.758485639686684,0.014308618692205,0.0100315984452239,0.009062352512681,0.0087791378703089,0.0080536492800109,0.0090667623096541,0.0084206134069956,0.0032662977767739,0.0130466492021732,0.008928328247198,multiblimp/results/HPLT/hplt2c_tur_checkpoints/checkpoint_0017000/all.csv
HPLT/hplt2c_tur_checkpoints,checkpoint_0018000,0.7896103896103897,0.625053625053625,0.7052341597796143,0.7346938775510204,0.5341858037578288,0.5705235078359453,0.6797900262467191,0.9799081515499426,0.7127572016460906,0.7397737162750218,0.0146883566499985,0.010027024634485,0.0090448821777091,0.0087463556851311,0.008058232263226,0.0090389552780365,0.008450790596163,0.0033618517391329,0.0129809728800158,0.0091527166180236,multiblimp/results/HPLT/hplt2c_tur_checkpoints/checkpoint_0018000/all.csv
HPLT/hplt2c_tur_checkpoints,checkpoint_0019000,0.8051948051948052,0.6456456456456456,0.7079889807162535,0.7413657770800628,0.5352296450939458,0.586862287429143,0.661745406824147,0.9827784156142364,0.7078189300411523,0.7384682332463012,0.014272675323353,0.0099070615998329,0.0090200830609289,0.0086748015973253,0.0080570589148684,0.0089913993772815,0.0085695859260139,0.003117024971198,0.0130466492021732,0.0091675464820056,multiblimp/results/HPLT/hplt2c_tur_checkpoints/checkpoint_0019000/all.csv
HPLT/hplt2c_tur_checkpoints,checkpoint_0020000,0.8038961038961039,0.6349206349206349,0.7056277056277056,0.7303767660910518,0.5133089770354906,0.5628542847615872,0.6535433070866141,0.981630309988519,0.7308641975308642,0.7523933855526544,0.014308618692205,0.0099719990270615,0.0090413638355723,0.008791286217706,0.0080742714778669,0.0090578029470237,0.0086189464443933,0.0032173685952328,0.0127237738758906,0.0090038570917117,multiblimp/results/HPLT/hplt2c_tur_checkpoints/checkpoint_0020000/all.csv
HPLT/hplt2c_tur_checkpoints,checkpoint_0021000,0.8038961038961039,0.6439296439296439,0.7111373475009839,0.728414442700157,0.5289665970772442,0.5708569523174392,0.6633858267716536,0.9804822043628014,0.7234567901234568,0.7523933855526544,0.014308618692205,0.0099178145209874,0.0089912507319402,0.0088113590339018,0.0080635675201375,0.0090380856988889,0.008559370232075,0.0033144476632865,0.0128321568467537,0.0090038570917117,multiblimp/results/HPLT/hplt2c_tur_checkpoints/checkpoint_0021000/all.csv
HPLT/hplt2c_tur_checkpoints,checkpoint_0022000,0.8103896103896104,0.6400686400686401,0.7170405352223534,0.7346938775510204,0.5339248434237995,0.5611870623541181,0.67749343832021,0.9781859931113662,0.7251028806584362,0.752828546562228,0.0141264369347111,0.009941501484544,0.0089357628417559,0.0087463556851311,0.0080585200603663,0.0090616086900087,0.0084667033374635,0.0034998897794762,0.0128084557049914,0.0089985427222479,multiblimp/results/HPLT/hplt2c_tur_checkpoints/checkpoint_0022000/all.csv
HPLT/hplt2c_tur_checkpoints,checkpoint_0023000,0.8116883116883117,0.6452166452166452,0.7205824478551751,0.7558869701726845,0.5367954070981211,0.5835278426142048,0.6715879265091863,0.9799081515499426,0.7242798353909465,0.7393385552654482,0.0140892515150983,0.0099097628749036,0.0089015646206208,0.0085098949354005,0.0080552323860609,0.0090019282049203,0.0085065511167373,0.0033618517391329,0.0128203334971038,0.0091576715727904,multiblimp/results/HPLT/hplt2c_tur_checkpoints/checkpoint_0023000/all.csv
HPLT/hplt2c_tur_checkpoints,checkpoint_0024000,0.8051948051948052,0.5525525525525525,0.706021251475797,0.7554945054945055,0.5401878914405011,0.5721907302434145,0.681758530183727,0.9827784156142364,0.7308641975308642,0.7536988685813751,0.014272675323353,0.0102988012118293,0.009037837379722,0.0085145216627393,0.0080510008808272,0.0090345655095835,0.008436963975497,0.003117024971198,0.0127237738758906,0.0089878770513714,multiblimp/results/HPLT/hplt2c_tur_checkpoints/checkpoint_0024000/all.csv
HPLT/hplt2c_tur_checkpoints,checkpoint_0025000,0.8181818181818182,0.5937365937365937,0.7103502558048013,0.7590266875981162,0.5404488517745303,0.5881960653551184,0.6866797900262467,0.9845005740528128,0.7069958847736626,0.7602262837249782,0.0138994688573897,0.0101725451071687,0.0089985081163869,0.0084725333099125,0.0080506598361255,0.0089870688855901,0.0084016358861183,0.0029596592861064,0.0130574136955636,0.0089062978582516,multiblimp/results/HPLT/hplt2c_tur_checkpoints/checkpoint_0025000/all.csv
HPLT/hplt2c_tur_checkpoints,checkpoint_0026000,0.8116883116883117,0.5525525525525525,0.7064147973238882,0.7551020408163265,0.5563674321503131,0.5648549516505502,0.6820866141732284,0.9856486796785304,0.7193415637860082,0.7402088772845953,0.0140892515150983,0.0102988012118293,0.0090343028006567,0.0085191387814409,0.008025642499153,0.0090530988036206,0.008434642681136,0.0028495935946564,0.012890462177155,0.0091477499712211,multiblimp/results/HPLT/hplt2c_tur_checkpoints/checkpoint_0026000/all.csv
HPLT/hplt2c_tur_checkpoints,checkpoint_0027000,0.825974025974026,0.6490776490776491,0.7103502558048013,0.7476452119309263,0.5644572025052192,0.6005335111703901,0.6893044619422573,0.9793340987370838,0.7283950617283951,0.7550043516100957,0.013662962276505,0.0098851372937329,0.0089985081163869,0.0086050587738975,0.0080097355467918,0.0089437688575739,0.0083823457754025,0.0034085411214031,0.0127603970608553,0.0089717858855187,multiblimp/results/HPLT/hplt2c_tur_checkpoints/checkpoint_0027000/all.csv
HPLT/hplt2c_tur_checkpoints,checkpoint_0028000,0.8272727272727273,0.6314886314886314,0.7221566312475404,0.7394034536891679,0.5245302713987474,0.5688562854284761,0.6738845144356955,0.9850746268656716,0.7341563786008231,0.757615317667537,0.0136225825680261,0.0099916468713918,0.0088861448294658,0.0086961165831099,0.0080674069406216,0.0090432404250242,0.0084912371002853,0.002905180294526,0.0126741625111277,0.0089392677727487,multiblimp/results/HPLT/hplt2c_tur_checkpoints/checkpoint_0028000/all.csv
HPLT/hplt2c_tur_checkpoints,checkpoint_0029000,0.8311688311688312,0.6134706134706135,0.725698543880362,0.7535321821036107,0.5386221294363257,0.5918639546515505,0.6768372703412073,0.9879448909299656,0.6995884773662552,0.7550043516100957,0.0134997453204582,0.0100859544840534,0.0088509492348251,0.0085375114811707,0.0080530005027659,0.0089748084663459,0.0084712068257559,0.0026147360612721,0.0131519902483186,0.0089717858855187,multiblimp/results/HPLT/hplt2c_tur_checkpoints/checkpoint_0029000/all.csv
HPLT/hplt2c_tur_checkpoints,checkpoint_0030000,0.8220779220779221,0.5714285714285714,0.7253049980322708,0.7413657770800628,0.5268789144050104,0.5775258419473158,0.6604330708661418,0.983926521239954,0.7053497942386832,0.7541340295909487,0.0137824381058946,0.0102499429047739,0.008854894298347,0.0086748015973253,0.008065453856956,0.0090198133917131,0.0085776756148865,0.003013090654645,0.0130787882175533,0.0089825257061065,multiblimp/results/HPLT/hplt2c_tur_checkpoints/checkpoint_0030000/all.csv
HPLT/hplt2c_tur_checkpoints,checkpoint_0031000,0.8311688311688312,0.601029601029601,0.7072018890200709,0.7539246467817896,0.5289665970772442,0.5781927309103034,0.6689632545931758,0.9856486796785304,0.7358024691358025,0.7436901653611836,0.0134997453204582,0.0101425493998987,0.0090272092346919,0.0085329326415347,0.0080635675201375,0.0090178936794058,0.0085237705796273,0.0028495935946564,0.0126490194011336,0.0091075935786961,multiblimp/results/HPLT/hplt2c_tur_checkpoints/checkpoint_0031000/all.csv
HPLT/hplt2c_tur_checkpoints,checkpoint_0032000,0.8350649350649351,0.6542256542256543,0.7162534435261708,0.7472527472527473,0.514874739039666,0.5821940646882294,0.6676509186351706,0.9822043628013776,0.7292181069958847,0.7419495213228895,0.013374306113324,0.0098511976458369,0.0089432697188279,0.0086094869129482,0.0080735583221937,0.0090060210256757,0.0085322679450628,0.0031676240063748,0.012748244756942,0.0091277660812655,multiblimp/results/HPLT/hplt2c_tur_checkpoints/checkpoint_0032000/all.csv
HPLT/hplt2c_tur_checkpoints,checkpoint_0033000,0.8389610389610389,0.661089661089661,0.7154663518299882,0.75,0.5302713987473904,0.5791930643547849,0.6715879265091863,0.9850746268656716,0.7234567901234568,0.7458659704090513,0.0132461910264679,0.0098039582855709,0.0089507430613049,0.0085782939538439,0.0080623166972394,0.0090149825007703,0.0085065511167373,0.002905180294526,0.0128321568467537,0.0090821107982268,multiblimp/results/HPLT/hplt2c_tur_checkpoints/checkpoint_0033000/all.csv
HPLT/hplt2c_tur_checkpoints,checkpoint_0034000,0.8181818181818182,0.6675246675246675,0.7123179850452578,0.7370486656200942,0.5334029227557411,0.5898632877625876,0.6827427821522309,0.9822043628013776,0.7341563786008231,0.7602262837249782,0.0138994688573897,0.0097575826210219,0.008980302754063,0.0087213970742141,0.0080590890083762,0.008981559959751,0.0084299856073218,0.0031676240063748,0.0126741625111277,0.0089062978582516,multiblimp/results/HPLT/hplt2c_tur_checkpoints/checkpoint_0034000/all.csv
HPLT/hplt2c_tur_checkpoints,checkpoint_0035000,0.8116883116883117,0.6383526383526383,0.7107438016528925,0.7429356357927787,0.5441022964509394,0.5798599533177726,0.6633858267716536,0.986796785304248,0.7160493827160493,0.7711053089643168,0.0140892515150983,0.0099518046553942,0.0089948835442364,0.008657586143176,0.0080456517686251,0.0090130206256815,0.008559370232075,0.0027348255608236,0.0129361414867906,0.0087639460278367,multiblimp/results/HPLT/hplt2c_tur_checkpoints/checkpoint_0035000/all.csv
HPLT/hplt2c_tur_checkpoints,checkpoint_0036000,0.8142857142857143,0.6430716430716431,0.704840613931523,0.7413657770800628,0.5365344467640919,0.5875291763921308,0.6696194225721784,0.9827784156142364,0.7432098765432099,0.7489120974760661,0.0140141157870698,0.0099231388729429,0.009048392415597,0.0086748015973253,0.0080555423515859,0.0089892426407599,0.0085194938477592,0.003117024971198,0.0125330495092579,0.0090459317180939,multiblimp/results/HPLT/hplt2c_tur_checkpoints/checkpoint_0036000/all.csv
HPLT/hplt2c_tur_checkpoints,checkpoint_0037000,0.8298701298701299,0.6374946374946375,0.71900826446281,0.7515698587127159,0.5592379958246346,0.590863621207069,0.6719160104986877,0.983926521239954,0.7308641975308642,0.7580504786771105,0.0135409766485547,0.0099569046655667,0.0089168483784753,0.0085602630157747,0.0080202454527143,0.0089782034297507,0.0085043775460411,0.003013090654645,0.0127237738758906,0.0089338042963577,multiblimp/results/HPLT/hplt2c_tur_checkpoints/checkpoint_0037000/all.csv
HPLT/hplt2c_tur_checkpoints,checkpoint_0038000,0.8246753246753247,0.6027456027456027,0.7237308146399055,0.750392464678179,0.5467118997912317,0.5878626208736245,0.6630577427821522,0.9850746268656716,0.7251028806584362,0.7645778938207136,0.0137030631492156,0.0101351515065266,0.008870588295608,0.0085738003502526,0.0080418074862302,0.0089881578912755,0.0085614225957559,0.002905180294526,0.0128084557049914,0.0088503302515761,multiblimp/results/HPLT/hplt2c_tur_checkpoints/checkpoint_0038000/all.csv
HPLT/hplt2c_tur_checkpoints,checkpoint_0039000,0.8168831168831169,0.6576576576576577,0.7174340810704447,0.7417582417582418,0.5514091858037579,0.573191063687896,0.6847112860892388,0.9856486796785304,0.725925925925926,0.7489120974760661,0.0139379464396237,0.0098278634303766,0.008931996801339,0.008670511396314,0.0080343257524317,0.0090318813668998,0.0084158982158343,0.0028495935946564,0.0127965233188152,0.0090459317180939,multiblimp/results/HPLT/hplt2c_tur_checkpoints/checkpoint_0039000/all.csv
HPLT/hplt2c_tur_checkpoints,checkpoint_0040000,0.8311688311688312,0.6482196482196482,0.7268791814246359,0.7480376766091051,0.5506263048016702,0.5665221740580193,0.67749343832021,0.986796785304248,0.725925925925926,0.7619669277632725,0.0134997453204582,0.0098906708224768,0.0088390621054726,0.0086006213263186,0.0080356229526718,0.0090490641490445,0.0084667033374635,0.0027348255608236,0.0127965233188152,0.0088840644331389,multiblimp/results/HPLT/hplt2c_tur_checkpoints/checkpoint_0040000/all.csv
HPLT/hplt2c_tur_checkpoints,checkpoint_0041000,0.8311688311688312,0.6791076791076791,0.725698543880362,0.7527472527472527,0.5467118997912317,0.5768589529843281,0.6633858267716536,0.9845005740528128,0.7267489711934156,0.7558746736292428,0.0134997453204582,0.0096689173096619,0.0088509492348251,0.0085466405820591,0.0080418074862302,0.0090217162578301,0.008559370232075,0.0029596592861064,0.0127845361857099,0.0089609964097662,multiblimp/results/HPLT/hplt2c_tur_checkpoints/checkpoint_0041000/all.csv
HPLT/hplt2c_tur_checkpoints,checkpoint_0042000,0.8402597402597403,0.661089661089661,0.7170405352223534,0.7527472527472527,0.5433194154488518,0.5845281760586862,0.6751968503937008,0.9856486796785304,0.7242798353909465,0.768059181897302,0.0132028779408114,0.0098039582855709,0.0089357628417559,0.0085466405820591,0.0080467616290863,0.0089988141090472,0.0084823822285779,0.0028495935946564,0.0128203334971038,0.0088046262021158,multiblimp/results/HPLT/hplt2c_tur_checkpoints/checkpoint_0042000/all.csv
HPLT/hplt2c_tur_checkpoints,checkpoint_0043000,0.8168831168831169,0.6495066495066495,0.7280598189689099,0.75,0.5284446764091858,0.5901967322440813,0.6689632545931758,0.9873708381171068,0.7242798353909465,0.7650130548302873,0.0139379464396237,0.0098823573833954,0.0088270968228684,0.0085782939538439,0.0080640523684588,0.0089804453841255,0.0085237705796273,0.0026754900355927,0.0128203334971038,0.0088446627700982,multiblimp/results/HPLT/hplt2c_tur_checkpoints/checkpoint_0043000/all.csv
HPLT/hplt2c_tur_checkpoints,checkpoint_0044000,0.8363636363636363,0.6241956241956242,0.730814639905549,0.7413657770800628,0.5438413361169102,0.5721907302434145,0.6614173228346457,0.9885189437428245,0.7465020576131687,0.7702349869451697,0.0133319021807146,0.0100315984452239,0.0087988721059342,0.0086748015973253,0.0080460239478505,0.0090345655095835,0.0085716152439349,0.0025524623536532,0.012479999986562,0.0087756351281247,multiblimp/results/HPLT/hplt2c_tur_checkpoints/checkpoint_0044000/all.csv
HPLT/hplt2c_tur_checkpoints,checkpoint_0045000,0.8428571428571429,0.6550836550836551,0.7260920897284534,0.7558869701726845,0.528705636743215,0.5825275091697233,0.6683070866141733,0.989667049368542,0.7292181069958847,0.7763272410791993,0.0131153216433139,0.0098454173929017,0.0088469955225801,0.0085098949354005,0.0080638110498701,0.0090050041704663,0.0085280286027252,0.0024228841969094,0.012748244756942,0.0086926851154236,multiblimp/results/HPLT/hplt2c_tur_checkpoints/checkpoint_0045000/all.csv
HPLT/hplt2c_tur_checkpoints,checkpoint_0046000,0.8519480519480519,0.6653796653796654,0.7249114521841794,0.7617739403453689,0.5381002087682673,0.581193731243748,0.6732283464566929,0.9845005740528128,0.7374485596707819,0.77763272410792,0.012798770676051,0.0097732675933083,0.0088588307247003,0.0084393301644637,0.0080536492800109,0.0090090462114543,0.0084956361343953,0.0029596592861064,0.012623649551219,0.0086745646839613,multiblimp/results/HPLT/hplt2c_tur_checkpoints/checkpoint_0046000/all.csv
HPLT/hplt2c_tur_checkpoints,checkpoint_0047000,0.8493506493506493,0.6645216645216645,0.730814639905549,0.7613814756671899,0.5427974947807933,0.5911970656885629,0.6689632545931758,0.986796785304248,0.7333333333333333,0.7850304612706701,0.01289085671129,0.0097794780246486,0.0087988721059342,0.008444102941176,0.0080474904094059,0.0089770760478039,0.0085237705796273,0.0027348255608236,0.01268664946041,0.0085695241011,multiblimp/results/HPLT/hplt2c_tur_checkpoints/checkpoint_0047000/all.csv
HPLT/hplt2c_tur_checkpoints,checkpoint_0047684,,,,,,,,,,,,,,,,,,,,,multiblimp/results/HPLT/hplt2c_tur_checkpoints/checkpoint_0047684/all.csv
HPLT/hplt2c_tur_checkpoints,main,0.8493506493506493,0.6649506649506649,0.738685556867375,0.7629513343799058,0.5401878914405011,0.5885295098366122,0.6742125984251969,0.986796785304248,0.7358024691358025,0.7837249782419495,0.01289085671129,0.0097763773401155,0.0087158385807475,0.0084249525605022,0.0080510008808272,0.0089859756221564,0.0084890304883343,0.0027348255608236,0.0126490194011336,0.0085883555246989,multiblimp/results/HPLT/hplt2c_tur_checkpoints/main/all.csv
HPLT/hplt2c_zhos_checkpoints,checkpoint_0001000,0.7285714285714285,0.4839124839124839,0.6780794962613145,0.6248037676609105,0.5717640918580376,0.5485161720573525,0.6266404199475065,0.6842709529276694,0.6312757201646091,0.6592689295039165,0.0160257545171893,0.0103508008594741,0.009268560582638,0.0095918271148388,0.0079935045903964,0.0090871476511487,0.0087612358313478,0.0111364621780598,0.0138411530864134,0.0098869459718572,multiblimp/results/HPLT/hplt2c_zhos_checkpoints/checkpoint_0001000/all.csv
HPLT/hplt2c_zhos_checkpoints,checkpoint_0002000,0.6220779220779221,0.5229515229515229,0.654073199527745,0.6397174254317112,0.552713987473904,0.5621873957985996,0.6269685039370079,0.6704936854190585,0.6312757201646091,0.6422976501305483,0.0174734299571952,0.0103452463316267,0.009436326293149,0.0095107771851265,0.0080321190355732,0.0090593377131662,0.008759677794024,0.0112617307950733,0.0138411530864134,0.0099989420408012,multiblimp/results/HPLT/hplt2c_zhos_checkpoints/checkpoint_0002000/all.csv
HPLT/hplt2c_zhos_checkpoints,checkpoint_0003000,0.6714285714285714,0.5285285285285285,0.6843762298307753,0.6448194662480377,0.5448851774530271,0.5421807269089697,0.6085958005249343,0.6681974741676234,0.6510288065843621,0.6462140992167101,0.0169265888163678,0.0103392917404284,0.0092199799699754,0.0094807770936616,0.0080445218728063,0.0090976838467968,0.0088403556022738,0.0112815346950985,0.013674351936757,0.0099743238075501,multiblimp/results/HPLT/hplt2c_zhos_checkpoints/checkpoint_0003000/all.csv
HPLT/hplt2c_zhos_checkpoints,checkpoint_0004000,0.6454545454545455,0.5456885456885456,0.6851633215269579,0.6542386185243328,0.550365344467641,0.5285095031677226,0.6220472440944882,0.6739380022962113,0.6411522633744856,0.6583986074847694,0.0172394509512192,0.0103128363323933,0.0092137703089571,0.0094222932926721,0.0080360508832827,0.0091153770872552,0.0087825971406948,0.0112314541957336,0.013760922741104,0.0098930284009975,multiblimp/results/HPLT/hplt2c_zhos_checkpoints/checkpoint_0004000/all.csv
HPLT/hplt2c_zhos_checkpoints,checkpoint_0005000,0.7194805194805195,0.5791505791505791,0.6953955135773318,0.6361852433281004,0.5594989561586639,0.5371790596865622,0.6289370078740157,0.6664753157290471,0.6378600823045267,0.6736292428198434,0.0161899560642321,0.0102255806328703,0.0091302308307709,0.0095308632658173,0.0080197413362412,0.0091049550195984,0.008750238991871,0.011296188999334,0.0137883650393521,0.009781175995036,multiblimp/results/HPLT/hplt2c_zhos_checkpoints/checkpoint_0005000/all.csv
HPLT/hplt2c_zhos_checkpoints,checkpoint_0006000,0.7194805194805195,0.5894465894465895,0.6859504132231405,0.6342229199372057,0.5623695198329853,0.5571857285761921,0.6181102362204725,0.6659012629161883,0.6880658436213992,0.6566579634464752,0.0161899560642321,0.0101891023546635,0.0092075299810473,0.0095417821942505,0.0080140476058064,0.0090703190523619,0.0088002395744788,0.0113010360660844,0.0132910204676843,0.0099050822219981,multiblimp/results/HPLT/hplt2c_zhos_checkpoints/checkpoint_0006000/all.csv
HPLT/hplt2c_zhos_checkpoints,checkpoint_0007000,0.7012987012987013,0.5190905190905191,0.6859504132231405,0.6424646781789639,0.5581941544885177,0.5425141713904635,0.6141732283464567,0.6808266360505166,0.654320987654321,0.6875543951261966,0.0164939513846686,0.0103486114496798,0.0092075299810473,0.0094947687710364,0.0080222394490902,0.0090971662925978,0.0088172699843369,0.0111688257226169,0.0136440654058039,0.0096686475462567,multiblimp/results/HPLT/hplt2c_zhos_checkpoints/checkpoint_0007000/all.csv
HPLT/hplt2c_zhos_checkpoints,checkpoint_0008000,0.7181818181818181,0.5864435864435864,0.6922471467926014,0.6440345368916798,0.517223382045929,0.5518506168722908,0.6190944881889764,0.6630309988518944,0.648559670781893,0.6697127937336814,0.0162127372651785,0.0102002158935011,0.0091564957609485,0.0094854687712831,0.0080723398688335,0.0090810054177086,0.0087958864849487,0.0113249897269427,0.0136965954802922,0.0098110425975421,multiblimp/results/HPLT/hplt2c_zhos_checkpoints/checkpoint_0008000/all.csv
HPLT/hplt2c_zhos_checkpoints,checkpoint_0009000,0.6948051948051948,0.5396825396825397,0.7119244391971665,0.6632653061224489,0.5576722338204593,0.549516505501834,0.615485564304462,0.6750861079219288,0.6345679012345679,0.7184508268059182,0.0165949036174938,0.0103234954631453,0.008983960346904,0.0093624144159366,0.0080232229714252,0.0090853482640268,0.0088116609620359,0.0112212089763697,0.0138151071349468,0.0093821125909927,multiblimp/results/HPLT/hplt2c_zhos_checkpoints/checkpoint_0009000/all.csv
HPLT/hplt2c_zhos_checkpoints,checkpoint_0010000,0.7155844155844155,0.5195195195195195,0.6875245966155057,0.6342229199372057,0.531054279749478,0.5541847282427476,0.6246719160104987,0.6676234213547646,0.6518518518518519,0.6701479547432551,0.0162577997168322,0.0103482681204208,0.009194957074495,0.0095417821942505,0.0080615396566675,0.0090764603482068,0.008770493686261,0.0112864383382695,0.0136668477882958,0.0098077621853672,multiblimp/results/HPLT/hplt2c_zhos_checkpoints/checkpoint_0010000/all.csv
HPLT/hplt2c_zhos_checkpoints,checkpoint_0011000,0.7220779220779221,0.4804804804804805,0.7028728846910665,0.6322605965463108,0.5534968684759917,0.5545181727242414,0.6108923884514436,0.6676234213547646,0.6156378600823045,0.6910356832027851,0.0161438901846155,0.0103482681204208,0.0090658223700244,0.0095525304373018,0.0080307681593638,0.0090757945270025,0.0088309970326344,0.0112864383382695,0.0139554814021262,0.0096389424407722,multiblimp/results/HPLT/hplt2c_zhos_checkpoints/checkpoint_0011000/all.csv
HPLT/hplt2c_zhos_checkpoints,checkpoint_0012000,0.712987012987013,0.4937794937794937,0.670995670995671,0.6389324960753532,0.5472338204592901,0.5228409469823274,0.6079396325459318,0.6544202066590127,0.6205761316872428,0.6488250652741514,0.0163022001661822,0.0103553612784982,0.009320910391357,0.009515288894046,0.0080410118879955,0.0091206995035173,0.0088429917185716,0.0113940585100942,0.0139210411980915,0.0099575054448896,multiblimp/results/HPLT/hplt2c_zhos_checkpoints/checkpoint_0012000/all.csv
HPLT/hplt2c_zhos_checkpoints,checkpoint_0013000,0.7402597402597403,0.5456885456885456,0.6831955922865014,0.6514913657770801,0.5519311064718163,0.5725241747249084,0.619750656167979,0.6624569460390356,0.6312757201646091,0.7127937336814621,0.0158021557468331,0.0103128363323933,0.009229237096405,0.009439769534257,0.0080334497749856,0.0090336749879595,0.0087929631468213,0.0113297242912816,0.0138411530864134,0.0094385195552631,multiblimp/results/HPLT/hplt2c_zhos_checkpoints/checkpoint_0013000/all.csv
HPLT/hplt2c_zhos_checkpoints,checkpoint_0014000,0.7246753246753247,0.5431145431145431,0.6843762298307753,0.6577708006279435,0.5396659707724426,0.5418472824274758,0.6013779527559056,0.6653272101033295,0.642798353909465,0.7010443864229765,0.0160971481898751,0.0103175895377967,0.0092199799699754,0.0093993130462524,0.0080516763053651,0.0090981972966715,0.0088684337784128,0.0113058643226578,0.0137469377097474,0.0095499500973322,multiblimp/results/HPLT/hplt2c_zhos_checkpoints/checkpoint_0014000/all.csv
HPLT/hplt2c_zhos_checkpoints,checkpoint_0015000,0.7103896103896103,0.5242385242385242,0.6855568673750492,0.6499215070643642,0.535490605427975,0.5581860620206736,0.5885826771653543,0.6458094144661309,0.6148148148148148,0.6823324630113142,0.0163459440078153,0.0103439869924271,0.0092106539822522,0.0094496007100353,0.0080567600366196,0.0090681974392438,0.008913279877314,0.0114589973035957,0.0139610734048816,0.0097120167491192,multiblimp/results/HPLT/hplt2c_zhos_checkpoints/checkpoint_0015000/all.csv
HPLT/hplt2c_zhos_checkpoints,checkpoint_0016000,0.7246753246753247,0.5435435435435435,0.6682408500590319,0.6534536891679749,0.5529749478079332,0.5431810603534512,0.6125328083989501,0.6722158438576349,0.6329218106995885,0.7140992167101827,0.0160971481898751,0.0103168166213046,0.0093406184610818,0.0094273218719262,0.0080316709814239,0.0090961188684189,0.008824186203283,0.0112466783749095,0.0138282168803796,0.0094256636642157,multiblimp/results/HPLT/hplt2c_zhos_checkpoints/checkpoint_0016000/all.csv
HPLT/hplt2c_zhos_checkpoints,checkpoint_0017000,0.7038961038961039,0.525096525096525,0.683982683982684,0.6601255886970173,0.5438413361169102,0.5668556185395132,0.6030183727034121,0.6618828932261768,0.6370370370370371,0.6936466492602262,0.0164524651299412,0.0103431091804908,0.0092230733197691,0.0093836717265888,0.0080460239478505,0.0090482447101087,0.0088622295442657,0.0113344401879712,0.0137951160463622,0.0096162434929952,multiblimp/results/HPLT/hplt2c_zhos_checkpoints/checkpoint_0017000/all.csv
HPLT/hplt2c_zhos_checkpoints,checkpoint_0018000,0.7025974025974026,0.5255255255255256,0.6922471467926014,0.6793563579277865,0.5521920668058455,0.5611870623541181,0.6263123359580053,0.6618828932261768,0.6115226337448559,0.7158398607484769,0.0164732878014084,0.0103426587958852,0.0091564957609485,0.0092461391847482,0.0080330084319825,0.0090616086900087,0.00876278956158,0.0113344401879712,0.0139830203370732,0.0094083725307842,multiblimp/results/HPLT/hplt2c_zhos_checkpoints/checkpoint_0018000/all.csv
HPLT/hplt2c_zhos_checkpoints,checkpoint_0019000,0.7506493506493507,0.5135135135135135,0.7005116096025187,0.6821036106750392,0.5341858037578288,0.5705235078359453,0.6256561679790026,0.6687715269804823,0.6452674897119342,0.6979982593559617,0.0155911606250189,0.0103523796934036,0.0090864728226518,0.009225040043629,0.008058232263226,0.0090389552780365,0.008765884109924,0.0112766121440351,0.0137256287999099,0.0095776040911634,multiblimp/results/HPLT/hplt2c_zhos_checkpoints/checkpoint_0019000/all.csv
HPLT/hplt2c_zhos_checkpoints,checkpoint_0020000,0.7688311688311689,0.5122265122265123,0.683982683982684,0.6593406593406593,0.5425365344467641,0.5858619539846616,0.635498687664042,0.6722158438576349,0.6493827160493827,0.7127937336814621,0.0151926931627933,0.0103530660678395,0.0092230733197691,0.0093889141492211,0.0080478514624789,0.0089946025988524,0.0087176493384002,0.0112466783749095,0.0136892257097122,0.0094385195552631,multiblimp/results/HPLT/hplt2c_zhos_checkpoints/checkpoint_0020000/all.csv
HPLT/hplt2c_zhos_checkpoints,checkpoint_0021000,0.7311688311688311,0.5315315315315315,0.6855568673750492,0.6554160125588697,0.5712421711899791,0.56918972990997,0.6223753280839895,0.6584385763490241,0.6255144032921811,0.6949521322889469,0.0159772960464495,0.0103355492812113,0.0092106539822522,0.0094146972312529,0.0079947228328665,0.0090423917581521,0.0087810991970842,0.0113623448426832,0.0138850701288281,0.0096047580797348,multiblimp/results/HPLT/hplt2c_zhos_checkpoints/checkpoint_0021000/all.csv
HPLT/hplt2c_zhos_checkpoints,checkpoint_0022000,0.7324675324675325,0.4916344916344916,0.6859504132231405,0.6538461538461539,0.5516701461377871,0.5548516172057353,0.6276246719160105,0.6498277841561424,0.6567901234567901,0.6923411662315057,0.0159528056543276,0.0103547131808574,0.0092075299810473,0.0094248111246736,0.0080338888816798,0.0090751245717052,0.0087565487888988,0.0114292019055059,0.0136208765327226,0.009627638172747,multiblimp/results/HPLT/hplt2c_zhos_checkpoints/checkpoint_0022000/all.csv
HPLT/hplt2c_zhos_checkpoints,checkpoint_0023000,0.7285714285714285,0.5877305877305877,0.6788665879574971,0.6718995290423861,0.5506263048016702,0.5585195065021674,0.6332020997375328,0.6664753157290471,0.6395061728395062,0.6858137510879025,0.0160257545171893,0.0101955008956957,0.0092625940666714,0.0093015619608589,0.0080356229526718,0.0090674819471855,0.0087292536319908,0.011296188999334,0.0137747316746116,0.009683261690436,multiblimp/results/HPLT/hplt2c_zhos_checkpoints/checkpoint_0023000/all.csv
HPLT/hplt2c_zhos_checkpoints,checkpoint_0024000,0.7337662337662337,0.5066495066495067,0.670995670995671,0.6558084772370487,0.5396659707724426,0.5565188396132044,0.6358267716535433,0.6624569460390356,0.6493827160493827,0.7158398607484769,0.0159281400888266,0.0103552469112737,0.009320910391357,0.0094121510032237,0.0080516763053651,0.0090717127515705,0.0087159741141155,0.0113297242912816,0.0136892257097122,0.0094083725307842,multiblimp/results/HPLT/hplt2c_zhos_checkpoints/checkpoint_0024000/all.csv
HPLT/hplt2c_zhos_checkpoints,checkpoint_0025000,0.7376623376623377,0.4766194766194766,0.6820149547422275,0.6507064364207221,0.5545407098121086,0.5305101700566855,0.60498687664042,0.6716417910447762,0.671604938271605,0.6723237597911227,0.0158530841465305,0.0103448342011287,0.0092384255685431,0.0094446992023311,0.0080289356495887,0.0091132171459893,0.0088546471134115,0.0112517148984292,0.0134730868805627,0.009791217397499,multiblimp/results/HPLT/hplt2c_zhos_checkpoints/checkpoint_0025000/all.csv
HPLT/hplt2c_zhos_checkpoints,checkpoint_0026000,0.7220779220779221,0.5306735306735306,0.6938213301849665,0.6664050235478807,0.5592379958246346,0.547515838612871,0.6243438320209974,0.6745120551090701,0.6436213991769547,0.6718885987815492,0.0161438901846155,0.0103366568847886,0.0091434260564256,0.0093406945471126,0.0080202454527143,0.0090889099706798,0.0087720216217692,0.0112263411801237,0.0137398789896029,0.0097945454174379,multiblimp/results/HPLT/hplt2c_zhos_checkpoints/checkpoint_0026000/all.csv
HPLT/hplt2c_zhos_checkpoints,checkpoint_0027000,0.7233766233766233,0.5375375375375375,0.7111373475009839,0.6577708006279435,0.5391440501043842,0.539513171057019,0.6410761154855643,0.6940298507462687,0.5925925925925926,0.6618798955613577,0.0161206040672185,0.0103269364780101,0.0089912507319402,0.0093993130462524,0.0080523428452759,0.0091016765823597,0.0086885738472159,0.0110409013358211,0.0140962771782333,0.0098684757873741,multiblimp/results/HPLT/hplt2c_zhos_checkpoints/checkpoint_0027000/all.csv
HPLT/hplt2c_zhos_checkpoints,checkpoint_0028000,0.7571428571428571,0.5705705705705706,0.7107438016528925,0.6695447409733124,0.5362734864300627,0.5601867289096365,0.614501312335958,0.687715269804822,0.6263374485596708,0.6640557006092254,0.0154532201923165,0.0102524922328107,0.0089948835442364,0.0093185088856827,0.008055850099151,0.0090638422849643,0.0088158740720352,0.0111033909830073,0.0138789252881281,0.0098528275243833,multiblimp/results/HPLT/hplt2c_zhos_checkpoints/checkpoint_0028000/all.csv
HPLT/hplt2c_zhos_checkpoints,checkpoint_0029000,0.7467532467532467,0.5015015015015015,0.6910665092483275,0.6875981161695447,0.5326200417536534,0.5608536178726242,0.6358267716535433,0.6836969001148105,0.6617283950617284,0.6871192341166231,0.0156716650263159,0.0103561160705034,0.009166215989286,0.0091817285545941,0.0080599258182191,0.009062357373829,0.0087159741141155,0.0111419050763464,0.0135732709447848,0.0096723159318024,multiblimp/results/HPLT/hplt2c_zhos_checkpoints/checkpoint_0029000/all.csv
HPLT/hplt2c_zhos_checkpoints,checkpoint_0030000,0.7350649350649351,0.4598884598884599,0.6934277843368752,0.6632653061224489,0.5409707724425887,0.5625208402800934,0.6253280839895013,0.6618828932261768,0.6748971193415638,0.6792863359442994,0.0159032985348796,0.0103227841770508,0.0091467052290557,0.0093624144159366,0.0080499710804447,0.0090585724089534,0.0087674249325934,0.0113344401879712,0.0134381986608233,0.0097366634534691,multiblimp/results/HPLT/hplt2c_zhos_checkpoints/checkpoint_0030000/all.csv
HPLT/hplt2c_zhos_checkpoints,checkpoint_0031000,0.7246753246753247,0.4963534963534963,0.6788665879574971,0.6479591836734694,0.5427974947807933,0.5528509503167722,0.60498687664042,0.6446613088404133,0.642798353909465,0.6657963446475196,0.0160971481898751,0.0103558873514628,0.0092625940666714,0.0094617315642616,0.0080474904094059,0.0090790823102009,0.0088546471134115,0.0114673475874542,0.0137469377097474,0.0098401402610681,multiblimp/results/HPLT/hplt2c_zhos_checkpoints/checkpoint_0031000/all.csv
HPLT/hplt2c_zhos_checkpoints,checkpoint_0032000,0.7428571428571429,0.504075504075504,0.7036599763872491,0.6766091051805337,0.5589770354906054,0.5608536178726242,0.6299212598425197,0.6819747416762342,0.6189300411522634,0.7010443864229765,0.0157505064096391,0.0103558187347656,0.0090588745978685,0.0092668706512461,0.0080207473218149,0.009062357373829,0.0087454612570596,0.0111581161194003,0.0139326907912427,0.0095499500973322,multiblimp/results/HPLT/hplt2c_zhos_checkpoints/checkpoint_0032000/all.csv
HPLT/hplt2c_zhos_checkpoints,checkpoint_0033000,0.7454545454545455,0.5478335478335479,0.695789059425423,0.6581632653061225,0.5394050104384134,0.543514504834945,0.6020341207349081,0.6412169919632607,0.6197530864197531,0.6570931244560487,0.0156981290189537,0.0103086630339993,0.0091269123479954,0.0093967240506314,0.0080520106857603,0.0090955889970207,0.0088659645552731,0.0114919669737543,0.0139268872292205,0.0099020826252397,multiblimp/results/HPLT/hplt2c_zhos_checkpoints/checkpoint_0033000/all.csv
HPLT/hplt2c_zhos_checkpoints,checkpoint_0034000,0.7389610389610389,0.5624195624195624,0.7083825265643447,0.6824960753532182,0.5357515657620042,0.5658552850950317,0.6246719160104987,0.6842709529276694,0.6864197530864198,0.6975630983463882,0.0158277096266084,0.0102751464718595,0.0090165077219762,0.0092219957197565,0.0080564589414165,0.0090506905155326,0.008770493686261,0.0111364621780598,0.0133100931923658,0.0095815137449575,multiblimp/results/HPLT/hplt2c_zhos_checkpoints/checkpoint_0034000/all.csv
HPLT/hplt2c_zhos_checkpoints,checkpoint_0035000,0.7168831168831169,0.5607035607035608,0.7024793388429752,0.6605180533751962,0.537839248434238,0.5721907302434145,0.6279527559055118,0.6584385763490241,0.6493827160493827,0.6666666666666666,0.0162353515839149,0.0102795561193203,0.0090692841791467,0.0093810397507732,0.0080539703392134,0.0090345655095835,0.0087549778164761,0.0113623448426832,0.0136892257097122,0.0098337402127521,multiblimp/results/HPLT/hplt2c_zhos_checkpoints/checkpoint_0035000/all.csv
HPLT/hplt2c_zhos_checkpoints,checkpoint_0036000,0.7662337662337663,0.564993564993565,0.7020857929948839,0.6467817896389325,0.5733298538622129,0.582860953651217,0.6279527559055118,0.6526980482204363,0.665843621399177,0.6701479547432551,0.0152519780159388,0.0102682977800842,0.0090727379492608,0.0094689260080038,0.0079897953661427,0.0090039830828985,0.0087549778164761,0.011407374346335,0.0135323387471667,0.0098077621853672,multiblimp/results/HPLT/hplt2c_zhos_checkpoints/checkpoint_0036000/all.csv
HPLT/hplt2c_zhos_checkpoints,checkpoint_0037000,0.7298701298701299,0.5624195624195624,0.7233372687918143,0.6628728414442701,0.548277661795407,0.5665221740580193,0.6108923884514436,0.6704936854190585,0.6518518518518519,0.7001740644038295,0.0160016120694983,0.0102751464718595,0.0088744902879191,0.0093650968106637,0.0080393939287771,0.0090490641490445,0.0088309970326344,0.0112617307950733,0.0136668477882958,0.009557902510963,multiblimp/results/HPLT/hplt2c_zhos_checkpoints/checkpoint_0037000/all.csv
HPLT/hplt2c_zhos_checkpoints,checkpoint_0038000,0.7298701298701299,0.5482625482625483,0.6965761511216056,0.6836734693877551,0.5446242171189979,0.5645215071690564,0.6282808398950132,0.6636050516647531,0.6345679012345679,0.6801566579634465,0.0160016120694983,0.0103078051927435,0.0091202517107425,0.0092128173428163,0.0080449007314148,0.0090538932343188,0.0087534025277191,0.0113202364715317,0.0138151071349468,0.0097296702557739,multiblimp/results/HPLT/hplt2c_zhos_checkpoints/checkpoint_0038000/all.csv
HPLT/hplt2c_zhos_checkpoints,checkpoint_0039000,0.7311688311688311,0.4834834834834834,0.7068083431719795,0.6726844583987441,0.5511482254697286,0.5781927309103034,0.6200787401574803,0.677382319173364,0.6246913580246913,0.6744995648389904,0.0159772960464495,0.010350510999063,0.0090307600888384,0.009295854096639,0.0080347603876062,0.0090178936794058,0.0087914950878667,0.0112004877508983,0.0138911721155559,0.0097744338429372,multiblimp/results/HPLT/hplt2c_zhos_checkpoints/checkpoint_0039000/all.csv
HPLT/hplt2c_zhos_checkpoints,checkpoint_0040000,0.7662337662337663,0.5328185328185329,0.7229437229437229,0.6797488226059655,0.5623695198329853,0.5765255085028342,0.6164698162729659,0.6699196326061998,0.654320987654321,0.7053959965187119,0.0152519780159388,0.0103338303509739,0.0088783837001513,0.0092431475906725,0.0080140476058064,0.0090226613769017,0.0088074097498499,0.0112667102190034,0.0136440654058039,0.0095095683712065,multiblimp/results/HPLT/hplt2c_zhos_checkpoints/checkpoint_0040000/all.csv
HPLT/hplt2c_zhos_checkpoints,checkpoint_0041000,0.7571428571428571,0.5418275418275418,0.721763085399449,0.6946624803767661,0.5427974947807933,0.5901967322440813,0.619750656167979,0.6785304247990815,0.6691358024691358,0.7032201914708442,0.0154532201923165,0.0103198620360455,0.0088900125689804,0.0091238323425208,0.0080474904094059,0.0089804453841255,0.0087929631468213,0.011190011317429,0.0134987602028821,0.0095298887108844,multiblimp/results/HPLT/hplt2c_zhos_checkpoints/checkpoint_0041000/all.csv
HPLT/hplt2c_zhos_checkpoints,checkpoint_0042000,0.7493506493506493,0.54997854997855,0.7024793388429752,0.6711145996860283,0.5391440501043842,0.5805268422807602,0.630249343832021,0.6647531572904707,0.6584362139917695,0.7075718015665796,0.0156181817817172,0.0103042964916127,0.0090692841791467,0.0093072403445572,0.0080523428452759,0.0090110418662846,0.0087438600210674,0.0113106737931429,0.0136051904309839,0.0094889874146804,multiblimp/results/HPLT/hplt2c_zhos_checkpoints/checkpoint_0042000/all.csv
HPLT/hplt2c_zhos_checkpoints,checkpoint_0043000,0.7584415584415585,0.540969540969541,0.7056277056277056,0.6864207221350078,0.543580375782881,0.5818606202067356,0.6223753280839895,0.6659012629161883,0.6699588477366255,0.7093124456048738,0.015425058078162,0.0103213385091177,0.0090413638355723,0.0091911352921529,0.0080463939012353,0.00900703364996,0.0087810991970842,0.0113010360660844,0.0134902491862771,0.0094723338644842,multiblimp/results/HPLT/hplt2c_zhos_checkpoints/checkpoint_0043000/all.csv
HPLT/hplt2c_zhos_checkpoints,checkpoint_0044000,0.7571428571428571,0.5624195624195624,0.695789059425423,0.6946624803767661,0.552713987473904,0.5965321773924641,0.6253280839895013,0.6670493685419059,0.6526748971193416,0.7171453437771975,0.0154532201923165,0.0102751464718595,0.0091269123479954,0.0091238323425208,0.0080321190355732,0.0089584558315734,0.0087674249325934,0.0112913230981824,0.0136592987001197,0.0093952912042591,multiblimp/results/HPLT/hplt2c_zhos_checkpoints/checkpoint_0044000/all.csv
HPLT/hplt2c_zhos_checkpoints,checkpoint_0045000,0.7753246753246753,0.5598455598455598,0.7107438016528925,0.6934850863422292,0.5495824634655533,0.5825275091697233,0.6240157480314961,0.664179104477612,0.6526748971193416,0.7132288946910357,0.0150409105812599,0.0102817141596326,0.0089948835442364,0.009133656113757,0.0080373212717052,0.0090050041704663,0.0087735452660537,0.0113154645014941,0.0136592987001197,0.0094342449393498,multiblimp/results/HPLT/hplt2c_zhos_checkpoints/checkpoint_0045000/all.csv
HPLT/hplt2c_zhos_checkpoints,checkpoint_0046000,0.7649350649350649,0.5568425568425568,0.7111373475009839,0.6970172684458399,0.5600208768267223,0.5885295098366122,0.619750656167979,0.6699196326061998,0.6370370370370371,0.7180156657963447,0.0152813191859258,0.0102890220208157,0.0089912507319402,0.0091039737199629,0.0080187263594802,0.0089859756221564,0.0087929631468213,0.0112667102190034,0.0137951160463622,0.0093865162969517,multiblimp/results/HPLT/hplt2c_zhos_checkpoints/checkpoint_0046000/all.csv
HPLT/hplt2c_zhos_checkpoints,checkpoint_0047000,0.7818181818181819,0.5804375804375804,0.7150728059818969,0.695839874411303,0.5501043841336117,0.594864954984995,0.631233595800525,0.6745120551090701,0.6444444444444445,0.720626631853786,0.0148839018936608,0.0102212712912667,0.0089544671833235,0.0091139382876392,0.0080364765797555,0.008964392536572,0.0087390303066123,0.0112263411801237,0.0137327760425443,0.0093599309253003,multiblimp/results/HPLT/hplt2c_zhos_checkpoints/checkpoint_0047000/all.csv
HPLT/hplt2c_zhos_checkpoints,checkpoint_0047684,,,,,,,,,,,,,,,,,,,,,multiblimp/results/HPLT/hplt2c_zhos_checkpoints/checkpoint_0047684/all.csv
HPLT/hplt2c_zhos_checkpoints,main,0.7779220779220779,0.5765765765765766,0.7158598976780794,0.695054945054945,0.5524530271398748,0.586862287429143,0.6305774278215223,0.669345579793341,0.6411522633744856,0.720626631853786,0.014978743319554,0.0102339855731801,0.0089470105766298,0.0091205421447829,0.0080325648523019,0.0089913993772815,0.0087422544522552,0.0112716706603071,0.013760922741104,0.0093599309253003,multiblimp/results/HPLT/hplt2c_zhos_checkpoints/main/all.csv
HuggingFaceTB/SmolLM2-1.7B,main,0.9883116883116884,0.8172458172458172,0.918142463597009,0.945054945054945,0.8541231732776617,0.81027009003001,0.8966535433070866,0.7617680826636051,0.811522633744856,0.9064403829416884,0.0038732675319774,0.0080045860793155,0.0054385363962578,0.0045143281348916,0.0057021765006359,0.007159695814696,0.0055138208174727,0.0102067454479795,0.0112199722227258,0.0060748957346782,multiblimp/results/HuggingFaceTB/SmolLM2-1.7B/main/all.csv
checkpoint_0001000/checkpoint_0002000/checkpoint_0003000,checkpoint_0003000,,,,,,,,,,,,,,,,,,,,,multiblimp/results/checkpoint_0001000/checkpoint_0002000/checkpoint_0003000/all.csv
checkpoint_0002000/checkpoint_0003000/checkpoint_0004000,checkpoint_0004000,,,,,,,,,,,,,,,,,,,,,multiblimp/results/checkpoint_0002000/checkpoint_0003000/checkpoint_0004000/all.csv
checkpoint_0003000/checkpoint_0004000/checkpoint_0005000,checkpoint_0005000,,,,,,,,,,,,,,,,,,,,,multiblimp/results/checkpoint_0003000/checkpoint_0004000/checkpoint_0005000/all.csv
google/gemma-2-2b,main,0.987012987012987,0.9455169455169457,0.9634002361275088,0.9791993720565147,0.9509394572025052,0.9393131043681228,0.95997375328084,0.8897818599311137,0.9061728395061728,0.973455178416014,0.004080099069444,0.0047010432341309,0.0037251192785072,0.0028273141992179,0.0034892320916248,0.0043597784346777,0.0035505418190613,0.0075031605154248,0.0083653028472573,0.0033533035833536,multiblimp/results/google/gemma-2-2b/main/all.csv
merged-10-checkpoints/checkpoint_0001000/checkpoint_0002000,checkpoint_0002000,,,,,,,,,,,,,,,,,,,,,multiblimp/results/merged-10-checkpoints/checkpoint_0001000/checkpoint_0002000/all.csv
meta-llama/Llama-3.2-1B,main,0.9896103896103896,0.9086229086229086,0.9551357733175916,0.9729199372056516,0.9224947807933194,0.9269756585528508,0.9419291338582676,0.8214695752009185,0.8502057613168724,0.9612706701479548,0.0036541501731241,0.0059681450448263,0.0041065802699828,0.0032156122411327,0.0043195119827238,0.0047509423085032,0.0042362422314899,0.0091754587136709,0.0102381488143325,0.0040250179800157,multiblimp/results/meta-llama/Llama-3.2-1B/main/all.csv
models/dareties-10-checkpoints/checkpoint_0047684,checkpoint_0047684,0.6792207792207792,0.5036465036465037,0.6646989374262101,0.6043956043956044,0.5427974947807933,0.5498499499833278,0.6085958005249343,0.6831228473019518,0.6386831275720165,0.6044386422976501,0.0168214424190996,0.0103558873514628,0.0093654278959171,0.0096870488760687,0.0080474904094059,0.0090847402272832,0.0088403556022738,0.0111473283469364,0.0137815702703554,0.0102001845150255,multiblimp/results/models/dareties-10-checkpoints/checkpoint_0047684/all.csv
models/linear-aya-checkpoints/checkpoint_0047684,checkpoint_0047684,0.977922077922078,0.8927498927498928,0.9527744982290436,0.9713500784929356,0.9368475991649268,0.9136378792930976,0.9452099737532808,0.8731343283582089,0.9094650205761317,0.9560487380330722,0.0052952425884906,0.0064090348652749,0.0042080512471309,0.0033048358735317,0.0039293132857614,0.0051293279228,0.004121994621019,0.007974225593973,0.0082321460094845,0.0042761278236054,multiblimp/results/models/linear-aya-checkpoints/checkpoint_0047684/all.csv
models/merged-10-checkpoints/checkpoint_0000000,checkpoint_0000000,0.6493506493506493,0.5529815529815529,0.6379378197560016,0.5839874411302983,0.537839248434238,0.5425141713904635,0.59251968503937,0.6624569460390356,0.6378600823045267,0.5922541340295909,0.0171961330423003,0.0102978582122505,0.0095340719162689,0.0097646181067644,0.0080539703392134,0.0090971662925978,0.0089001479661277,0.0113297242912816,0.0137883650393521,0.0102511791071675,multiblimp/results/models/mixed-10-checkpoints/checkpoint_0000000/all.csv
models/merged-10-checkpoints/checkpoint_0001000,checkpoint_0001000,0.6701298701298701,0.5761475761475762,0.6816214088941361,0.6330455259026687,0.5360125260960334,0.557519173057686,0.6207349081364829,0.687715269804822,0.6650205761316872,0.6679721496953873,0.0169435973154016,0.0102353587271803,0.0092414731715183,0.0095482515852318,0.0080561556290104,0.0090696159908598,0.0087885461795018,0.0111033909830073,0.0135406174356114,0.0098240694128683,multiblimp/results/models/merged-10-checkpoints/checkpoint_0001000/all.csv
models/merged-10-checkpoints/checkpoint_0002000,checkpoint_0002000,0.6636363636363637,0.5645645645645646,0.6871310507674144,0.6240188383045526,0.5461899791231732,0.5608536178726242,0.6161417322834646,0.6722158438576349,0.6551440329218107,0.6579634464751958,0.0170264553698697,0.0102694587664537,0.0091981118521413,0.0095958219532376,0.0080425941670882,0.009062357373829,0.00880883105755,0.0112466783749095,0.013636381048723,0.0098960557231795,multiblimp/results/models/merged-10-checkpoints/checkpoint_0002000/all.csv
models/merged-10-checkpoints/checkpoint_0003000,checkpoint_0003000,0.6688311688311688,0.5735735735735735,0.6717827626918536,0.6259811616954474,0.5391440501043842,0.5571857285761921,0.6184383202099738,0.6831228473019518,0.6452674897119342,0.6475195822454308,0.0169604596096409,0.0102434319241853,0.0093152129668542,0.0095857844386213,0.0080523428452759,0.0090703190523619,0.0087987927975101,0.0111473283469364,0.0137256287999099,0.0099659553827128,multiblimp/results/models/merged-10-checkpoints/checkpoint_0003000/all.csv
models/merged-10-checkpoints/checkpoint_0004000,checkpoint_0004000,0.6649350649350649,0.5555555555555556,0.6599763872491146,0.6259811616954474,0.5331419624217119,0.5331777259086362,0.6164698162729659,0.6699196326061998,0.6378600823045267,0.6261966927763273,0.0170101735927553,0.0102920373032727,0.0093975880818583,0.0095857844386213,0.0080593701597149,0.0091101085354138,0.0088074097498499,0.0112667102190034,0.0137883650393521,0.0100925739990862,multiblimp/results/models/merged-10-checkpoints/checkpoint_0004000/all.csv
models/merged-10-checkpoints/checkpoint_0005000,checkpoint_0005000,0.6584415584415585,0.561990561990562,0.6587957497048406,0.630298273155416,0.5323590814196242,0.5341780593531177,0.613517060367454,0.6710677382319173,0.6617283950617284,0.6414273281114012,0.0170901457350412,0.0102762605858195,0.0094054651373179,0.0095631085704855,0.0080602003258426,0.0091088753764204,0.0088200491344492,0.0112567323633259,0.0135732709447848,0.010004313927275,multiblimp/results/models/merged-10-checkpoints/checkpoint_0005000/all.csv
models/merged-10-checkpoints/checkpoint_0006000,checkpoint_0006000,0.6636363636363637,0.577005577005577,0.6591892955529319,0.597723704866562,0.5334029227557411,0.5398466155385129,0.6174540682414699,0.6526980482204363,0.6526748971193416,0.6279373368146214,0.0170264553698697,0.0102326045190069,0.0094028466676364,0.0097143276806453,0.0080590890083762,0.0091011918436195,0.0088031203802762,0.011407374346335,0.0136592987001197,0.0100830329494155,multiblimp/results/models/merged-10-checkpoints/checkpoint_0006000/all.csv
models/merged-10-checkpoints/checkpoint_0007000,checkpoint_0007000,0.6571428571428571,0.5551265551265552,0.6635182998819362,0.5824175824175825,0.5347077244258872,0.5265088362787596,0.6000656167979003,0.6584385763490241,0.6230452674897119,0.6557876414273281,0.0171057111465686,0.0102930268599197,0.0093735660711854,0.0097698664909685,0.0080576500214878,0.0091173901309886,0.0088733224050274,0.0113623448426832,0.0139032477523963,0.009911053748902,multiblimp/results/models/merged-10-checkpoints/checkpoint_0007000/all.csv
models/merged-10-checkpoints/checkpoint_0008000,checkpoint_0008000,0.6792207792207792,0.5615615615615616,0.6564344746162928,0.5989010989010989,0.5469728601252609,0.531510503501167,0.5980971128608924,0.687715269804822,0.6584362139917695,0.6405570060922542,0.0168214424190996,0.0102773668967063,0.0094210248084886,0.0097096500864994,0.0080414108019496,0.0091120820564147,0.0088805310007769,0.0111033909830073,0.0136051904309839,0.010009650000932,multiblimp/results/models/merged-10-checkpoints/checkpoint_0008000/all.csv
models/merged-10-checkpoints/checkpoint_0009000,checkpoint_0009000,0.674025974025974,0.5216645216645217,0.658008658008658,0.609105180533752,0.5425365344467641,0.5301767255751917,0.5941601049868767,0.6831228473019518,0.642798353909465,0.6270670147954743,0.0168921314335768,0.0103464368386273,0.0094106804603807,0.009666658853969,0.0080478514624789,0.0091135873417623,0.0088945018743123,0.0111473283469364,0.0137469377097474,0.0100878209396407,multiblimp/results/models/merged-10-checkpoints/checkpoint_0009000/all.csv
models/merged-10-checkpoints/checkpoint_0010000,checkpoint_0010000,0.6935064935064935,0.4954954954954955,0.6481700118063755,0.6063579277864992,0.5328810020876826,0.5318439479826609,0.6000656167979003,0.6756601607347876,0.6790123456790124,0.6375108790252393,0.0166146249521248,0.0103557424934577,0.0094734585969847,0.0096786675555212,0.0080596490962526,0.0091116955241089,0.0088733224050274,0.0112160575581314,0.0133935240200062,0.0100280450547223,multiblimp/results/models/merged-10-checkpoints/checkpoint_0010000/all.csv
models/merged-10-checkpoints/checkpoint_0011000,checkpoint_0011000,0.7142857142857143,0.4753324753324753,0.6564344746162928,0.6114599686028257,0.5516701461377871,0.547515838612871,0.5967847769028871,0.6900114810562572,0.6633744855967079,0.643603133159269,0.0162800823513768,0.0103435519123439,0.0094210248084886,0.009656109643812,0.0080338888816798,0.0090889099706798,0.0088852539920865,0.0110809472571807,0.0135570362717698,0.0099908169355864,multiblimp/results/models/merged-10-checkpoints/checkpoint_0011000/all.csv
models/merged-10-checkpoints/checkpoint_0012000,checkpoint_0012000,0.687012987012987,0.5079365079365079,0.6363636363636364,0.5985086342229199,0.5521920668058455,0.5471823941313771,0.5961286089238845,0.6871412169919633,0.6378600823045267,0.6453437771975631,0.0167109165147893,0.010354858053262,0.0095429796560268,0.0097112157597285,0.0080330084319825,0.0090894891770207,0.0088875907056949,0.0111089522577807,0.0137883650393521,0.0099798575737927,multiblimp/results/models/merged-10-checkpoints/checkpoint_0012000/all.csv
models/merged-10-checkpoints/checkpoint_0013000,checkpoint_0013000,0.7,0.4555984555984556,0.633215269578906,0.6157770800627943,0.5451461377870563,0.5565188396132044,0.5964566929133859,0.6888633754305397,0.6238683127572017,0.6440382941688425,0.0165144564768954,0.010315247652336,0.0095604642236242,0.0096361528939213,0.00804414078711,0.0090717127515705,0.0088864244126976,0.011092208905565,0.0138972313047603,0.0099880905978834,multiblimp/results/models/merged-10-checkpoints/checkpoint_0013000/all.csv
models/merged-10-checkpoints/checkpoint_0014000,checkpoint_0014000,0.7168831168831169,0.483054483054483,0.6430539157811885,0.6040031397174255,0.552713987473904,0.5685228409469824,0.5915354330708661,0.6739380022962113,0.6641975308641975,0.6505657093124456,0.0162353515839149,0.0103502135023055,0.0095043554956819,0.0096887055522512,0.0080321190355732,0.0090440849129964,0.0089034863061084,0.0112314541957336,0.0135488499157525,0.0099461117037784,multiblimp/results/models/merged-10-checkpoints/checkpoint_0014000/all.csv
models/merged-10-checkpoints/checkpoint_0015000,checkpoint_0015000,0.7207792207792207,0.4714714714714714,0.6454151908697363,0.609105180533752,0.5506263048016702,0.5428476158719573,0.5908792650918635,0.6836969001148105,0.6534979423868312,0.6392515230635335,0.0161670072756062,0.0103392917404284,0.0094902427629358,0.009666658853969,0.0080356229526718,0.0090966446333739,0.0089056913438797,0.0111419050763464,0.0136517045976767,0.0100175870874698,multiblimp/results/models/merged-10-checkpoints/checkpoint_0015000/all.csv
models/merged-10-checkpoints/checkpoint_0016000,checkpoint_0016000,0.7194805194805195,0.4942084942084942,0.6493506493506493,0.6075353218210361,0.5548016701461378,0.5595198399466489,0.5928477690288714,0.6940298507462687,0.6345679012345679,0.6409921671018277,0.0161899560642321,0.0103554680201014,0.0094661596899323,0.0096735602890534,0.0080284719229006,0.0090653105942174,0.0088990269710946,0.0110409013358211,0.0138151071349468,0.010006986437116,multiblimp/results/models/merged-10-checkpoints/checkpoint_0016000/all.csv
models/merged-10-checkpoints/checkpoint_0017000,checkpoint_0017000,0.7116883116883117,0.4873444873444873,0.6505312868949232,0.608712715855573,0.5339248434237995,0.5421807269089697,0.5859580052493438,0.6848450057405281,0.6559670781893004,0.6370757180156658,0.0163241538311979,0.0103528449077126,0.0094587971555985,0.0096683940532032,0.0080585200603663,0.0090976838467968,0.0089217070896156,0.0111309996232835,0.0136286514500363,0.0100306373047337,multiblimp/results/models/merged-10-checkpoints/checkpoint_0017000/all.csv
models/merged-10-checkpoints/checkpoint_0018000,checkpoint_0018000,0.7025974025974026,0.4839124839124839,0.6402990948445494,0.6181318681318682,0.5373173277661796,0.5448482827609203,0.594488188976378,0.695752009184845,0.6576131687242799,0.6261966927763273,0.0164732878014084,0.0103508008594741,0.0095205026172428,0.0096249296462529,0.0080546058001054,0.009093428432556,0.0088933603131089,0.0110234368553271,0.0136130562191324,0.0100925739990862,multiblimp/results/models/merged-10-checkpoints/checkpoint_0018000/all.csv
models/merged-10-checkpoints/checkpoint_0019000,checkpoint_0019000,0.7090909090909091,0.4967824967824968,0.663124754033845,0.6185243328100472,0.5373173277661796,0.5238412804268089,0.589238845144357,0.6854190585533869,0.6650205761316872,0.6174934725848564,0.0163675713489917,0.0103559483437009,0.0093762642253224,0.0096230358458276,0.0080546058001054,0.0091198458491344,0.0089111321992553,0.0111255173830639,0.0135406174356114,0.0101381940304184,multiblimp/results/models/merged-10-checkpoints/checkpoint_0019000/all.csv
models/merged-10-checkpoints/checkpoint_0020000,checkpoint_0020000,0.7181818181818181,0.4697554697554698,0.6702085792994884,0.6075353218210361,0.5433194154488518,0.5295098366122041,0.5961286089238845,0.6900114810562572,0.6765432098765433,0.6205395996518712,0.0162127372651785,0.0103371991853267,0.0093265781943734,0.0096735602890534,0.0080467616290863,0.0091143154851746,0.0088875907056949,0.0110809472571807,0.013420471281627,0.0101226208116097,multiblimp/results/models/merged-10-checkpoints/checkpoint_0020000/all.csv
models/merged-10-checkpoints/checkpoint_0021000,checkpoint_0021000,0.712987012987013,0.4851994851994852,0.6796536796536796,0.6118524332810047,0.5383611691022965,0.5465155051683894,0.5984251968503937,0.6940298507462687,0.6691358024691358,0.6161879895561357,0.0163022001661822,0.0103516246289592,0.0092565973662051,0.0096543284061477,0.0080533260012842,0.0090906352441779,0.0088793399174935,0.0110409013358211,0.0134987602028821,0.0101447391066371,multiblimp/results/models/merged-10-checkpoints/checkpoint_0021000/all.csv
models/merged-10-checkpoints/checkpoint_0022000,checkpoint_0022000,0.7181818181818181,0.4882024882024882,0.683982683982684,0.6259811616954474,0.5498434237995825,0.547515838612871,0.6007217847769029,0.6859931113662457,0.6592592592592592,0.6105308964316797,0.0162127372651785,0.0103532795972725,0.0092230733197691,0.0095857844386213,0.0080369000424453,0.0090889099706798,0.0088708863904062,0.0111200154282859,0.0135972790893583,0.0101722099827416,multiblimp/results/models/merged-10-checkpoints/checkpoint_0022000/all.csv
models/merged-10-checkpoints/checkpoint_0023000,checkpoint_0023000,0.7116883116883117,0.5577005577005577,0.6835891381345927,0.6259811616954474,0.5289665970772442,0.5398466155385129,0.6062992125984252,0.6796785304247991,0.6452674897119342,0.618798955613577,0.0163241538311979,0.0102869729659322,0.0092261590260234,0.0095857844386213,0.0080635675201375,0.0091011918436195,0.0088495087389963,0.0111794573812377,0.0137256287999099,0.0101315715255587,multiblimp/results/models/merged-10-checkpoints/checkpoint_0023000/all.csv
models/merged-10-checkpoints/checkpoint_0024000,checkpoint_0024000,0.7246753246753247,0.5341055341055341,0.6772924045651318,0.6157770800627943,0.5268789144050104,0.5311770590196733,0.5974409448818898,0.6848450057405281,0.6493827160493827,0.623585726718886,0.0160971481898751,0.0103320423601632,0.0092744969723605,0.0096361528939213,0.008065453856956,0.0091124645038214,0.0088829007614907,0.0111309996232835,0.0136892257097122,0.0101066240837621,multiblimp/results/models/merged-10-checkpoints/checkpoint_0024000/all.csv
models/merged-10-checkpoints/checkpoint_0025000,checkpoint_0025000,0.7090909090909091,0.5718575718575719,0.6820149547422275,0.619309262166405,0.5341858037578288,0.5258419473157719,0.6033464566929134,0.6779563719862227,0.6469135802469136,0.6153176675369887,0.0163675713489917,0.010248656447227,0.0092384255685431,0.0096192282733638,0.008058232263226,0.0091180285186911,0.0088609762199143,0.0111952592083675,0.0137112011504046,0.0101490595489195,multiblimp/results/models/merged-10-checkpoints/checkpoint_0025000/all.csv
models/merged-10-checkpoints/checkpoint_0026000,checkpoint_0026000,0.7025974025974026,0.5323895323895323,0.6804407713498623,0.6204866562009419,0.5328810020876826,0.5205068356118706,0.6118766404199475,0.687715269804822,0.648559670781893,0.6166231505657093,0.0164732878014084,0.0103344109993865,0.0092505704225378,0.0096134669262058,0.0080596490962526,0.0091225488139746,0.0088269231680289,0.0111033909830073,0.0136965954802922,0.0101425660084572,multiblimp/results/models/merged-10-checkpoints/checkpoint_0026000/all.csv
models/merged-10-checkpoints/checkpoint_0027000,checkpoint_0027000,0.7051948051948052,0.5413985413985414,0.6796536796536796,0.6181318681318682,0.5284446764091858,0.5258419473157719,0.604002624671916,0.6882893226176808,0.6559670781893004,0.6218450826805918,0.0164314827654571,0.0103206041240438,0.0092565973662051,0.0096249296462529,0.0080640523684588,0.0091180285186911,0.008858457079602,0.011097809875581,0.0136286514500363,0.0101158170452868,multiblimp/results/models/merged-10-checkpoints/checkpoint_0027000/all.csv
models/merged-10-checkpoints/checkpoint_0028000,checkpoint_0028000,0.6987012987012987,0.531960531960532,0.6776859504132231,0.6067503924646782,0.5203549060542797,0.5148382794264755,0.6148293963254593,0.695752009184845,0.6469135802469136,0.6244560487380331,0.016534803667731,0.010334983975707,0.0092715325396562,0.0096769716797332,0.0080704375251577,0.009126209749362,0.008814473932229,0.0110234368553271,0.0137112011504046,0.0101019755224977,multiblimp/results/models/merged-10-checkpoints/checkpoint_0028000/all.csv
models/merged-10-checkpoints/checkpoint_0029000,checkpoint_0029000,0.7064935064935065,0.5727155727155727,0.695789059425423,0.6114599686028257,0.524008350730689,0.5238412804268089,0.610236220472441,0.6859931113662457,0.6469135802469136,0.6379460400348129,0.0164103400954024,0.0102460599302686,0.0091269123479954,0.009656109643812,0.0080678166646654,0.0091198458491344,0.0088336919100192,0.0111200154282859,0.0137112011504046,0.0100254439149269,multiblimp/results/models/merged-10-checkpoints/checkpoint_0029000/all.csv
models/merged-10-checkpoints/checkpoint_0030000,checkpoint_0030000,0.7116883116883117,0.5096525096525096,0.6784730421094057,0.6040031397174255,0.5156576200417536,0.5365121707235745,0.6089238845144357,0.6727898966704937,0.6477366255144033,0.6309834638816362,0.0163241538311979,0.0103542327999598,0.0092655810940658,0.0096887055522512,0.0080731720032337,0.0091058548561115,0.0088390312563435,0.0112416227671506,0.013703920603337,0.0100659991808106,multiblimp/results/models/merged-10-checkpoints/checkpoint_0030000/all.csv
models/merged-10-checkpoints/checkpoint_0031000,checkpoint_0031000,0.712987012987013,0.5272415272415273,0.6847697756788665,0.6114599686028257,0.5221816283924844,0.5331777259086362,0.6046587926509186,0.6808266360505166,0.6625514403292181,0.6301131418624891,0.0163022001661822,0.0103407807096842,0.0092168789689465,0.009656109643812,0.0080691811600302,0.0091101085354138,0.0088559212719559,0.0111688257226169,0.0135651765871686,0.0100709098238448,multiblimp/results/models/merged-10-checkpoints/checkpoint_0031000/all.csv
models/merged-10-checkpoints/checkpoint_0032000,checkpoint_0032000,0.7181818181818181,0.5564135564135564,0.6847697756788665,0.6346153846153846,0.5219206680584552,0.5285095031677226,0.6017060367454068,0.6756601607347876,0.6534979423868312,0.6318537859007833,0.0162127372651785,0.0102900348859883,0.0092168789689465,0.0095396120820174,0.0080693672597562,0.0091153770872552,0.0088672012441013,0.0112160575581314,0.0136517045976767,0.0100610533793269,multiblimp/results/models/merged-10-checkpoints/checkpoint_0032000/all.csv
models/merged-10-checkpoints/checkpoint_0033000,checkpoint_0033000,0.7155844155844155,0.5624195624195624,0.680047225501771,0.6334379905808477,0.5187891440501043,0.5341780593531177,0.6013779527559056,0.6687715269804823,0.6452674897119342,0.6283724978241949,0.0162577997168322,0.0102751464718595,0.009253587678458,0.0095461019412255,0.0080714283851033,0.0091088753764204,0.0088684337784128,0.0112766121440351,0.0137256287999099,0.0100806258397205,multiblimp/results/models/merged-10-checkpoints/checkpoint_0033000/all.csv
models/merged-10-checkpoints/checkpoint_0034000,checkpoint_0034000,0.7077922077922078,0.5238095238095238,0.6623376623376623,0.630298273155416,0.5237473903966597,0.5378459486495498,0.5951443569553806,0.6762342135476463,0.6329218106995885,0.6218450826805918,0.0163890364993709,0.0103444144217059,0.0093816387149086,0.0095631085704855,0.0080680182148255,0.0091040388050831,0.008891064835218,0.0112108868989217,0.0138282168803796,0.0101158170452868,multiblimp/results/models/merged-10-checkpoints/checkpoint_0034000/all.csv
models/merged-10-checkpoints/checkpoint_0035000,checkpoint_0035000,0.7038961038961039,0.5105105105105106,0.6666666666666666,0.6318681318681318,0.5336638830897703,0.535511837279093,0.5915354330708661,0.6733639494833524,0.6362139917695473,0.6288076588337685,0.0164524651299412,0.010353874406044,0.0093517181795207,0.0095546596545173,0.0080588056420045,0.0091071739127228,0.0089034863061084,0.0112365480493932,0.0138018233556028,0.0100782099786254,multiblimp/results/models/merged-10-checkpoints/checkpoint_0035000/all.csv
models/merged-10-checkpoints/checkpoint_0036000,checkpoint_0036000,0.7298701298701299,0.5002145002145002,0.6595828414010232,0.6354003139717426,0.5433194154488518,0.5381793931310437,0.5908792650918635,0.6716417910447762,0.648559670781893,0.6309834638816362,0.0160016120694983,0.0103561618137054,0.0094002209844986,0.0095352513567582,0.0080467616290863,0.0091035745545328,0.0089056913438797,0.0112517148984292,0.0136965954802922,0.0100659991808106,multiblimp/results/models/merged-10-checkpoints/checkpoint_0036000/all.csv
models/merged-10-checkpoints/checkpoint_0037000,checkpoint_0037000,0.7220779220779221,0.4869154869154869,0.669815033451397,0.6267660910518054,0.5367954070981211,0.5208402800933645,0.5869422572178478,0.6710677382319173,0.665843621399177,0.6201044386422977,0.0161438901846155,0.0103526161164026,0.0093294010047061,0.0095817223259357,0.0080552323860609,0.0091222968420843,0.0089185775157707,0.0112567323633259,0.0135323387471667,0.0101248714401237,multiblimp/results/models/merged-10-checkpoints/checkpoint_0037000/all.csv
models/merged-10-checkpoints/checkpoint_0038000,checkpoint_0038000,0.7077922077922078,0.483054483054483,0.6564344746162928,0.6255886970172685,0.5260960334029228,0.5268422807602534,0.5951443569553806,0.6750861079219288,0.6510288065843621,0.6292428198433421,0.0163890364993709,0.0103502135023055,0.0094210248084886,0.0095878053921447,0.0080661247664262,0.0091170648206999,0.008891064835218,0.0112212089763697,0.013674351936757,0.0100757853598351,multiblimp/results/models/merged-10-checkpoints/checkpoint_0038000/all.csv
models/merged-10-checkpoints/checkpoint_0039000,checkpoint_0039000,0.7038961038961039,0.4954954954954955,0.6757182211727666,0.6342229199372057,0.526356993736952,0.5338446148716238,0.5879265091863517,0.6814006888633755,0.6633744855967079,0.6305483028720626,0.0164524651299412,0.0103557424934577,0.009286279603883,0.0095417821942505,0.0080659033394211,0.0091092905178894,0.0089154111936984,0.0111634806780652,0.0135570362717698,0.01006845889391,multiblimp/results/models/merged-10-checkpoints/checkpoint_0039000/all.csv
models/merged-10-checkpoints/checkpoint_0040000,checkpoint_0040000,0.7155844155844155,0.4882024882024882,0.6658795749704841,0.6314756671899528,0.5161795407098121,0.5168389463154385,0.5918635170603674,0.6727898966704937,0.6551440329218107,0.6161879895561357,0.0162577997168322,0.0103532795972725,0.0093572240181214,0.0095567820719232,0.0080729034401297,0.0091250518986494,0.0089023776320915,0.0112416227671506,0.013636381048723,0.0101447391066371,multiblimp/results/models/merged-10-checkpoints/checkpoint_0040000/all.csv
models/merged-10-checkpoints/checkpoint_0041000,checkpoint_0041000,0.7181818181818181,0.4731874731874732,0.6646989374262101,0.6318681318681318,0.5297494780793319,0.5175058352784262,0.6000656167979003,0.6733639494833524,0.6576131687242799,0.6161879895561357,0.0162127372651785,0.0103412617154695,0.0093654278959171,0.0095546596545173,0.0080628236620637,0.009124633411195,0.0088733224050274,0.0112365480493932,0.0136130562191324,0.0101447391066371,multiblimp/results/models/merged-10-checkpoints/checkpoint_0041000/all.csv
models/merged-10-checkpoints/checkpoint_0042000,checkpoint_0042000,0.7181818181818181,0.4573144573144573,0.6639118457300276,0.619309262166405,0.5318371607515657,0.503834611537179,0.598753280839895,0.6722158438576349,0.6469135802469136,0.6118363794604004,0.0162127372651785,0.0103183547446104,0.0093708606357817,0.0096192282733638,0.0080607426989634,0.0091299626134992,0.0088781446967085,0.0112466783749095,0.0137112011504046,0.0101659987274169,multiblimp/results/models/merged-10-checkpoints/checkpoint_0042000/all.csv
models/merged-10-checkpoints/checkpoint_0043000,checkpoint_0043000,0.7142857142857143,0.4688974688974689,0.6611570247933884,0.618916797488226,0.5357515657620042,0.5131710570190063,0.5912073490813649,0.6796785304247991,0.6213991769547325,0.6087902523933856,0.0162800823513768,0.0103361069171581,0.009389645996107,0.0096211353895129,0.0080564589414165,0.0091270628085292,0.0089045908761955,0.0111794573812377,0.0139151526443295,0.0101803724402321,multiblimp/results/models/merged-10-checkpoints/checkpoint_0043000/all.csv
models/merged-10-checkpoints/checkpoint_0044000,checkpoint_0044000,0.7207792207792207,0.4534534534534534,0.6595828414010232,0.6161695447409733,0.5326200417536534,0.5168389463154385,0.5902230971128609,0.6865671641791045,0.6312757201646091,0.6040034812880766,0.0161670072756062,0.0103111901870546,0.0094002209844986,0.0096342989469318,0.0080599258182191,0.0091250518986494,0.0089078799781157,0.0111144937296718,0.0138411530864134,0.0102021191820636,multiblimp/results/models/merged-10-checkpoints/checkpoint_0044000/all.csv
models/merged-10-checkpoints/checkpoint_0045000,checkpoint_0045000,0.7259740259740259,0.4637494637494637,0.6564344746162928,0.6161695447409733,0.5216597077244259,0.5155051683894631,0.5898950131233596,0.6848450057405281,0.6230452674897119,0.6057441253263708,0.0160735218094,0.0103289088095016,0.0094210248084886,0.0096342989469318,0.0080695511529027,0.0091258400656253,0.0089089681476894,0.0111309996232835,0.0139032477523963,0.0101943298110006,multiblimp/results/models/merged-10-checkpoints/checkpoint_0045000/all.csv
models/merged-10-checkpoints/checkpoint_0046000,checkpoint_0046000,0.7207792207792207,0.4478764478764478,0.6524990161353798,0.608712715855573,0.5250521920668059,0.5225075025008337,0.5918635170603674,0.6791044776119403,0.6304526748971193,0.6057441253263708,0.0161670072756062,0.0102997364594579,0.0094463844664242,0.0096683940532032,0.008066988383822,0.0091209759078124,0.0089023776320915,0.011184744050848,0.0138475562643965,0.0101943298110006,multiblimp/results/models/merged-10-checkpoints/checkpoint_0046000/all.csv
models/merged-10-checkpoints/checkpoint_0047000,checkpoint_0047000,0.7142857142857143,0.4504504504504504,0.6513183785911059,0.609497645211931,0.5274008350730689,0.5168389463154385,0.593503937007874,0.6768082663605052,0.6205761316872428,0.6074847693646649,0.0162800823513768,0.0103051852712438,0.0094538533775286,0.0096649170885481,0.0080649955353168,0.0091250518986494,0.0088967726491618,0.0112056969721053,0.0139210411980915,0.0101864050502601,multiblimp/results/models/merged-10-checkpoints/checkpoint_0047000/all.csv
models/merged-10-checkpoints/checkpoint_0047684,checkpoint_0047684,0.7181818181818181,0.4517374517374517,0.6528925619834711,0.6114599686028257,0.5289665970772442,0.5141713904634878,0.593503937007874,0.6785304247990815,0.6238683127572017,0.608355091383812,0.0162127372651785,0.0103078051927435,0.0094438806085473,0.009656109643812,0.0080635675201375,0.0091265631692624,0.0088967726491618,0.011190011317429,0.0138972313047603,0.0101823918001862,multiblimp/results/models/merged-10-checkpoints/checkpoint_0047684/all.csv
models/merged-10-checkpoints/main,main,,,,,,,,,,,,,,,,,,,,,multiblimp/results/models/merged-10-checkpoints/main/all.csv
models/merged-2-checkpoints/checkpoint_0047684,checkpoint_0047684,0.6597402597402597,0.6169026169026169,0.6934277843368752,0.6679748822605965,0.5349686847599165,0.5321773924641547,0.6236876640419947,0.6791044776119403,0.6362139917695473,0.6610095735422106,0.0170744378477223,0.0100691256928542,0.0091467052290557,0.009329660146521,0.0080573555764095,0.0091113049063842,0.00877506462135,0.011184744050848,0.0138018233556028,0.0098746697343226,multiblimp/results/models/merged-2-checkpoints/checkpoint_0047684/all.csv
models/merged-3-checkpoints/checkpoint_0047684,checkpoint_0047684,0.6337662337662338,0.6190476190476191,0.6824085005903188,0.6491365777080063,0.5331419624217119,0.5695231743914638,0.6289370078740157,0.700918484500574,0.6864197530864198,0.6684073107049608,0.0173619450517278,0.010058338292053,0.009235370360071,0.0094544741011675,0.0080593701597149,0.0090415389112034,0.008750238991871,0.0109699454409324,0.0133100931923658,0.0098208269151466,multiblimp/results/models/merged-3-checkpoints/checkpoint_0047684/all.csv
models/merged-4-checkpoints/checkpoint_0047684,checkpoint_0047684,0.7207792207792207,0.5564135564135564,0.676111767020858,0.6153846153846154,0.5454070981210856,0.5098366122040681,0.6095800524934383,0.6756601607347876,0.6353909465020576,0.6462140992167101,0.0161670072756062,0.0102900348859883,0.0092833451965807,0.0096380002121651,0.0080437574740095,0.0091284640898124,0.0088363699794964,0.0112160575581314,0.0138084870307509,0.0099743238075501,multiblimp/results/models/merged-4-checkpoints/checkpoint_0047684/all.csv
models/merged-5-checkpoints/checkpoint_0047684,checkpoint_0047684,0.6597402597402597,0.6036036036036037,0.6745375836284927,0.5989010989010989,0.5367954070981211,0.5241747249083027,0.6020341207349081,0.6659012629161883,0.6724279835390946,0.6318537859007833,0.0170744378477223,0.0101314037763664,0.0092950379229262,0.0097096500864994,0.0080552323860609,0.0091195531492365,0.0088659645552731,0.0113010360660844,0.0134644354126564,0.0100610533793269,multiblimp/results/models/merged-5-checkpoints/checkpoint_0047684/all.csv
models/merged-6-checkpoints/checkpoint_0047684,checkpoint_0047684,0.6610389610389611,0.6332046332046332,0.712711530893349,0.6079277864992151,0.5592379958246346,0.5261753917972658,0.6118766404199475,0.6911595866819747,0.6765432098765433,0.6427328111401218,0.0170585870910283,0.0099818910613354,0.0089766368808741,0.0096718447672346,0.0080202454527143,0.0091177113635087,0.0088269231680289,0.0110696057950002,0.013420471281627,0.0099962426497303,multiblimp/results/models/merged-6-checkpoints/checkpoint_0047684/all.csv
models/merged-7-checkpoints/checkpoint_0047684,checkpoint_0047684,0.6649350649350649,0.6190476190476191,0.6851633215269579,0.6295133437990581,0.5628914405010439,0.5221740580193398,0.6105643044619422,0.6762342135476463,0.6090534979423868,0.6536118363794604,0.0170101735927553,0.010058338292053,0.0092137703089571,0.0095672923196926,0.008012983115619,0.0091212482391464,0.0088323465732745,0.0112108868989217,0.0139990397844292,0.0099258215647612,multiblimp/results/models/merged-7-checkpoints/checkpoint_0047684/all.csv
models/merged-8-checkpoints/checkpoint_0047684,checkpoint_0047684,0.6753246753246753,0.6211926211926212,0.680047225501771,0.6220565149136578,0.5420146137787056,0.5265088362787596,0.5803805774278216,0.6946039035591275,0.6131687242798354,0.6518711923411662,0.0168746816505727,0.0100473428569432,0.009253587678458,0.0096056916500069,0.0080485668959483,0.0091173901309886,0.0089387490458883,0.0110351000561336,0.01397213098696,0.009937470756576,multiblimp/results/models/merged-8-checkpoints/checkpoint_0047684/all.csv
models/merged-9-checkpoints/checkpoint_0047684,checkpoint_0047684,0.6233766233766234,0.5341055341055341,0.6654860291223927,0.6067503924646782,0.5224425887265136,0.5241747249083027,0.589238845144357,0.6946039035591275,0.6312757201646091,0.6183637946040035,0.0174615796731211,0.0103320423601632,0.00935996595497,0.0096769716797332,0.0080689928535719,0.0091195531492365,0.0089111321992553,0.0110351000561336,0.0138411530864134,0.0101337876396948,multiblimp/results/models/merged-9-checkpoints/checkpoint_0047684/all.csv
models/merged-aradeu-checkpoints/checkpoint_0047684,checkpoint_0047684,,,,,,,,,0.7094650205761317,0.6640557006092254,,,,,,,,,0.0130249651123136,0.0098528275243833,multiblimp/results/models/merged-aradeu-checkpoints/checkpoint_0047684/all.csv
models/merged-arazhos-checkpoints/checkpoint_0047684,checkpoint_0047684,,,,,,,,,0.7094650205761317,,,,,,,,,,0.0130249651123136,,multiblimp/results/models/merged-arazhos-checkpoints/checkpoint_0047684/all.csv
models/merged-deuzhos-checkpoints/checkpoint_0047684,checkpoint_0047684,,,,,,,,,,0.6688424717145344,,,,,,,,,,0.0098175749529637,multiblimp/results/models/merged-deuzhos-checkpoints/checkpoint_0047684/all.csv
models/merged-engara-checkpoints/checkpoint_0047684,checkpoint_0047684,0.6155844155844156,,,,,,,,0.6946502057613169,,0.0175306871156114,,,,,,,,0.013212766534824,,multiblimp/results/models/merged-engara-checkpoints/checkpoint_0047684/all.csv
models/merged-engdeu-checkpoints/checkpoint_0047684,checkpoint_0047684,0.6454545454545455,,,,,,,,,0.6840731070496083,0.0172394509512192,,,,,,,,,0.0096977178562422,multiblimp/results/models/merged-engdeu-checkpoints/checkpoint_0047684/all.csv
models/merged-engfra-checkpoints/checkpoint_0047684,checkpoint_0047684,0.6597402597402597,,,0.6679748822605965,,,,,,,0.0170744378477223,,,0.009329660146521,,,,,,,multiblimp/results/models/merged-engfra-checkpoints/checkpoint_0047684/all.csv
models/merged-engita-checkpoints/checkpoint_0047684,checkpoint_0047684,0.5896103896103896,,,,,0.5611870623541181,,,,,0.0177270055218377,,,,,0.0090616086900087,,,,,multiblimp/results/models/merged-engita-checkpoints/checkpoint_0047684/all.csv
models/merged-engnld-checkpoints/checkpoint_0047684,checkpoint_0047684,0.6324675324675325,0.6332046332046332,,,,,,,,,0.0173748718706651,0.0099818910613354,,,,,,,,,multiblimp/results/models/merged-engnld-checkpoints/checkpoint_0047684/all.csv
models/merged-engrus-checkpoints/checkpoint_0047684,checkpoint_0047684,0.6649350649350649,,,,0.5404488517745303,,,,,,0.0170101735927553,,,,0.0080506598361255,,,,,,multiblimp/results/models/merged-engrus-checkpoints/checkpoint_0047684/all.csv
models/merged-engspa-checkpoints/checkpoint_0047684,checkpoint_0047684,0.5987012987012987,,0.738685556867375,,,,,,,,0.0176641854122628,,0.0087158385807475,,,,,,,,multiblimp/results/models/merged-engspa-checkpoints/checkpoint_0047684/all.csv
models/merged-engtur-checkpoints/checkpoint_0047684,checkpoint_0047684,0.6493506493506493,,,,,,,0.7066590126291619,,,0.0171961330423003,,,,,,,0.0109085556248479,,,multiblimp/results/models/merged-engtur-checkpoints/checkpoint_0047684/all.csv
models/merged-engzhos-checkpoints/checkpoint_0047684,checkpoint_0047684,0.7363636363636363,,,,,,,,,,0.0158782801664853,,,,,,,,,,multiblimp/results/models/merged-engzhos-checkpoints/checkpoint_0047684/all.csv
models/merged-fraara-checkpoints/checkpoint_0047684,checkpoint_0047684,,,,0.6459968602825745,,,,,0.6765432098765433,,,,,0.0094736873640331,,,,,0.013420471281627,,multiblimp/results/models/merged-fraara-checkpoints/checkpoint_0047684/all.csv
models/merged-fradeu-checkpoints/checkpoint_0047684,checkpoint_0047684,,,,0.6660125588697017,,,,,,0.7158398607484769,,,,0.0093434349364623,,,,,,0.0094083725307842,multiblimp/results/models/merged-fradeu-checkpoints/checkpoint_0047684/all.csv
models/merged-fraita-checkpoints/checkpoint_0047684,checkpoint_0047684,,,,0.6836734693877551,,0.5915305101700566,,,,,,,,0.0092128173428163,,0.0089759443938743,,,,,multiblimp/results/models/merged-fraita-checkpoints/checkpoint_0047684/all.csv
models/merged-frarus-checkpoints/checkpoint_0047684,checkpoint_0047684,,,,0.6507064364207221,0.5822025052192067,,,,,,,,,0.0094446992023311,0.0079672271715871,,,,,,multiblimp/results/models/merged-frarus-checkpoints/checkpoint_0047684/all.csv
models/merged-fratur-checkpoints/checkpoint_0047684,checkpoint_0047684,,,,0.6754317111459969,,,,0.6934557979334098,,,,,,0.0092756436244879,,,,0.011046682444197,,,multiblimp/results/models/merged-fratur-checkpoints/checkpoint_0047684/all.csv
models/merged-frazhos-checkpoints/checkpoint_0047684,checkpoint_0047684,,,,0.641287284144427,,,,,,,,,,0.0095016709953007,,,,,,,multiblimp/results/models/merged-frazhos-checkpoints/checkpoint_0047684/all.csv
models/merged-itaara-checkpoints/checkpoint_0047684,checkpoint_0047684,,,,,,0.5398466155385129,,,0.6691358024691358,,,,,,,0.0091011918436195,,,0.0134987602028821,,multiblimp/results/models/merged-itaara-checkpoints/checkpoint_0047684/all.csv
models/merged-itadeu-checkpoints/checkpoint_0047684,checkpoint_0047684,,,,,,0.5141713904634878,,,,0.7419495213228895,,,,,,0.0091265631692624,,,,0.0091277660812655,multiblimp/results/models/merged-itadeu-checkpoints/checkpoint_0047684/all.csv
models/merged-itatur-checkpoints/checkpoint_0047684,checkpoint_0047684,,,,,,0.5525175058352785,,0.6762342135476463,,,,,,,,0.0090797274744684,,0.0112108868989217,,,multiblimp/results/models/merged-itatur-checkpoints/checkpoint_0047684/all.csv
models/merged-itazhos-checkpoints/checkpoint_0047684,checkpoint_0047684,,,,,,0.5408469489829943,,,,,,,,,,0.0090997130272692,,,,,multiblimp/results/models/merged-itazhos-checkpoints/checkpoint_0047684/all.csv
models/merged-nldara-checkpoints/checkpoint_0047684,checkpoint_0047684,,0.5877305877305877,,,,,,,0.6592592592592592,,,0.0101955008956957,,,,,,,0.0135972790893583,,multiblimp/results/models/merged-nldara-checkpoints/checkpoint_0047684/all.csv
models/merged-nlddeu-checkpoints/checkpoint_0047684,checkpoint_0047684,,0.5877305877305877,,,,,,,,0.6353350739773717,,0.0101955008956957,,,,,,,,0.0100409175442893,multiblimp/results/models/merged-nlddeu-checkpoints/checkpoint_0047684/all.csv
models/merged-nldfra-checkpoints/checkpoint_0047684,checkpoint_0047684,,0.6756756756756757,,0.6601255886970173,,,,,,,,0.0096958919369483,,0.0093836717265888,,,,,,,multiblimp/results/models/merged-nldfra-checkpoints/checkpoint_0047684/all.csv
models/merged-nldita-checkpoints/checkpoint_0047684,checkpoint_0047684,,0.6580866580866581,,,,0.5755251750583528,,,,,,0.0098249065944822,,,,0.0090254714940198,,,,,multiblimp/results/models/merged-nldita-checkpoints/checkpoint_0047684/all.csv
models/merged-nldrus-checkpoints/checkpoint_0047684,checkpoint_0047684,,0.5053625053625054,,,0.5399269311064718,,,,,,,0.0103555671363193,,,0.0080513397038136,,,,,,multiblimp/results/models/merged-nldrus-checkpoints/checkpoint_0047684/all.csv
models/merged-nldspa-checkpoints/checkpoint_0047684,checkpoint_0047684,,0.6271986271986272,0.7209759937032665,,,,,,,,,0.0100154430142923,0.0088977224534738,,,,,,,,multiblimp/results/models/merged-nldspa-checkpoints/checkpoint_0047684/all.csv
models/merged-nldtur-checkpoints/checkpoint_0047684,checkpoint_0047684,,0.6443586443586443,,,,,,0.6808266360505166,,,,0.0099151393284073,,,,,,0.0111688257226169,,,multiblimp/results/models/merged-nldtur-checkpoints/checkpoint_0047684/all.csv
models/merged-nldzhos-checkpoints/checkpoint_0047684,checkpoint_0047684,,0.6061776061776062,,,,,,,,,,0.0101199650174639,,,,,,,,,multiblimp/results/models/merged-nldzhos-checkpoints/checkpoint_0047684/all.csv
models/merged-rusara-checkpoints/checkpoint_0047684,checkpoint_0047684,,,,,0.550365344467641,,,,0.6452674897119342,,,,,,0.0080360508832827,,,,0.0137256287999099,,multiblimp/results/models/merged-rusara-checkpoints/checkpoint_0047684/all.csv
models/merged-rusdeu-checkpoints/checkpoint_0047684,checkpoint_0047684,,,,,0.5884655532359081,,,,,0.6901653611836379,,,,,0.0079497023665525,,,,,0.0096464285477861,multiblimp/results/models/merged-rusdeu-checkpoints/checkpoint_0047684/all.csv
models/merged-rusita-checkpoints/checkpoint_0047684,checkpoint_0047684,,,,,0.5534968684759917,0.5721907302434145,,,,,,,,,0.0080307681593638,0.0090345655095835,,,,,multiblimp/results/models/merged-rusita-checkpoints/checkpoint_0047684/all.csv
models/merged-rustur-checkpoints/checkpoint_0047684,checkpoint_0047684,,,,,0.5485386221294363,,,0.677382319173364,,,,,,,0.0080389838614386,,,0.0112004877508983,,,multiblimp/results/models/merged-rustur-checkpoints/checkpoint_0047684/all.csv
models/merged-ruszhos-checkpoints/checkpoint_0047684,checkpoint_0047684,,,,,0.5571503131524008,,,,,,,,,,0.0080241975142729,,,,,,multiblimp/results/models/merged-ruszhos-checkpoints/checkpoint_0047684/all.csv
models/merged-spaara-checkpoints/checkpoint_0047684,checkpoint_0047684,,,0.6863439590712318,,,,,,0.6551440329218107,,,,0.0092043982975283,,,,,,0.013636381048723,,multiblimp/results/models/merged-spaara-checkpoints/checkpoint_0047684/all.csv
models/merged-spadeu-checkpoints/checkpoint_0047684,checkpoint_0047684,,,0.7036599763872491,,,,,,,0.6827676240208878,,,0.0090588745978685,,,,,,,0.0097084567321036,multiblimp/results/models/merged-spadeu-checkpoints/checkpoint_0047684/all.csv
models/merged-spafra-checkpoints/checkpoint_0047684,checkpoint_0047684,,,0.7032664305391578,0.673861852433281,,,,,,,,,0.009062352512681,0.009287236905352,,,,,,,multiblimp/results/models/merged-spafra-checkpoints/checkpoint_0047684/all.csv
models/merged-spaita-checkpoints/checkpoint_0047684,checkpoint_0047684,,,0.7103502558048013,,,0.5915305101700566,,,,,,,0.0089985081163869,,,0.0089759443938743,,,,,multiblimp/results/models/merged-spaita-checkpoints/checkpoint_0047684/all.csv
models/merged-sparus-checkpoints/checkpoint_0047684,checkpoint_0047684,,,0.6513183785911059,,0.548277661795407,,,,,,,,0.0094538533775286,,0.0080393939287771,,,,,,multiblimp/results/models/merged-sparus-checkpoints/checkpoint_0047684/all.csv
models/merged-spatur-checkpoints/checkpoint_0047684,checkpoint_0047684,,,0.7079889807162535,,,,,0.6854190585533869,,,,,0.0090200830609289,,,,,0.0111255173830639,,,multiblimp/results/models/merged-spatur-checkpoints/checkpoint_0047684/all.csv
models/merged-spazhos-checkpoints/checkpoint_0047684,checkpoint_0047684,,,0.6615505706414797,,,,,,,,,,0.0093869841545238,,,,,,,,multiblimp/results/models/merged-spazhos-checkpoints/checkpoint_0047684/all.csv
models/merged-turara-checkpoints/checkpoint_0047684,checkpoint_0047684,,,,,,,,0.6963260619977037,0.7366255144032922,,,,,,,,,0.0110175748700131,0.0126363629037345,,multiblimp/results/models/merged-turara-checkpoints/checkpoint_0047684/all.csv
models/merged-turdeu-checkpoints/checkpoint_0047684,checkpoint_0047684,,,,,,,,0.6917336394948336,,0.6631853785900783,,,,,,,,0.0110639050571013,,0.0098591148845828,multiblimp/results/models/merged-turdeu-checkpoints/checkpoint_0047684/all.csv
models/merged-turzhos-checkpoints/checkpoint_0047684,checkpoint_0047684,,,,,,,,0.703788748564868,,,,,,,,,,0.0109395097552166,,,multiblimp/results/models/merged-turzhos-checkpoints/checkpoint_0047684/all.csv
models/mixed-10-checkpoints/checkpoint_0000000,checkpoint_0000000,0.6493506493506493,0.5529815529815529,0.6379378197560016,0.5839874411302983,0.537839248434238,0.5425141713904635,0.59251968503937,0.6624569460390356,0.6378600823045267,0.5922541340295909,0.0171961330423003,0.0102978582122505,0.0095340719162689,0.0097646181067644,0.0080539703392134,0.0090971662925978,0.0089001479661277,0.0113297242912816,0.0137883650393521,0.0102511791071675,multiblimp/results/models/mixed-10-checkpoints/checkpoint_0000000/all.csv
models/mixed-10-checkpoints/checkpoint_0001000,checkpoint_0001000,0.7441558441558441,0.7254397254397255,0.7977174340810704,0.7755102040816326,0.6085594989561587,0.6658886295431811,0.5997375328083989,0.6871412169919633,0.7366255144032922,0.7449956483899043,0.0157244091733222,0.009243754026372,0.0079689561350778,0.0082659419125284,0.0078844545125808,0.0086130743182965,0.0088745341925982,0.0111089522577807,0.0126363629037345,0.0090923396699916,multiblimp/results/models/mixed-10-checkpoints/checkpoint_0001000/all.csv
models/mixed-10-checkpoints/checkpoint_0002000,checkpoint_0002000,0.8506493506493507,0.87001287001287,0.8992522628886265,0.9101255886970172,0.8134133611691023,0.8346115371790597,0.6230314960629921,0.7686567164179104,0.8395061728395061,0.8864229765013055,0.0128449814794237,0.0069653329231644,0.0059711239612826,0.0056659009758468,0.0062933686360583,0.0067843237500238,0.0087780904738797,0.0101034706818171,0.0105305965581964,0.0066189748611323,multiblimp/results/models/mixed-10-checkpoints/checkpoint_0002000/all.csv
models/mixed-10-checkpoints/checkpoint_0003000,checkpoint_0003000,0.9,0.9172029172029172,0.9327036599763872,0.9525117739403454,0.8637787056367432,0.8762920973657886,0.6683070866141733,0.8157290470723306,0.8888888888888888,0.9168842471714534,0.0108112495523467,0.0057078045674696,0.0049701011863001,0.0042133587379355,0.0055412915118522,0.0060122210056261,0.0085280286027252,0.009289178945685,0.0090160091770397,0.0057586928448425,multiblimp/results/models/mixed-10-checkpoints/checkpoint_0003000/all.csv
models/mixed-10-checkpoints/checkpoint_0004000,checkpoint_0004000,0.9142857142857144,0.9425139425139424,0.9397874852420308,0.9583987441130298,0.9029227557411272,0.9066355451817272,0.6961942257217848,0.8323765786452354,0.8946502057613168,0.942993907745866,0.0100883980514828,0.004821187449778,0.0047190641279182,0.0039557298720815,0.0047826793909995,0.0053127443833246,0.0083302059576613,0.0089495912576262,0.0088075545151351,0.0048365988353583,multiblimp/results/models/mixed-10-checkpoints/checkpoint_0004000/all.csv
models/mixed-10-checkpoints/checkpoint_0005000,checkpoint_0005000,0.951948051948052,0.9553839553839554,0.9488390397481308,0.9752747252747253,0.9295407098121086,0.9393131043681228,0.719488188976378,0.8840413318025259,0.9160493827160494,0.9538729329852044,0.007707557291585,0.004276252763819,0.004370823644369,0.0030763400237191,0.004134191493425,0.0043597784346777,0.0081372925363902,0.0076712090705133,0.0079557889031365,0.004375706368609,multiblimp/results/models/mixed-10-checkpoints/checkpoint_0005000/all.csv
models/mixed-10-checkpoints/checkpoint_0006000,checkpoint_0006000,0.9493506493506494,0.967824967824968,0.9598583234946872,0.9791993720565147,0.9350208768267224,0.9436478826275424,0.7293307086614174,0.8805970149253731,0.9234567901234568,0.9604003481288076,0.0079023253135538,0.0036549948475643,0.0038940272690063,0.0028273141992179,0.0039818493701158,0.0042108703640823,0.00804774601367,0.0077691252194937,0.0076273466684213,0.0040681487677291,multiblimp/results/models/mixed-10-checkpoints/checkpoint_0006000/all.csv
models/mixed-10-checkpoints/checkpoint_0007000,checkpoint_0007000,0.961038961038961,0.9725439725439724,0.9563164108618654,0.9843014128728416,0.9384133611691023,0.948316105368456,0.739501312335958,0.9070034443168772,0.9325102880658436,0.9708442123585728,0.0069733329157151,0.0033845609296562,0.0040546897445908,0.0024626042590723,0.0038835382983998,0.0040426481696813,0.0079499566967026,0.006958471050003,0.0071970987934697,0.0035096365962323,multiblimp/results/models/mixed-10-checkpoints/checkpoint_0007000/all.csv
models/mixed-10-checkpoints/checkpoint_0008000,checkpoint_0008000,0.9662337662337662,0.9673959673959674,0.9630066902794177,0.9846938775510204,0.950678496868476,0.9533177725908636,0.759514435695538,0.9133180252583236,0.9275720164609054,0.9769364664926022,0.0065093414616424,0.0036784652609613,0.0037443282442894,0.0024321115975267,0.0034980195880982,0.0038521784456778,0.0077411421241545,0.0067414192598828,0.0074359913721626,0.0031312739929264,multiblimp/results/models/mixed-10-checkpoints/checkpoint_0008000/all.csv
models/mixed-10-checkpoints/checkpoint_0009000,checkpoint_0009000,0.9701298701298702,0.9725439725439724,0.9626131444313264,0.9839089481946623,0.9543319415448852,0.9593197732577526,0.7526246719160105,0.9029850746268656,0.9382716049382716,0.9804177545691906,0.0061346265682632,0.0033845609296562,0.0037634229711009,0.0024926996909512,0.0033724324066132,0.0036073239703263,0.0078155570163717,0.0070914572249216,0.0069042838914227,0.0028904257409159,multiblimp/results/models/mixed-10-checkpoints/checkpoint_0009000/all.csv
models/mixed-10-checkpoints/checkpoint_0010000,checkpoint_0010000,0.9623376623376624,0.9725439725439724,0.9677292404565132,0.9846938775510204,0.9569415448851776,0.96432144048016,0.7664041994750657,0.9230769230769232,0.934156378600823,0.9756309834638816,0.0068607566490578,0.0033845609296562,0.0035057358757735,0.0024321115975267,0.003279134092428,0.0033870868637543,0.0076639731054143,0.0063844456670238,0.0071150590268045,0.0032165238880171,multiblimp/results/models/mixed-10-checkpoints/checkpoint_0010000/all.csv
models/mixed-10-checkpoints/checkpoint_0011000,checkpoint_0011000,0.9571428571428572,0.9725439725439724,0.9693034238488784,0.9815541601255888,0.9608559498956158,0.9626542180726908,0.7716535433070866,0.925947187141217,0.945679012345679,0.9825935596170584,0.0072988531533995,0.0033845609296562,0.0034219409399959,0.0026656715649836,0.0031329197533701,0.0034623239876775,0.0076032773792452,0.0062739320801668,0.0065023084191256,0.0027281417254627,multiblimp/results/models/mixed-10-checkpoints/checkpoint_0011000/all.csv
models/mixed-10-checkpoints/checkpoint_0012000,checkpoint_0012000,0.9727272727272728,0.9751179751179752,0.9693034238488784,0.9835164835164836,0.9650313152400836,0.9633211070356784,0.7837926509186351,0.9328358208955224,0.9440329218106996,0.9825935596170584,0.0058696805837821,0.0032262669881134,0.0034219409399959,0.0025224121114967,0.0029675469723159,0.0034324594463777,0.0074563852413647,0.0059971841914355,0.0065943462720548,0.0027281417254627,multiblimp/results/models/mixed-10-checkpoints/checkpoint_0012000/all.csv
models/mixed-10-checkpoints/checkpoint_0013000,checkpoint_0013000,0.9675324675324676,0.9772629772629772,0.9728453364817,0.9870486656200942,0.9658141962421712,0.9639879959986662,0.7765748031496063,0.9293915040183696,0.9440329218106996,0.9830287206266318,0.0063872226148124,0.0030874603174018,0.0032243470530846,0.0022398907132391,0.0029353300442184,0.0034022891872412,0.0075448435891255,0.006137673106135,0.0065943462720548,0.0026944205518893,multiblimp/results/models/mixed-10-checkpoints/checkpoint_0013000/all.csv
models/mixed-10-checkpoints/checkpoint_0014000,checkpoint_0014000,0.9675324675324676,0.9776919776919776,0.9716646989374262,0.9850863422291992,0.9660751565762004,0.9666555518506168,0.8001968503937008,0.9328358208955224,0.939917695473251,0.9821583986074848,0.0063872226148124,0.0030588658020848,0.0032916965750946,0.002401206573233,0.0029245000474926,0.003278380886364,0.0072425600121386,0.0059971841914355,0.0068175772104295,0.0027614213060231,multiblimp/results/models/mixed-10-checkpoints/checkpoint_0014000/all.csv
models/mixed-10-checkpoints/checkpoint_0015000,checkpoint_0015000,0.9766233766233766,0.9794079794079794,0.9689098780007872,0.9909733124018838,0.9715553235908142,0.9659886628876292,0.7942913385826772,0.928817451205511,0.9407407407407408,0.9812880765883376,0.0054451404351597,0.0029414411524248,0.0034431074206976,0.0018736802272124,0.0026854774903234,0.0033098600793157,0.0073216459009718,0.006160668993412,0.006773684219264,0.0028267178695076,multiblimp/results/models/mixed-10-checkpoints/checkpoint_0015000/all.csv
models/mixed-10-checkpoints/checkpoint_0016000,checkpoint_0016000,0.9727272727272728,0.9802659802659802,0.9736324281778828,0.9850863422291992,0.9642484342379958,0.9693231077025676,0.7906824146981627,0.931113662456946,0.9423868312757202,0.9856396866840732,0.0058696805837821,0.0028807701463801,0.0031785588116279,0.002401206573233,0.002999364551158,0.0031488482456118,0.0073687940165013,0.0060679755466517,0.0066847835016592,0.0024817957504237,multiblimp/results/models/mixed-10-checkpoints/checkpoint_0016000/all.csv
models/mixed-10-checkpoints/checkpoint_0017000,checkpoint_0017000,0.977922077922078,0.9815529815529817,0.9708776072412436,0.9850863422291992,0.9725991649269312,0.9656552184061352,0.8038057742782152,0.9397244546498278,0.9465020576131687,0.9860748476936466,0.0052952425884906,0.0027870761029315,0.0033357495571067,0.002401206573233,0.0026371576651239,0.0033254712112175,0.0071930187135619,0.0057022566877924,0.0064556679117656,0.0024444429473224,multiblimp/results/models/mixed-10-checkpoints/checkpoint_0017000/all.csv
models/mixed-10-checkpoints/checkpoint_0018000,checkpoint_0018000,0.9714285714285714,0.9755469755469756,0.9736324281778828,0.9866562009419152,0.967901878914405,0.9696565521840612,0.8011811023622047,0.9374282433983928,0.9481481481481482,0.9834638816362054,0.0060037977202763,0.0031990368863897,0.0031785588116279,0.0022731231225543,0.002847362242529,0.0031322267816571,0.0072291410400633,0.005802753408233,0.0063610981601928,0.0026602409924772,multiblimp/results/models/mixed-10-checkpoints/checkpoint_0018000/all.csv
models/mixed-10-checkpoints/checkpoint_0019000,checkpoint_0019000,0.9688311688311688,0.9764049764049764,0.974025974025974,0.9854788069073784,0.9715553235908142,0.964654884961654,0.8077427821522309,0.9431687715269804,0.9358024691358025,0.9843342036553524,0.0062623732205743,0.0031437938738584,0.0031553865633107,0.002369873053634,0.0026854774903234,0.0033718050037655,0.0071378988328797,0.0055470764707829,0.0070317450605679,0.00259043389559,multiblimp/results/models/mixed-10-checkpoints/checkpoint_0019000/all.csv
models/mixed-10-checkpoints/checkpoint_0020000,checkpoint_0020000,0.9701298701298702,0.9802659802659802,0.9716646989374262,0.9858712715855572,0.9697286012526096,0.9639879959986662,0.8097112860892388,0.950057405281286,0.94320987654321,0.9821583986074848,0.0061346265682632,0.0028807701463801,0.0032916965750946,0.0023380938115982,0.0027677610713227,0.0034022891872412,0.0071099104447107,0.0052189892146087,0.0066397608498849,0.0027614213060231,multiblimp/results/models/mixed-10-checkpoints/checkpoint_0020000/all.csv
models/mixed-10-checkpoints/checkpoint_0021000,checkpoint_0021000,0.9675324675324676,0.9772629772629772,0.9724517906336088,0.9827315541601256,0.9686847599164928,0.9716572190730244,0.8051181102362205,0.9454649827784156,0.951440329218107,0.9869451697127938,0.0063872226148124,0.0030874603174018,0.0032469708904513,0.0025807406645398,0.0028135611346398,0.0030303272969448,0.0071747712247787,0.0054404694535477,0.0061665251338744,0.0023678659693153,multiblimp/results/models/mixed-10-checkpoints/checkpoint_0021000/all.csv
models/mixed-10-checkpoints/checkpoint_0022000,checkpoint_0022000,0.9701298701298702,0.9815529815529817,0.9728453364817,0.9862637362637364,0.9699895615866388,0.9706568856285428,0.8211942257217848,0.9351320321469576,0.9489711934156378,0.9843342036553524,0.0061346265682632,0.0027870761029315,0.0032243470530846,0.0023058504183527,0.0027561760217633,0.0030817523807176,0.0069407472860001,0.0059010261323155,0.0063131496109824,0.00259043389559,multiblimp/results/models/mixed-10-checkpoints/checkpoint_0022000/all.csv
models/mixed-10-checkpoints/checkpoint_0023000,checkpoint_0023000,0.977922077922078,0.9794079794079794,0.975206611570248,0.9870486656200942,0.970250521920668,0.9676558852950984,0.8251312335958005,0.952353616532721,0.9497942386831276,0.98651000870322,0.0052952425884906,0.0029414411524248,0.0030847070651926,0.0022398907132391,0.002744535595507,0.0032305009459431,0.0068803440442191,0.0051037572892081,0.0062647450985796,0.0024064761976774,multiblimp/results/models/mixed-10-checkpoints/checkpoint_0023000/all.csv
models/mixed-10-checkpoints/checkpoint_0024000,checkpoint_0024000,0.9675324675324676,0.9824109824109823,0.974025974025974,0.9870486656200942,0.9728601252609604,0.971990663554518,0.8195538057742782,0.9454649827784156,0.9489711934156378,0.9843342036553524,0.0063872226148124,0.0027226778564699,0.0031553865633107,0.0022398907132391,0.0026249218070762,0.0030129659518594,0.0069655452484822,0.0054404694535477,0.0063131496109824,0.00259043389559,multiblimp/results/models/mixed-10-checkpoints/checkpoint_0024000/all.csv
models/mixed-10-checkpoints/checkpoint_0025000,checkpoint_0025000,0.9688311688311688,0.9824109824109823,0.974025974025974,0.9897959183673468,0.9699895615866388,0.9706568856285428,0.8267716535433071,0.9460390355912744,0.9440329218106996,0.9830287206266318,0.0062623732205743,0.0027226778564699,0.0031553865633107,0.0019909487446248,0.0027561760217633,0.0030817523807176,0.0068547999936499,0.0054134023167876,0.0065943462720548,0.0026944205518893,multiblimp/results/models/mixed-10-checkpoints/checkpoint_0025000/all.csv
models/mixed-10-checkpoints/checkpoint_0026000,checkpoint_0026000,0.9714285714285714,0.975975975975976,0.9720582447855176,0.987833594976452,0.9718162839248434,0.9699899966655552,0.823490813648294,0.9420206659012628,0.94320987654321,0.983899042645779,0.0060037977202763,0.0031715481101068,0.0032694195363534,0.002171817454726,0.0026734893800769,0.0031155047426333,0.0069056657642376,0.005599416225323,0.0066397608498849,0.0026255851456482,multiblimp/results/models/mixed-10-checkpoints/checkpoint_0026000/all.csv
models/mixed-10-checkpoints/checkpoint_0027000,checkpoint_0027000,0.974025974025974,0.9806949806949808,0.975206611570248,0.9862637362637364,0.9728601252609604,0.971990663554518,0.8251312335958005,0.944316877152698,0.9547325102880658,0.98651000870322,0.0057320443474334,0.0028499087821096,0.0030847070651926,0.0023058504183527,0.0026249218070762,0.0030129659518594,0.0068803440442191,0.0054941004094912,0.0059641138125995,0.0024064761976774,multiblimp/results/models/mixed-10-checkpoints/checkpoint_0027000/all.csv
models/mixed-10-checkpoints/checkpoint_0028000,checkpoint_0028000,0.964935064935065,0.9836979836979836,0.974025974025974,0.9850863422291992,0.9720772442588728,0.9669889963321108,0.8310367454068242,0.9460390355912744,0.9506172839506172,0.98651000870322,0.0066288806712009,0.0026228920417343,0.0031553865633107,0.002401206573233,0.0026614405942613,0.0032625103462664,0.0067873268791806,0.0054134023167876,0.0062158739709067,0.0024064761976774,multiblimp/results/models/mixed-10-checkpoints/checkpoint_0028000/all.csv
models/mixed-10-checkpoints/checkpoint_0029000,checkpoint_0029000,0.9636363636363636,0.9785499785499786,0.9720582447855176,0.9858712715855572,0.9725991649269312,0.9716572190730244,0.8198818897637795,0.9517795637198624,0.945679012345679,0.9899912967798086,0.006745977378962,0.0030007805383723,0.0032694195363534,0.0023380938115982,0.0026371576651239,0.0030303272969448,0.0069606028706724,0.0051328630870306,0.0065023084191256,0.0020764887473472,multiblimp/results/models/mixed-10-checkpoints/checkpoint_0029000/all.csv
models/mixed-10-checkpoints/checkpoint_0030000,checkpoint_0030000,0.9662337662337662,0.984984984984985,0.9736324281778828,0.9831240188383046,0.9746868475991648,0.9736578859619872,0.8379265091863517,0.9420206659012628,0.9423868312757202,0.9912967798085291,0.0065093414616424,0.0025188746388435,0.0031785588116279,0.0025517548999997,0.0025374232773435,0.0029244235511252,0.006675003179812,0.005599416225323,0.0066847835016592,0.001937612025428,multiblimp/results/models/mixed-10-checkpoints/checkpoint_0030000/all.csv
models/mixed-10-checkpoints/checkpoint_0031000,checkpoint_0031000,0.9714285714285714,0.9755469755469756,0.9763872491145218,0.9882260596546312,0.972338204592902,0.971990663554518,0.8333333333333334,0.9494833524684272,0.951440329218107,0.9852045256744996,0.0060037977202763,0.0031990368863897,0.0030121875541069,0.0021369253681601,0.0026493303050446,0.0030129659518594,0.0067503496771701,0.0052473116977947,0.0061665251338744,0.002518561923461,multiblimp/results/models/mixed-10-checkpoints/checkpoint_0031000/all.csv
models/mixed-10-checkpoints/checkpoint_0032000,checkpoint_0032000,0.9688311688311688,0.9806949806949808,0.9759937032664304,0.9909733124018838,0.9752087682672234,0.9756585528509504,0.8290682414698163,0.9552238805970148,0.951440329218107,0.9869451697127938,0.0062623732205743,0.0028499087821096,0.0030365732391758,0.0018736802272124,0.0025118002594366,0.0028140634944915,0.0068186600458968,0.0049550921594812,0.0061665251338744,0.0023678659693153,multiblimp/results/models/mixed-10-checkpoints/checkpoint_0032000/all.csv
models/mixed-10-checkpoints/checkpoint_0033000,checkpoint_0033000,0.977922077922078,0.9824109824109823,0.975206611570248,0.9897959183673468,0.977035490605428,0.9749916638879628,0.839238845144357,0.9477611940298508,0.945679012345679,0.9860748476936466,0.0052952425884906,0.0027226778564699,0.0030847070651926,0.0019909487446248,0.0024197528246648,0.002851376836244,0.0066531278029245,0.0053311635588755,0.0065023084191256,0.0024444429473224,multiblimp/results/models/mixed-10-checkpoints/checkpoint_0033000/all.csv
models/mixed-10-checkpoints/checkpoint_0034000,checkpoint_0034000,0.9714285714285714,0.9802659802659802,0.9744195198740652,0.9882260596546312,0.9752087682672234,0.9729909969989996,0.8343175853018373,0.9466130884041332,0.9497942386831276,0.9873803307223672,0.0060037977202763,0.0028807701463801,0.0031320234203172,0.0021369253681601,0.0025118002594366,0.0029601959123078,0.0067343614933961,0.005386164040294,0.0062647450985796,0.0023285802538618,multiblimp/results/models/mixed-10-checkpoints/checkpoint_0034000/all.csv
models/mixed-10-checkpoints/checkpoint_0035000,checkpoint_0035000,0.9688311688311688,0.9794079794079794,0.975206611570248,0.9831240188383046,0.973643006263048,0.975991997332444,0.833005249343832,0.9489092996555684,0.9563786008230452,0.9852045256744996,0.0062623732205743,0.0029414411524248,0.0030847070651926,0.0025517548999997,0.0025878259337094,0.0027952001490259,0.0067556602084609,0.0052754462695173,0.0058597161907424,0.002518561923461,multiblimp/results/models/mixed-10-checkpoints/checkpoint_0035000/all.csv
models/mixed-10-checkpoints/checkpoint_0036000,checkpoint_0036000,0.9675324675324676,0.9794079794079794,0.9720582447855176,0.9897959183673468,0.9741649269311063,0.9729909969989996,0.8471128608923885,0.9517795637198624,0.9473251028806584,0.983899042645779,0.0063872226148124,0.0029414411524248,0.0032694195363534,0.0019909487446248,0.0025627623888483,0.0029601959123078,0.0065185144607721,0.0051328630870306,0.00640860098064,0.0026255851456482,multiblimp/results/models/mixed-10-checkpoints/checkpoint_0036000/all.csv
models/mixed-10-checkpoints/checkpoint_0037000,checkpoint_0037000,0.9766233766233766,0.9772629772629772,0.974025974025974,0.9866562009419152,0.9733820459290188,0.9729909969989996,0.8356299212598425,0.9460390355912744,0.9473251028806584,0.984769364664926,0.0054451404351597,0.0030874603174018,0.0031553865633107,0.0022731231225543,0.0026002568622143,0.0029601959123078,0.0067129110321793,0.0054134023167876,0.00640860098064,0.0025547667935009,multiblimp/results/models/mixed-10-checkpoints/checkpoint_0037000/all.csv
models/mixed-10-checkpoints/checkpoint_0038000,checkpoint_0038000,0.9688311688311688,0.9828399828399828,0.977961432506887,0.9882260596546312,0.9796450939457204,0.9716572190730244,0.8412073490813649,0.9512055109070034,0.9481481481481482,0.9869451697127938,0.0062623732205743,0.0026898566136365,0.0029123945686598,0.0021369253681601,0.0022811622965553,0.0030303272969448,0.006620019172885,0.0051617681205567,0.0063610981601928,0.0023678659693153,multiblimp/results/models/mixed-10-checkpoints/checkpoint_0038000/all.csv
models/mixed-10-checkpoints/checkpoint_0039000,checkpoint_0039000,0.977922077922078,0.981981981981982,0.9759937032664304,0.9874411302982732,0.977035490605428,0.9699899966655552,0.8385826771653543,0.9448909299655568,0.9497942386831276,0.9878154917319408,0.0052952425884906,0.0027550794744703,0.0030365732391758,0.0022061303639424,0.0024197528246648,0.0031155047426333,0.0066640850658542,0.0054673679923441,0.0062647450985796,0.0022885842654551,multiblimp/results/models/mixed-10-checkpoints/checkpoint_0039000/all.csv
models/mixed-10-checkpoints/checkpoint_0040000,checkpoint_0040000,0.9662337662337662,0.9824109824109823,0.975206611570248,0.989010989010989,0.975991649269311,0.9733244414804936,0.8346456692913385,0.947187141216992,0.9465020576131687,0.9856396866840732,0.0065093414616424,0.0027226778564699,0.0030847070651926,0.0020652857597496,0.0024728140758087,0.0029423703959407,0.0067290131608053,0.0053587520143826,0.0064556679117656,0.0024817957504237,multiblimp/results/models/mixed-10-checkpoints/checkpoint_0040000/all.csv
models/mixed-10-checkpoints/checkpoint_0041000,checkpoint_0041000,0.9727272727272728,0.9845559845559846,0.975206611570248,0.987833594976452,0.975991649269311,0.972324108036012,0.8366141732283464,0.952353616532721,0.9522633744855968,0.9860748476936466,0.0058696805837821,0.0025540487647372,0.0030847070651926,0.002171817454726,0.0024728140758087,0.0029954916089553,0.0066967227260517,0.0051037572892081,0.0061166870251554,0.0024444429473224,multiblimp/results/models/mixed-10-checkpoints/checkpoint_0041000/all.csv
models/mixed-10-checkpoints/checkpoint_0042000,checkpoint_0042000,0.9701298701298702,0.9854139854139854,0.9728453364817,0.9882260596546312,0.974947807933194,0.9696565521840612,0.8395669291338582,0.960390355912744,0.9481481481481482,0.9856396866840732,0.0061346265682632,0.0024831705322251,0.0032243470530846,0.0021369253681601,0.0025246477947094,0.0031322267816571,0.0066476344301263,0.0046730485150444,0.0063610981601928,0.0024817957504237,multiblimp/results/models/mixed-10-checkpoints/checkpoint_0042000/all.csv
models/mixed-10-checkpoints/checkpoint_0043000,checkpoint_0043000,0.9688311688311688,0.9845559845559846,0.9791420700511608,0.987833594976452,0.9772964509394572,0.9709903301100368,0.8497375328083989,0.9546498277841562,0.9555555555555556,0.9895561357702348,0.0062623732205743,0.0025540487647372,0.0028350199883166,0.002171817454726,0.002406286235017,0.0030647186626355,0.00647232291827,0.0049852557633799,0.005912192591298,0.0021206832907215,multiblimp/results/models/mixed-10-checkpoints/checkpoint_0043000/all.csv
models/mixed-10-checkpoints/checkpoint_0044000,checkpoint_0044000,0.964935064935065,0.9832689832689832,0.974025974025974,0.987833594976452,0.974947807933194,0.9736578859619872,0.8458005249343832,0.9552238805970148,0.951440329218107,0.9895561357702348,0.0066288806712009,0.0026566001931198,0.0031553865633107,0.002171817454726,0.0025246477947094,0.0029244235511252,0.0065413583512722,0.0049550921594812,0.0061665251338744,0.0021206832907215,multiblimp/results/models/mixed-10-checkpoints/checkpoint_0044000/all.csv
models/mixed-10-checkpoints/checkpoint_0045000,checkpoint_0045000,0.9727272727272728,0.9824109824109823,0.9783549783549784,0.9870486656200942,0.978340292275574,0.9706568856285428,0.8510498687664042,0.9535017221584384,0.9473251028806584,0.9895561357702348,0.0058696805837821,0.0027226778564699,0.002886854591167,0.0022398907132391,0.0023515732743737,0.0030817523807176,0.0064489716580161,0.0050449294774507,0.00640860098064,0.0021206832907215,multiblimp/results/models/mixed-10-checkpoints/checkpoint_0045000/all.csv
models/mixed-10-checkpoints/checkpoint_0046000,checkpoint_0046000,0.9727272727272728,0.9854139854139854,0.977961432506887,0.9905808477237048,0.9786012526096032,0.972324108036012,0.8520341207349081,0.9592422502870264,0.9539094650205762,0.9891209747606614,0.0058696805837821,0.0024831705322251,0.0029123945686598,0.0019135999926793,0.0023376759532382,0.0029954916089553,0.0064313449179423,0.0047374558243131,0.0060154942303332,0.0021639373633751,multiblimp/results/models/mixed-10-checkpoints/checkpoint_0046000/all.csv
models/mixed-10-checkpoints/checkpoint_0047000,checkpoint_0047000,0.9727272727272728,0.9871299871299872,0.977961432506887,0.9905808477237048,0.9786012526096032,0.974324774924975,0.8526902887139107,0.9580941446613088,0.951440329218107,0.9895561357702348,0.0058696805837821,0.0023345626141102,0.0029123945686598,0.0019135999926793,0.0023376759532382,0.0028881568137338,0.0064195393639503,0.0048008415490654,0.0061665251338744,0.0021206832907215,multiblimp/results/models/mixed-10-checkpoints/checkpoint_0047000/all.csv
models/mixed-10-checkpoints/checkpoint_0047684,checkpoint_0047684,0.9753246753246754,0.9858429858429858,0.9791420700511608,0.9909733124018838,0.978340292275574,0.972324108036012,0.8530183727034121,0.9569460390355912,0.9522633744855968,0.9899912967798086,0.0055906291060968,0.0024469132453688,0.0028350199883166,0.0018736802272124,0.0023515732743737,0.0029954916089553,0.0064136201787438,0.004863245634317,0.0061166870251554,0.0020764887473472,multiblimp/results/models/mixed-10-checkpoints/checkpoint_0047684/all.csv
models/mixed-10-checkpoints/main,main,,,,,,,,,,,,,,,,,,,,,multiblimp/results/models/mixed-10-checkpoints/main/all.csv
models/task-10-checkpoints/checkpoint_0047684,checkpoint_0047684,0.7194805194805195,0.4517374517374517,0.6532861078315624,0.6106750392464678,0.5289665970772442,0.5148382794264755,0.5941601049868767,0.6779563719862227,0.6238683127572017,0.608355091383812,0.0161899560642321,0.0103078051927435,0.0094413696308343,0.0096596523595792,0.0080635675201375,0.009126209749362,0.0088945018743123,0.0111952592083675,0.0138972313047603,0.0101823918001862,multiblimp/results/models/task-10-checkpoints/checkpoint_0047684/all.csv
models/task-aya-checkpoints/checkpoint_0047684,checkpoint_0047684,0.977922077922078,0.8931788931788932,0.953168044077135,0.9717425431711146,0.937108559498956,0.9139713237745916,0.945538057742782,0.8725602755453502,0.9102880658436214,0.9564838990426456,0.0052952425884906,0.0063977405773704,0.0041913463739387,0.0032827849437379,0.0039217325539384,0.0051203502835691,0.0041103479579666,0.0079896187338201,0.008198348876541,0.0042558744490244,multiblimp/results/models/task-aya-checkpoints/checkpoint_0047684/all.csv
models/ties-10-checkpoints/checkpoint_0047684,checkpoint_0047684,0.6714285714285714,0.5057915057915058,0.6505312868949232,0.5737833594976453,0.5370563674321504,0.5251750583527842,0.6013779527559056,0.6607347876004592,0.6477366255144033,0.6275021758050479,0.0169265888163678,0.0103554680201014,0.0094587971555985,0.0097969177837578,0.0080549202023201,0.0091186505987394,0.0088684337784128,0.0113438160714369,0.013703920603337,0.0100854313139764,multiblimp/results/models/ties-10-checkpoints/checkpoint_0047684/all.csv
models/widen-10-checkpoints/checkpoint_0047684,checkpoint_0047684,0.7376623376623377,0.3963963963963964,0.624163715072806,0.5208006279434851,0.5414926931106472,0.549516505501834,0.5646325459317585,0.6681974741676234,0.660082304526749,0.5835509138381201,0.0158530841465305,0.0101314037763664,0.0096082939186149,0.009896785507127,0.0080492734344895,0.0090853482640268,0.0089805606993402,0.0112815346950985,0.0135893221146957,0.0102836034497437,multiblimp/results/models/widen-10-checkpoints/checkpoint_0047684/all.csv
utter-project/EuroLLM-1.7B,main,0.977922077922078,0.9691119691119692,0.975206611570248,0.9882260596546312,0.9720772442588728,0.96432144048016,0.966535433070866,0.8777267508610792,0.9300411522633744,0.979982593559617,0.0052952425884906,0.0035835292476382,0.0030847070651926,0.0021369253681601,0.0026614405942613,0.0033870868637543,0.0032575719228397,0.0078491263191964,0.0073178628826123,0.0029217164947677,multiblimp/results/utter-project/EuroLLM-1.7B/main/all.csv
