Array task 7 / Model: /fnwi_fs/ivi/irlab/personal/saycock/multimerge/models/mixed-10-checkpoints/checkpoint_0007000
Task: all | Lang: all
INFO 04-16 22:38:40 [__init__.py:235] Automatically detected platform cuda.
1
lighteval|belebele_arb_Arab_cf
lighteval|belebele_deu_Latn_cf
lighteval|belebele_eng_Latn_cf
lighteval|belebele_fra_Latn_cf
lighteval|belebele_hin_Deva_cf
lighteval|belebele_ita_Latn_cf
lighteval|belebele_nld_Latn_cf
lighteval|belebele_por_Latn_cf
lighteval|belebele_rus_Cyrl_cf
lighteval|belebele_spa_Latn_cf
lighteval|belebele_swe_Latn_cf
lighteval|belebele_tur_Latn_cf
lighteval|belebele_zho_Hans_cf
lighteval|xcsqa_ara_cf
lighteval|xcsqa_deu_cf
lighteval|xcsqa_eng_cf
lighteval|xcsqa_fra_cf
lighteval|xcsqa_hin_cf
lighteval|xcsqa_ita_cf
lighteval|xcsqa_nld_cf
lighteval|xcsqa_por_cf
lighteval|xcsqa_rus_cf
lighteval|xcsqa_spa_cf
None
None
lighteval|xcsqa_zho_cf
lighteval|mlmm_hellaswag_ara_cf
lighteval|mlmm_hellaswag_deu_cf
leaderboard|hellaswag
lighteval|mlmm_hellaswag_fra_cf
lighteval|mlmm_hellaswag_hin_cf
lighteval|mlmm_hellaswag_ita_cf
lighteval|mlmm_hellaswag_nld_cf
lighteval|mlmm_hellaswag_por_cf
lighteval|mlmm_hellaswag_rus_cf
lighteval|mlmm_hellaswag_spa_cf
lighteval|mlmm_hellaswag_swe_cf
lighteval|community_hellaswag_tur_cf
lighteval|mlmm_hellaswag_zho_cf
lighteval|flores200:eng_Latn-arb_Arab
lighteval|flores200:eng_Latn-deu_Latn
lighteval|flores200:fra_Latn-eng_Latn
lighteval|flores200:eng_Latn-fra_Latn
lighteval|flores200:eng_Latn-hin_Deva
lighteval|flores200:eng_Latn-ita_Latn
lighteval|flores200:eng_Latn-nld_Latn
lighteval|flores200:eng_Latn-por_Latn
lighteval|flores200:eng_Latn-rus_Cyrl
lighteval|flores200:eng_Latn-spa_Latn
lighteval|flores200:eng_Latn-swe_Latn
lighteval|flores200:eng_Latn-tur_Latn
lighteval|flores200:eng_Latn-zho_Hans
lighteval|global_mmlu_ca_ara_cf
lighteval|global_mmlu_ca_deu_cf
lighteval|global_mmlu_ca_eng_cf
lighteval|global_mmlu_ca_fra_cf
lighteval|global_mmlu_ca_hin_cf
lighteval|global_mmlu_ca_ita_cf
lighteval|global_mmlu_ca_nld_cf
lighteval|global_mmlu_ca_por_cf
lighteval|global_mmlu_ca_rus_cf
lighteval|global_mmlu_ca_spa_cf
lighteval|global_mmlu_ca_swe_cf
lighteval|global_mmlu_ca_tur_cf
lighteval|global_mmlu_ca_zho_cf
|                                Task                                 |Version|    Metric    | Value |   |Stderr|
|---------------------------------------------------------------------|------:|--------------|------:|---|-----:|
|all                                                                  |       |acc           | 0.2940|±  |0.0144|
|                                                                     |       |acc_norm      | 0.2664|±  |0.0793|
|                                                                     |       |acc_norm_token| 0.2499|±  |0.0748|
|                                                                     |       |acc_norm_pmi  | 0.2623|±  |0.0815|
|                                                                     |       |chrf++        |17.6880|±  |0.1232|
|                                                                     |       |bleu          | 5.1450|±  |0.1164|
|                                                                     |       |bleu_1        | 0.0685|±  |0.0016|
|                                                                     |       |bleu_4        | 0.0006|±  |0.0002|
|leaderboard:hellaswag:5                                              |      0|acc           | 0.2940|±  |0.0144|
|                                                                     |       |acc_norm      | 0.3270|±  |0.0148|
|lighteval:belebele_arb_Arab_cf:5                                     |      0|acc_norm_token| 0.2889|±  |0.0151|
|                                                                     |       |acc_norm      | 0.2978|±  |0.0153|
|lighteval:belebele_deu_Latn_cf:5                                     |      0|acc_norm_token| 0.3200|±  |0.0156|
|                                                                     |       |acc_norm      | 0.3044|±  |0.0153|
|lighteval:belebele_eng_Latn_cf:5                                     |      0|acc_norm_token| 0.3056|±  |0.0154|
|                                                                     |       |acc_norm      | 0.2789|±  |0.0150|
|lighteval:belebele_fra_Latn_cf:5                                     |      0|acc_norm_token| 0.3233|±  |0.0156|
|                                                                     |       |acc_norm      | 0.3133|±  |0.0155|
|lighteval:belebele_hin_Deva_cf:5                                     |      0|acc_norm_token| 0.2533|±  |0.0145|
|                                                                     |       |acc_norm      | 0.2489|±  |0.0144|
|lighteval:belebele_ita_Latn_cf:5                                     |      0|acc_norm_token| 0.2878|±  |0.0151|
|                                                                     |       |acc_norm      | 0.2967|±  |0.0152|
|lighteval:belebele_nld_Latn_cf:5                                     |      0|acc_norm_token| 0.3122|±  |0.0155|
|                                                                     |       |acc_norm      | 0.3178|±  |0.0155|
|lighteval:belebele_por_Latn_cf:5                                     |      0|acc_norm_token| 0.2889|±  |0.0151|
|                                                                     |       |acc_norm      | 0.3000|±  |0.0153|
|lighteval:belebele_rus_Cyrl_cf:5                                     |      0|acc_norm_token| 0.3044|±  |0.0153|
|                                                                     |       |acc_norm      | 0.2844|±  |0.0150|
|lighteval:belebele_spa_Latn_cf:5                                     |      0|acc_norm_token| 0.3056|±  |0.0154|
|                                                                     |       |acc_norm      | 0.3056|±  |0.0154|
|lighteval:belebele_swe_Latn_cf:5                                     |      0|acc_norm_token| 0.2878|±  |0.0151|
|                                                                     |       |acc_norm      | 0.2867|±  |0.0151|
|lighteval:belebele_tur_Latn_cf:5                                     |      0|acc_norm_token| 0.2856|±  |0.0151|
|                                                                     |       |acc_norm      | 0.2822|±  |0.0150|
|lighteval:belebele_zho_Hans_cf:5                                     |      0|acc_norm_token| 0.2556|±  |0.0145|
|                                                                     |       |acc_norm      | 0.2433|±  |0.0143|
|lighteval:community_hellaswag_tur_cf:5                               |      0|acc_norm_token| 0.3110|±  |0.0146|
|                                                                     |       |acc_norm      | 0.3110|±  |0.0146|
|lighteval:flores200:_average:5                                       |       |chrf++        |17.6880|±  |0.1232|
|                                                                     |       |bleu          | 5.1450|±  |0.1164|
|                                                                     |       |bleu_1        | 0.0685|±  |0.0016|
|                                                                     |       |bleu_4        | 0.0006|±  |0.0002|
|lighteval:flores200:eng_Latn-arb_Arab:5                              |      0|chrf++        | 4.7566|±  |0.0777|
|                                                                     |       |bleu          | 1.9823|±  |0.0367|
|                                                                     |       |bleu_1        | 0.0397|±  |0.0006|
|                                                                     |       |bleu_4        | 0.0000|±  |0.0000|
|lighteval:flores200:eng_Latn-deu_Latn:5                              |      0|chrf++        |28.2418|±  |0.1265|
|                                                                     |       |bleu          |11.7382|±  |0.1359|
|                                                                     |       |bleu_1        | 0.1044|±  |0.0021|
|                                                                     |       |bleu_4        | 0.0001|±  |0.0001|
|lighteval:flores200:eng_Latn-fra_Latn:5                              |      0|chrf++        |26.1404|±  |0.1632|
|                                                                     |       |bleu          | 4.3554|±  |0.1755|
|                                                                     |       |bleu_1        | 0.1070|±  |0.0024|
|                                                                     |       |bleu_4        | 0.0006|±  |0.0003|
|lighteval:flores200:eng_Latn-hin_Deva:5                              |      0|chrf++        | 9.2550|±  |0.0584|
|                                                                     |       |bleu          |13.9435|±  |0.0997|
|                                                                     |       |bleu_1        | 0.0043|±  |0.0004|
|                                                                     |       |bleu_4        | 0.0000|±  |0.0000|
|lighteval:flores200:eng_Latn-ita_Latn:5                              |      0|chrf++        |18.8950|±  |0.1640|
|                                                                     |       |bleu          | 2.4499|±  |0.1708|
|                                                                     |       |bleu_1        | 0.1078|±  |0.0023|
|                                                                     |       |bleu_4        | 0.0008|±  |0.0002|
|lighteval:flores200:eng_Latn-nld_Latn:5                              |      0|chrf++        |22.1523|±  |0.1255|
|                                                                     |       |bleu          | 5.4778|±  |0.0750|
|                                                                     |       |bleu_1        | 0.0516|±  |0.0012|
|                                                                     |       |bleu_4        | 0.0001|±  |0.0000|
|lighteval:flores200:eng_Latn-por_Latn:5                              |      0|chrf++        |19.1688|±  |0.0629|
|                                                                     |       |bleu          | 2.1721|±  |0.0434|
|                                                                     |       |bleu_1        | 0.0510|±  |0.0012|
|                                                                     |       |bleu_4        | 0.0003|±  |0.0002|
|lighteval:flores200:eng_Latn-rus_Cyrl:5                              |      0|chrf++        |27.7041|±  |0.2836|
|                                                                     |       |bleu          | 7.3391|±  |0.1453|
|                                                                     |       |bleu_1        | 0.0750|±  |0.0017|
|                                                                     |       |bleu_4        | 0.0000|±  |0.0000|
|lighteval:flores200:eng_Latn-spa_Latn:5                              |      0|chrf++        |19.4834|±  |0.1698|
|                                                                     |       |bleu          | 2.8594|±  |0.1749|
|                                                                     |       |bleu_1        | 0.1022|±  |0.0025|
|                                                                     |       |bleu_4        | 0.0002|±  |0.0001|
|lighteval:flores200:eng_Latn-swe_Latn:5                              |      0|chrf++        |15.5174|±  |0.0658|
|                                                                     |       |bleu          | 0.6001|±  |0.0579|
|                                                                     |       |bleu_1        | 0.0296|±  |0.0009|
|                                                                     |       |bleu_4        | 0.0002|±  |0.0001|
|lighteval:flores200:eng_Latn-tur_Latn:5                              |      0|chrf++        |11.0931|±  |0.0596|
|                                                                     |       |bleu          | 4.9900|±  |0.0438|
|                                                                     |       |bleu_1        | 0.0527|±  |0.0011|
|                                                                     |       |bleu_4        | 0.0001|±  |0.0001|
|lighteval:flores200:eng_Latn-zho_Hans:5                              |      0|chrf++        | 3.0429|±  |0.0501|
|                                                                     |       |bleu          | 0.0000|±  |0.1350|
|                                                                     |       |bleu_1        | 0.0010|±  |0.0003|
|                                                                     |       |bleu_4        | 0.0000|±  |0.0000|
|lighteval:flores200:fra_Latn-eng_Latn:5                              |      0|chrf++        |24.4932|±  |0.1943|
|                                                                     |       |bleu          | 8.9770|±  |0.2189|
|                                                                     |       |bleu_1        | 0.1641|±  |0.0036|
|                                                                     |       |bleu_4        | 0.0059|±  |0.0010|
|lighteval:global_mmlu_ca_ara_cf:_average:5                           |       |acc_norm_token| 0.2424|±  |0.0933|
|                                                                     |       |acc_norm      | 0.2410|±  |0.0940|
|                                                                     |       |acc_norm_pmi  | 0.2311|±  |0.0666|
|lighteval:global_mmlu_ca_ara_cf:college_biology:5                    |      0|acc_norm_token| 0.2245|±  |0.0602|
|                                                                     |       |acc_norm      | 0.2245|±  |0.0602|
|                                                                     |       |acc_norm_pmi  | 0.2041|±  |0.0582|
|lighteval:global_mmlu_ca_ara_cf:college_chemistry:5                  |      0|acc_norm_token| 0.1667|±  |0.0544|
|                                                                     |       |acc_norm      | 0.1667|±  |0.0544|
|                                                                     |       |acc_norm_pmi  | 0.2500|±  |0.0632|
|lighteval:global_mmlu_ca_ara_cf:college_computer_science:5           |      0|acc_norm_token| 0.2600|±  |0.0627|
|                                                                     |       |acc_norm      | 0.2000|±  |0.0571|
|                                                                     |       |acc_norm_pmi  | 0.1600|±  |0.0524|
|lighteval:global_mmlu_ca_ara_cf:college_mathematics:5                |      0|acc_norm_token| 0.1837|±  |0.0559|
|                                                                     |       |acc_norm      | 0.1633|±  |0.0533|
|                                                                     |       |acc_norm_pmi  | 0.2041|±  |0.0582|
|lighteval:global_mmlu_ca_ara_cf:college_medicine:5                   |      0|acc_norm_token| 0.2041|±  |0.0582|
|                                                                     |       |acc_norm      | 0.2041|±  |0.0582|
|                                                                     |       |acc_norm_pmi  | 0.2245|±  |0.0602|
|lighteval:global_mmlu_ca_ara_cf:college_physics:5                    |      0|acc_norm_token| 0.2449|±  |0.0621|
|                                                                     |       |acc_norm      | 0.2653|±  |0.0637|
|                                                                     |       |acc_norm_pmi  | 0.1224|±  |0.0473|
|lighteval:global_mmlu_ca_ara_cf:high_school_biology:5                |      0|acc_norm_token| 0.2800|±  |0.0641|
|                                                                     |       |acc_norm      | 0.2200|±  |0.0592|
|                                                                     |       |acc_norm_pmi  | 0.3400|±  |0.0677|
|lighteval:global_mmlu_ca_ara_cf:high_school_chemistry:5              |      0|acc_norm_token| 0.1250|±  |0.0482|
|                                                                     |       |acc_norm      | 0.1875|±  |0.0569|
|                                                                     |       |acc_norm_pmi  | 0.3125|±  |0.0676|
|lighteval:global_mmlu_ca_ara_cf:high_school_computer_science:5       |      0|acc_norm_token| 0.1837|±  |0.0559|
|                                                                     |       |acc_norm      | 0.2245|±  |0.0602|
|                                                                     |       |acc_norm_pmi  | 0.1837|±  |0.0559|
|lighteval:global_mmlu_ca_ara_cf:high_school_european_history:5       |      0|acc_norm_token| 0.2143|±  |0.1138|
|                                                                     |       |acc_norm      | 0.3571|±  |0.1329|
|                                                                     |       |acc_norm_pmi  | 0.2143|±  |0.1138|
|lighteval:global_mmlu_ca_ara_cf:high_school_geography:5              |      0|acc_norm_token| 0.3846|±  |0.0973|
|                                                                     |       |acc_norm      | 0.2308|±  |0.0843|
|                                                                     |       |acc_norm_pmi  | 0.3462|±  |0.0951|
|lighteval:global_mmlu_ca_ara_cf:high_school_government_and_politics:5|      0|acc_norm_token| 0.5000|±  |0.5000|
|                                                                     |       |acc_norm      | 0.5000|±  |0.5000|
|                                                                     |       |acc_norm_pmi  | 0.0000|±  |0.0000|
|lighteval:global_mmlu_ca_ara_cf:high_school_macroeconomics:5         |      0|acc_norm_token| 0.3000|±  |0.0734|
|                                                                     |       |acc_norm      | 0.1750|±  |0.0608|
|                                                                     |       |acc_norm_pmi  | 0.3000|±  |0.0734|
|lighteval:global_mmlu_ca_ara_cf:high_school_mathematics:5            |      0|acc_norm_token| 0.1633|±  |0.0533|
|                                                                     |       |acc_norm      | 0.1429|±  |0.0505|
|                                                                     |       |acc_norm_pmi  | 0.1429|±  |0.0505|
|lighteval:global_mmlu_ca_ara_cf:high_school_microeconomics:5         |      0|acc_norm_token| 0.1429|±  |0.0505|
|                                                                     |       |acc_norm      | 0.1633|±  |0.0533|
|                                                                     |       |acc_norm_pmi  | 0.1429|±  |0.0505|
|lighteval:global_mmlu_ca_ara_cf:high_school_physics:5                |      0|acc_norm_token| 0.4651|±  |0.0770|
|                                                                     |       |acc_norm      | 0.4651|±  |0.0770|
|                                                                     |       |acc_norm_pmi  | 0.3023|±  |0.0709|
|lighteval:global_mmlu_ca_ara_cf:high_school_psychology:5             |      0|acc_norm_token| 0.1389|±  |0.0585|
|                                                                     |       |acc_norm      | 0.0833|±  |0.0467|
|                                                                     |       |acc_norm_pmi  | 0.2500|±  |0.0732|
|lighteval:global_mmlu_ca_ara_cf:high_school_statistics:5             |      0|acc_norm_token| 0.2174|±  |0.0615|
|                                                                     |       |acc_norm      | 0.2609|±  |0.0655|
|                                                                     |       |acc_norm_pmi  | 0.3478|±  |0.0710|
|lighteval:global_mmlu_ca_ara_cf:high_school_us_history:5             |      0|acc_norm_token| 0.2000|±  |0.2000|
|                                                                     |       |acc_norm      | 0.4000|±  |0.2449|
|                                                                     |       |acc_norm_pmi  | 0.0000|±  |0.0000|
|lighteval:global_mmlu_ca_ara_cf:high_school_world_history:5          |      0|acc_norm_token| 0.1333|±  |0.0909|
|                                                                     |       |acc_norm      | 0.1333|±  |0.0909|
|                                                                     |       |acc_norm_pmi  | 0.4000|±  |0.1309|
|lighteval:global_mmlu_ca_ara_cf:professional_accounting:5            |      0|acc_norm_token| 0.1944|±  |0.0669|
|                                                                     |       |acc_norm      | 0.1389|±  |0.0585|
|                                                                     |       |acc_norm_pmi  | 0.3611|±  |0.0812|
|lighteval:global_mmlu_ca_ara_cf:professional_law:5                   |      0|acc_norm_token| 0.3077|±  |0.1332|
|                                                                     |       |acc_norm      | 0.2308|±  |0.1216|
|                                                                     |       |acc_norm_pmi  | 0.2308|±  |0.1216|
|lighteval:global_mmlu_ca_ara_cf:professional_medicine:5              |      0|acc_norm_token| 0.3061|±  |0.0665|
|                                                                     |       |acc_norm      | 0.2857|±  |0.0652|
|                                                                     |       |acc_norm_pmi  | 0.2857|±  |0.0652|
|lighteval:global_mmlu_ca_ara_cf:professional_psychology:5            |      0|acc_norm_token| 0.2778|±  |0.0757|
|                                                                     |       |acc_norm      | 0.3611|±  |0.0812|
|                                                                     |       |acc_norm_pmi  | 0.2222|±  |0.0703|
|lighteval:global_mmlu_ca_deu_cf:_average:5                           |       |acc_norm_token| 0.2589|±  |0.0882|
|                                                                     |       |acc_norm      | 0.2920|±  |0.0763|
|                                                                     |       |acc_norm_pmi  | 0.2644|±  |0.0881|
|lighteval:global_mmlu_ca_deu_cf:college_biology:5                    |      0|acc_norm_token| 0.2857|±  |0.0652|
|                                                                     |       |acc_norm      | 0.2653|±  |0.0637|
|                                                                     |       |acc_norm_pmi  | 0.2653|±  |0.0637|
|lighteval:global_mmlu_ca_deu_cf:college_chemistry:5                  |      0|acc_norm_token| 0.2245|±  |0.0602|
|                                                                     |       |acc_norm      | 0.2041|±  |0.0582|
|                                                                     |       |acc_norm_pmi  | 0.2653|±  |0.0637|
|lighteval:global_mmlu_ca_deu_cf:college_computer_science:5           |      0|acc_norm_token| 0.2000|±  |0.0571|
|                                                                     |       |acc_norm      | 0.2000|±  |0.0571|
|                                                                     |       |acc_norm_pmi  | 0.1800|±  |0.0549|
|lighteval:global_mmlu_ca_deu_cf:college_mathematics:5                |      0|acc_norm_token| 0.2449|±  |0.0621|
|                                                                     |       |acc_norm      | 0.2245|±  |0.0602|
|                                                                     |       |acc_norm_pmi  | 0.2449|±  |0.0621|
|lighteval:global_mmlu_ca_deu_cf:college_medicine:5                   |      0|acc_norm_token| 0.2041|±  |0.0582|
|                                                                     |       |acc_norm      | 0.2449|±  |0.0621|
|                                                                     |       |acc_norm_pmi  | 0.2245|±  |0.0602|
|lighteval:global_mmlu_ca_deu_cf:college_physics:5                    |      0|acc_norm_token| 0.2800|±  |0.0641|
|                                                                     |       |acc_norm      | 0.2400|±  |0.0610|
|                                                                     |       |acc_norm_pmi  | 0.2600|±  |0.0627|
|lighteval:global_mmlu_ca_deu_cf:high_school_biology:5                |      0|acc_norm_token| 0.2400|±  |0.0610|
|                                                                     |       |acc_norm      | 0.2200|±  |0.0592|
|                                                                     |       |acc_norm_pmi  | 0.3600|±  |0.0686|
|lighteval:global_mmlu_ca_deu_cf:high_school_chemistry:5              |      0|acc_norm_token| 0.2449|±  |0.0621|
|                                                                     |       |acc_norm      | 0.2857|±  |0.0652|
|                                                                     |       |acc_norm_pmi  | 0.2449|±  |0.0621|
|lighteval:global_mmlu_ca_deu_cf:high_school_computer_science:5       |      0|acc_norm_token| 0.0816|±  |0.0395|
|                                                                     |       |acc_norm      | 0.1633|±  |0.0533|
|                                                                     |       |acc_norm_pmi  | 0.2653|±  |0.0637|
|lighteval:global_mmlu_ca_deu_cf:high_school_european_history:5       |      0|acc_norm_token| 0.2143|±  |0.1138|
|                                                                     |       |acc_norm      | 0.4286|±  |0.1373|
|                                                                     |       |acc_norm_pmi  | 0.2143|±  |0.1138|
|lighteval:global_mmlu_ca_deu_cf:high_school_geography:5              |      0|acc_norm_token| 0.3846|±  |0.0973|
|                                                                     |       |acc_norm      | 0.3077|±  |0.0923|
|                                                                     |       |acc_norm_pmi  | 0.2692|±  |0.0887|
|lighteval:global_mmlu_ca_deu_cf:high_school_government_and_politics:5|      0|acc_norm_token| 0.5000|±  |0.5000|
|                                                                     |       |acc_norm      | 1.0000|±  |0.0000|
|                                                                     |       |acc_norm_pmi  | 0.5000|±  |0.5000|
|lighteval:global_mmlu_ca_deu_cf:high_school_macroeconomics:5         |      0|acc_norm_token| 0.2750|±  |0.0715|
|                                                                     |       |acc_norm      | 0.2250|±  |0.0669|
|                                                                     |       |acc_norm_pmi  | 0.2500|±  |0.0693|
|lighteval:global_mmlu_ca_deu_cf:high_school_mathematics:5            |      0|acc_norm_token| 0.1429|±  |0.0505|
|                                                                     |       |acc_norm      | 0.1224|±  |0.0473|
|                                                                     |       |acc_norm_pmi  | 0.1837|±  |0.0559|
|lighteval:global_mmlu_ca_deu_cf:high_school_microeconomics:5         |      0|acc_norm_token| 0.2653|±  |0.0637|
|                                                                     |       |acc_norm      | 0.3061|±  |0.0665|
|                                                                     |       |acc_norm_pmi  | 0.3469|±  |0.0687|
|lighteval:global_mmlu_ca_deu_cf:high_school_physics:5                |      0|acc_norm_token| 0.3864|±  |0.0743|
|                                                                     |       |acc_norm      | 0.3182|±  |0.0710|
|                                                                     |       |acc_norm_pmi  | 0.3636|±  |0.0734|
|lighteval:global_mmlu_ca_deu_cf:high_school_psychology:5             |      0|acc_norm_token| 0.2222|±  |0.0703|
|                                                                     |       |acc_norm      | 0.2222|±  |0.0703|
|                                                                     |       |acc_norm_pmi  | 0.3056|±  |0.0779|
|lighteval:global_mmlu_ca_deu_cf:high_school_statistics:5             |      0|acc_norm_token| 0.3478|±  |0.0710|
|                                                                     |       |acc_norm      | 0.3478|±  |0.0710|
|                                                                     |       |acc_norm_pmi  | 0.4130|±  |0.0734|
|lighteval:global_mmlu_ca_deu_cf:high_school_us_history:5             |      0|acc_norm_token| 0.0000|±  |0.0000|
|                                                                     |       |acc_norm      | 0.2000|±  |0.2000|
|                                                                     |       |acc_norm_pmi  | 0.0000|±  |0.0000|
|lighteval:global_mmlu_ca_deu_cf:high_school_world_history:5          |      0|acc_norm_token| 0.3333|±  |0.1260|
|                                                                     |       |acc_norm      | 0.2000|±  |0.1069|
|                                                                     |       |acc_norm_pmi  | 0.3333|±  |0.1260|
|lighteval:global_mmlu_ca_deu_cf:professional_accounting:5            |      0|acc_norm_token| 0.2778|±  |0.0757|
|                                                                     |       |acc_norm      | 0.3056|±  |0.0779|
|                                                                     |       |acc_norm_pmi  | 0.1944|±  |0.0669|
|lighteval:global_mmlu_ca_deu_cf:professional_law:5                   |      0|acc_norm_token| 0.3077|±  |0.1332|
|                                                                     |       |acc_norm      | 0.3846|±  |0.1404|
|                                                                     |       |acc_norm_pmi  | 0.1538|±  |0.1042|
|lighteval:global_mmlu_ca_deu_cf:professional_medicine:5              |      0|acc_norm_token| 0.2449|±  |0.0621|
|                                                                     |       |acc_norm      | 0.2857|±  |0.0652|
|                                                                     |       |acc_norm_pmi  | 0.2857|±  |0.0652|
|lighteval:global_mmlu_ca_deu_cf:professional_psychology:5            |      0|acc_norm_token| 0.3056|±  |0.0779|
|                                                                     |       |acc_norm      | 0.3056|±  |0.0779|
|                                                                     |       |acc_norm_pmi  | 0.2222|±  |0.0703|
|lighteval:global_mmlu_ca_eng_cf:_average:5                           |       |acc_norm_token| 0.2459|±  |0.0760|
|                                                                     |       |acc_norm      | 0.2831|±  |0.0975|
|                                                                     |       |acc_norm_pmi  | 0.3044|±  |0.0885|
|lighteval:global_mmlu_ca_eng_cf:college_biology:5                    |      0|acc_norm_token| 0.2449|±  |0.0621|
|                                                                     |       |acc_norm      | 0.2449|±  |0.0621|
|                                                                     |       |acc_norm_pmi  | 0.2653|±  |0.0637|
|lighteval:global_mmlu_ca_eng_cf:college_chemistry:5                  |      0|acc_norm_token| 0.2449|±  |0.0621|
|                                                                     |       |acc_norm      | 0.2041|±  |0.0582|
|                                                                     |       |acc_norm_pmi  | 0.2041|±  |0.0582|
|lighteval:global_mmlu_ca_eng_cf:college_computer_science:5           |      0|acc_norm_token| 0.2400|±  |0.0610|
|                                                                     |       |acc_norm      | 0.2400|±  |0.0610|
|                                                                     |       |acc_norm_pmi  | 0.2000|±  |0.0571|
|lighteval:global_mmlu_ca_eng_cf:college_mathematics:5                |      0|acc_norm_token| 0.2449|±  |0.0621|
|                                                                     |       |acc_norm      | 0.2041|±  |0.0582|
|                                                                     |       |acc_norm_pmi  | 0.2653|±  |0.0637|
|lighteval:global_mmlu_ca_eng_cf:college_medicine:5                   |      0|acc_norm_token| 0.2041|±  |0.0582|
|                                                                     |       |acc_norm      | 0.2653|±  |0.0637|
|                                                                     |       |acc_norm_pmi  | 0.2857|±  |0.0652|
|lighteval:global_mmlu_ca_eng_cf:college_physics:5                    |      0|acc_norm_token| 0.2000|±  |0.0571|
|                                                                     |       |acc_norm      | 0.2200|±  |0.0592|
|                                                                     |       |acc_norm_pmi  | 0.2000|±  |0.0571|
|lighteval:global_mmlu_ca_eng_cf:high_school_biology:5                |      0|acc_norm_token| 0.2400|±  |0.0610|
|                                                                     |       |acc_norm      | 0.2800|±  |0.0641|
|                                                                     |       |acc_norm_pmi  | 0.3200|±  |0.0666|
|lighteval:global_mmlu_ca_eng_cf:high_school_chemistry:5              |      0|acc_norm_token| 0.2857|±  |0.0652|
|                                                                     |       |acc_norm      | 0.2245|±  |0.0602|
|                                                                     |       |acc_norm_pmi  | 0.3061|±  |0.0665|
|lighteval:global_mmlu_ca_eng_cf:high_school_computer_science:5       |      0|acc_norm_token| 0.1429|±  |0.0505|
|                                                                     |       |acc_norm      | 0.1837|±  |0.0559|
|                                                                     |       |acc_norm_pmi  | 0.1837|±  |0.0559|
|lighteval:global_mmlu_ca_eng_cf:high_school_european_history:5       |      0|acc_norm_token| 0.3571|±  |0.1329|
|                                                                     |       |acc_norm      | 0.2857|±  |0.1253|
|                                                                     |       |acc_norm_pmi  | 0.4286|±  |0.1373|
|lighteval:global_mmlu_ca_eng_cf:high_school_geography:5              |      0|acc_norm_token| 0.3462|±  |0.0951|
|                                                                     |       |acc_norm      | 0.2308|±  |0.0843|
|                                                                     |       |acc_norm_pmi  | 0.3077|±  |0.0923|
|lighteval:global_mmlu_ca_eng_cf:high_school_government_and_politics:5|      0|acc_norm_token| 0.0000|±  |0.0000|
|                                                                     |       |acc_norm      | 0.5000|±  |0.5000|
|                                                                     |       |acc_norm_pmi  | 0.5000|±  |0.5000|
|lighteval:global_mmlu_ca_eng_cf:high_school_macroeconomics:5         |      0|acc_norm_token| 0.2000|±  |0.0641|
|                                                                     |       |acc_norm      | 0.4250|±  |0.0792|
|                                                                     |       |acc_norm_pmi  | 0.1250|±  |0.0530|
|lighteval:global_mmlu_ca_eng_cf:high_school_mathematics:5            |      0|acc_norm_token| 0.1837|±  |0.0559|
|                                                                     |       |acc_norm      | 0.1429|±  |0.0505|
|                                                                     |       |acc_norm_pmi  | 0.1224|±  |0.0473|
|lighteval:global_mmlu_ca_eng_cf:high_school_microeconomics:5         |      0|acc_norm_token| 0.2449|±  |0.0621|
|                                                                     |       |acc_norm      | 0.3673|±  |0.0696|
|                                                                     |       |acc_norm_pmi  | 0.2857|±  |0.0652|
|lighteval:global_mmlu_ca_eng_cf:high_school_physics:5                |      0|acc_norm_token| 0.3864|±  |0.0743|
|                                                                     |       |acc_norm      | 0.3182|±  |0.0710|
|                                                                     |       |acc_norm_pmi  | 0.2273|±  |0.0639|
|lighteval:global_mmlu_ca_eng_cf:high_school_psychology:5             |      0|acc_norm_token| 0.2500|±  |0.0732|
|                                                                     |       |acc_norm      | 0.1944|±  |0.0669|
|                                                                     |       |acc_norm_pmi  | 0.3056|±  |0.0779|
|lighteval:global_mmlu_ca_eng_cf:high_school_statistics:5             |      0|acc_norm_token| 0.3043|±  |0.0686|
|                                                                     |       |acc_norm      | 0.3913|±  |0.0728|
|                                                                     |       |acc_norm_pmi  | 0.3043|±  |0.0686|
|lighteval:global_mmlu_ca_eng_cf:high_school_us_history:5             |      0|acc_norm_token| 0.2000|±  |0.2000|
|                                                                     |       |acc_norm      | 0.2000|±  |0.2000|
|                                                                     |       |acc_norm_pmi  | 1.0000|±  |0.0000|
|lighteval:global_mmlu_ca_eng_cf:high_school_world_history:5          |      0|acc_norm_token| 0.2667|±  |0.1182|
|                                                                     |       |acc_norm      | 0.4000|±  |0.1309|
|                                                                     |       |acc_norm_pmi  | 0.3333|±  |0.1260|
|lighteval:global_mmlu_ca_eng_cf:professional_accounting:5            |      0|acc_norm_token| 0.3333|±  |0.0797|
|                                                                     |       |acc_norm      | 0.4444|±  |0.0840|
|                                                                     |       |acc_norm_pmi  | 0.2222|±  |0.0703|
|lighteval:global_mmlu_ca_eng_cf:professional_law:5                   |      0|acc_norm_token| 0.2308|±  |0.1216|
|                                                                     |       |acc_norm      | 0.2308|±  |0.1216|
|                                                                     |       |acc_norm_pmi  | 0.2308|±  |0.1216|
|lighteval:global_mmlu_ca_eng_cf:professional_medicine:5              |      0|acc_norm_token| 0.2449|±  |0.0621|
|                                                                     |       |acc_norm      | 0.3469|±  |0.0687|
|                                                                     |       |acc_norm_pmi  | 0.2653|±  |0.0637|
|lighteval:global_mmlu_ca_eng_cf:professional_psychology:5            |      0|acc_norm_token| 0.3056|±  |0.0779|
|                                                                     |       |acc_norm      | 0.2500|±  |0.0732|
|                                                                     |       |acc_norm_pmi  | 0.4167|±  |0.0833|
|lighteval:global_mmlu_ca_fra_cf:_average:5                           |       |acc_norm_token| 0.2700|±  |0.0892|
|                                                                     |       |acc_norm      | 0.2467|±  |0.0864|
|                                                                     |       |acc_norm_pmi  | 0.2699|±  |0.0782|
|lighteval:global_mmlu_ca_fra_cf:college_biology:5                    |      0|acc_norm_token| 0.2653|±  |0.0637|
|                                                                     |       |acc_norm      | 0.3061|±  |0.0665|
|                                                                     |       |acc_norm_pmi  | 0.2857|±  |0.0652|
|lighteval:global_mmlu_ca_fra_cf:college_chemistry:5                  |      0|acc_norm_token| 0.2449|±  |0.0621|
|                                                                     |       |acc_norm      | 0.2449|±  |0.0621|
|                                                                     |       |acc_norm_pmi  | 0.3265|±  |0.0677|
|lighteval:global_mmlu_ca_fra_cf:college_computer_science:5           |      0|acc_norm_token| 0.2200|±  |0.0592|
|                                                                     |       |acc_norm      | 0.2200|±  |0.0592|
|                                                                     |       |acc_norm_pmi  | 0.3000|±  |0.0655|
|lighteval:global_mmlu_ca_fra_cf:college_mathematics:5                |      0|acc_norm_token| 0.2653|±  |0.0637|
|                                                                     |       |acc_norm      | 0.1633|±  |0.0533|
|                                                                     |       |acc_norm_pmi  | 0.2653|±  |0.0637|
|lighteval:global_mmlu_ca_fra_cf:college_medicine:5                   |      0|acc_norm_token| 0.2245|±  |0.0602|
|                                                                     |       |acc_norm      | 0.3061|±  |0.0665|
|                                                                     |       |acc_norm_pmi  | 0.2857|±  |0.0652|
|lighteval:global_mmlu_ca_fra_cf:college_physics:5                    |      0|acc_norm_token| 0.2400|±  |0.0610|
|                                                                     |       |acc_norm      | 0.1800|±  |0.0549|
|                                                                     |       |acc_norm_pmi  | 0.2200|±  |0.0592|
|lighteval:global_mmlu_ca_fra_cf:high_school_biology:5                |      0|acc_norm_token| 0.2600|±  |0.0627|
|                                                                     |       |acc_norm      | 0.1800|±  |0.0549|
|                                                                     |       |acc_norm_pmi  | 0.3800|±  |0.0693|
|lighteval:global_mmlu_ca_fra_cf:high_school_chemistry:5              |      0|acc_norm_token| 0.1224|±  |0.0473|
|                                                                     |       |acc_norm      | 0.1633|±  |0.0533|
|                                                                     |       |acc_norm_pmi  | 0.1837|±  |0.0559|
|lighteval:global_mmlu_ca_fra_cf:high_school_computer_science:5       |      0|acc_norm_token| 0.1633|±  |0.0533|
|                                                                     |       |acc_norm      | 0.1837|±  |0.0559|
|                                                                     |       |acc_norm_pmi  | 0.2245|±  |0.0602|
|lighteval:global_mmlu_ca_fra_cf:high_school_european_history:5       |      0|acc_norm_token| 0.5000|±  |0.1387|
|                                                                     |       |acc_norm      | 0.2857|±  |0.1253|
|                                                                     |       |acc_norm_pmi  | 0.4286|±  |0.1373|
|lighteval:global_mmlu_ca_fra_cf:high_school_geography:5              |      0|acc_norm_token| 0.4231|±  |0.0988|
|                                                                     |       |acc_norm      | 0.1538|±  |0.0722|
|                                                                     |       |acc_norm_pmi  | 0.3846|±  |0.0973|
|lighteval:global_mmlu_ca_fra_cf:high_school_government_and_politics:5|      0|acc_norm_token| 0.5000|±  |0.5000|
|                                                                     |       |acc_norm      | 0.5000|±  |0.5000|
|                                                                     |       |acc_norm_pmi  | 0.0000|±  |0.0000|
|lighteval:global_mmlu_ca_fra_cf:high_school_macroeconomics:5         |      0|acc_norm_token| 0.3000|±  |0.0734|
|                                                                     |       |acc_norm      | 0.2750|±  |0.0715|
|                                                                     |       |acc_norm_pmi  | 0.3500|±  |0.0764|
|lighteval:global_mmlu_ca_fra_cf:high_school_mathematics:5            |      0|acc_norm_token| 0.2041|±  |0.0582|
|                                                                     |       |acc_norm      | 0.1633|±  |0.0533|
|                                                                     |       |acc_norm_pmi  | 0.1837|±  |0.0559|
|lighteval:global_mmlu_ca_fra_cf:high_school_microeconomics:5         |      0|acc_norm_token| 0.2041|±  |0.0582|
|                                                                     |       |acc_norm      | 0.2245|±  |0.0602|
|                                                                     |       |acc_norm_pmi  | 0.1429|±  |0.0505|
|lighteval:global_mmlu_ca_fra_cf:high_school_physics:5                |      0|acc_norm_token| 0.4091|±  |0.0750|
|                                                                     |       |acc_norm      | 0.3864|±  |0.0743|
|                                                                     |       |acc_norm_pmi  | 0.2273|±  |0.0639|
|lighteval:global_mmlu_ca_fra_cf:high_school_psychology:5             |      0|acc_norm_token| 0.2222|±  |0.0703|
|                                                                     |       |acc_norm      | 0.2778|±  |0.0757|
|                                                                     |       |acc_norm_pmi  | 0.2500|±  |0.0732|
|lighteval:global_mmlu_ca_fra_cf:high_school_statistics:5             |      0|acc_norm_token| 0.3043|±  |0.0686|
|                                                                     |       |acc_norm      | 0.3696|±  |0.0720|
|                                                                     |       |acc_norm_pmi  | 0.2826|±  |0.0671|
|lighteval:global_mmlu_ca_fra_cf:high_school_us_history:5             |      0|acc_norm_token| 0.0000|±  |0.0000|
|                                                                     |       |acc_norm      | 0.0000|±  |0.0000|
|                                                                     |       |acc_norm_pmi  | 0.4000|±  |0.2449|
|lighteval:global_mmlu_ca_fra_cf:high_school_world_history:5          |      0|acc_norm_token| 0.2667|±  |0.1182|
|                                                                     |       |acc_norm      | 0.2667|±  |0.1182|
|                                                                     |       |acc_norm_pmi  | 0.5333|±  |0.1333|
|lighteval:global_mmlu_ca_fra_cf:professional_accounting:5            |      0|acc_norm_token| 0.2778|±  |0.0757|
|                                                                     |       |acc_norm      | 0.3611|±  |0.0812|
|                                                                     |       |acc_norm_pmi  | 0.2222|±  |0.0703|
|lighteval:global_mmlu_ca_fra_cf:professional_law:5                   |      0|acc_norm_token| 0.3077|±  |0.1332|
|                                                                     |       |acc_norm      | 0.1538|±  |0.1042|
|                                                                     |       |acc_norm_pmi  | 0.1538|±  |0.1042|
|lighteval:global_mmlu_ca_fra_cf:professional_medicine:5              |      0|acc_norm_token| 0.3061|±  |0.0665|
|                                                                     |       |acc_norm      | 0.3061|±  |0.0665|
|                                                                     |       |acc_norm_pmi  | 0.2245|±  |0.0602|
|lighteval:global_mmlu_ca_fra_cf:professional_psychology:5            |      0|acc_norm_token| 0.2500|±  |0.0732|
|                                                                     |       |acc_norm      | 0.2500|±  |0.0732|
|                                                                     |       |acc_norm_pmi  | 0.2222|±  |0.0703|
|lighteval:global_mmlu_ca_hin_cf:_average:5                           |       |acc_norm_token| 0.2203|±  |0.0721|
|                                                                     |       |acc_norm      | 0.2669|±  |0.0976|
|                                                                     |       |acc_norm_pmi  | 0.2483|±  |0.0910|
|lighteval:global_mmlu_ca_hin_cf:college_biology:5                    |      0|acc_norm_token| 0.2041|±  |0.0582|
|                                                                     |       |acc_norm      | 0.2449|±  |0.0621|
|                                                                     |       |acc_norm_pmi  | 0.2857|±  |0.0652|
|lighteval:global_mmlu_ca_hin_cf:college_chemistry:5                  |      0|acc_norm_token| 0.3191|±  |0.0687|
|                                                                     |       |acc_norm      | 0.2128|±  |0.0603|
|                                                                     |       |acc_norm_pmi  | 0.2340|±  |0.0624|
|lighteval:global_mmlu_ca_hin_cf:college_computer_science:5           |      0|acc_norm_token| 0.3400|±  |0.0677|
|                                                                     |       |acc_norm      | 0.2000|±  |0.0571|
|                                                                     |       |acc_norm_pmi  | 0.2200|±  |0.0592|
|lighteval:global_mmlu_ca_hin_cf:college_mathematics:5                |      0|acc_norm_token| 0.1837|±  |0.0559|
|                                                                     |       |acc_norm      | 0.1020|±  |0.0437|
|                                                                     |       |acc_norm_pmi  | 0.1429|±  |0.0505|
|lighteval:global_mmlu_ca_hin_cf:college_medicine:5                   |      0|acc_norm_token| 0.1429|±  |0.0505|
|                                                                     |       |acc_norm      | 0.2653|±  |0.0637|
|                                                                     |       |acc_norm_pmi  | 0.3265|±  |0.0677|
|lighteval:global_mmlu_ca_hin_cf:college_physics:5                    |      0|acc_norm_token| 0.1250|±  |0.0482|
|                                                                     |       |acc_norm      | 0.2500|±  |0.0632|
|                                                                     |       |acc_norm_pmi  | 0.1458|±  |0.0515|
|lighteval:global_mmlu_ca_hin_cf:high_school_biology:5                |      0|acc_norm_token| 0.3400|±  |0.0677|
|                                                                     |       |acc_norm      | 0.2600|±  |0.0627|
|                                                                     |       |acc_norm_pmi  | 0.2600|±  |0.0627|
|lighteval:global_mmlu_ca_hin_cf:high_school_chemistry:5              |      0|acc_norm_token| 0.2708|±  |0.0648|
|                                                                     |       |acc_norm      | 0.2708|±  |0.0648|
|                                                                     |       |acc_norm_pmi  | 0.2500|±  |0.0632|
|lighteval:global_mmlu_ca_hin_cf:high_school_computer_science:5       |      0|acc_norm_token| 0.2041|±  |0.0582|
|                                                                     |       |acc_norm      | 0.2449|±  |0.0621|
|                                                                     |       |acc_norm_pmi  | 0.2041|±  |0.0582|
|lighteval:global_mmlu_ca_hin_cf:high_school_european_history:5       |      0|acc_norm_token| 0.4286|±  |0.1373|
|                                                                     |       |acc_norm      | 0.3571|±  |0.1329|
|                                                                     |       |acc_norm_pmi  | 0.0000|±  |0.0000|
|lighteval:global_mmlu_ca_hin_cf:high_school_geography:5              |      0|acc_norm_token| 0.2692|±  |0.0887|
|                                                                     |       |acc_norm      | 0.1923|±  |0.0788|
|                                                                     |       |acc_norm_pmi  | 0.3077|±  |0.0923|
|lighteval:global_mmlu_ca_hin_cf:high_school_government_and_politics:5|      0|acc_norm_token| 0.0000|±  |0.0000|
|                                                                     |       |acc_norm      | 0.5000|±  |0.5000|
|                                                                     |       |acc_norm_pmi  | 0.5000|±  |0.5000|
|lighteval:global_mmlu_ca_hin_cf:high_school_macroeconomics:5         |      0|acc_norm_token| 0.2000|±  |0.0641|
|                                                                     |       |acc_norm      | 0.2500|±  |0.0693|
|                                                                     |       |acc_norm_pmi  | 0.2500|±  |0.0693|
|lighteval:global_mmlu_ca_hin_cf:high_school_mathematics:5            |      0|acc_norm_token| 0.0816|±  |0.0395|
|                                                                     |       |acc_norm      | 0.0612|±  |0.0346|
|                                                                     |       |acc_norm_pmi  | 0.1633|±  |0.0533|
|lighteval:global_mmlu_ca_hin_cf:high_school_microeconomics:5         |      0|acc_norm_token| 0.1633|±  |0.0533|
|                                                                     |       |acc_norm      | 0.2449|±  |0.0621|
|                                                                     |       |acc_norm_pmi  | 0.2449|±  |0.0621|
|lighteval:global_mmlu_ca_hin_cf:high_school_physics:5                |      0|acc_norm_token| 0.3256|±  |0.0723|
|                                                                     |       |acc_norm      | 0.2093|±  |0.0628|
|                                                                     |       |acc_norm_pmi  | 0.3721|±  |0.0746|
|lighteval:global_mmlu_ca_hin_cf:high_school_psychology:5             |      0|acc_norm_token| 0.1944|±  |0.0669|
|                                                                     |       |acc_norm      | 0.2778|±  |0.0757|
|                                                                     |       |acc_norm_pmi  | 0.3056|±  |0.0779|
|lighteval:global_mmlu_ca_hin_cf:high_school_statistics:5             |      0|acc_norm_token| 0.3913|±  |0.0728|
|                                                                     |       |acc_norm      | 0.3261|±  |0.0699|
|                                                                     |       |acc_norm_pmi  | 0.3261|±  |0.0699|
|lighteval:global_mmlu_ca_hin_cf:high_school_us_history:5             |      0|acc_norm_token| 0.2000|±  |0.2000|
|                                                                     |       |acc_norm      | 0.4000|±  |0.2449|
|                                                                     |       |acc_norm_pmi  | 0.2000|±  |0.2000|
|lighteval:global_mmlu_ca_hin_cf:high_school_world_history:5          |      0|acc_norm_token| 0.2000|±  |0.1069|
|                                                                     |       |acc_norm      | 0.2000|±  |0.1069|
|                                                                     |       |acc_norm_pmi  | 0.2000|±  |0.1069|
|lighteval:global_mmlu_ca_hin_cf:professional_accounting:5            |      0|acc_norm_token| 0.1667|±  |0.0630|
|                                                                     |       |acc_norm      | 0.3333|±  |0.0797|
|                                                                     |       |acc_norm_pmi  | 0.2778|±  |0.0757|
|lighteval:global_mmlu_ca_hin_cf:professional_law:5                   |      0|acc_norm_token| 0.1538|±  |0.1042|
|                                                                     |       |acc_norm      | 0.3846|±  |0.1404|
|                                                                     |       |acc_norm_pmi  | 0.3846|±  |0.1404|
|lighteval:global_mmlu_ca_hin_cf:professional_medicine:5              |      0|acc_norm_token| 0.2449|±  |0.0621|
|                                                                     |       |acc_norm      | 0.2857|±  |0.0652|
|                                                                     |       |acc_norm_pmi  | 0.1633|±  |0.0533|
|lighteval:global_mmlu_ca_hin_cf:professional_psychology:5            |      0|acc_norm_token| 0.1389|±  |0.0585|
|                                                                     |       |acc_norm      | 0.3333|±  |0.0797|
|                                                                     |       |acc_norm_pmi  | 0.1944|±  |0.0669|
|lighteval:global_mmlu_ca_ita_cf:_average:5                           |       |acc_norm_token| 0.2436|±  |0.0755|
|                                                                     |       |acc_norm      | 0.2594|±  |0.0957|
|                                                                     |       |acc_norm_pmi  | 0.2803|±  |0.0979|
|lighteval:global_mmlu_ca_ita_cf:college_biology:5                    |      0|acc_norm_token| 0.1837|±  |0.0559|
|                                                                     |       |acc_norm      | 0.2041|±  |0.0582|
|                                                                     |       |acc_norm_pmi  | 0.2857|±  |0.0652|
|lighteval:global_mmlu_ca_ita_cf:college_chemistry:5                  |      0|acc_norm_token| 0.2245|±  |0.0602|
|                                                                     |       |acc_norm      | 0.1837|±  |0.0559|
|                                                                     |       |acc_norm_pmi  | 0.2857|±  |0.0652|
|lighteval:global_mmlu_ca_ita_cf:college_computer_science:5           |      0|acc_norm_token| 0.3400|±  |0.0677|
|                                                                     |       |acc_norm      | 0.2600|±  |0.0627|
|                                                                     |       |acc_norm_pmi  | 0.1600|±  |0.0524|
|lighteval:global_mmlu_ca_ita_cf:college_mathematics:5                |      0|acc_norm_token| 0.2653|±  |0.0637|
|                                                                     |       |acc_norm      | 0.2449|±  |0.0621|
|                                                                     |       |acc_norm_pmi  | 0.3469|±  |0.0687|
|lighteval:global_mmlu_ca_ita_cf:college_medicine:5                   |      0|acc_norm_token| 0.2653|±  |0.0637|
|                                                                     |       |acc_norm      | 0.2449|±  |0.0621|
|                                                                     |       |acc_norm_pmi  | 0.3061|±  |0.0665|
|lighteval:global_mmlu_ca_ita_cf:college_physics:5                    |      0|acc_norm_token| 0.2000|±  |0.0571|
|                                                                     |       |acc_norm      | 0.1800|±  |0.0549|
|                                                                     |       |acc_norm_pmi  | 0.1800|±  |0.0549|
|lighteval:global_mmlu_ca_ita_cf:high_school_biology:5                |      0|acc_norm_token| 0.2200|±  |0.0592|
|                                                                     |       |acc_norm      | 0.2400|±  |0.0610|
|                                                                     |       |acc_norm_pmi  | 0.3800|±  |0.0693|
|lighteval:global_mmlu_ca_ita_cf:high_school_chemistry:5              |      0|acc_norm_token| 0.2041|±  |0.0582|
|                                                                     |       |acc_norm      | 0.2041|±  |0.0582|
|                                                                     |       |acc_norm_pmi  | 0.2041|±  |0.0582|
|lighteval:global_mmlu_ca_ita_cf:high_school_computer_science:5       |      0|acc_norm_token| 0.1429|±  |0.0505|
|                                                                     |       |acc_norm      | 0.2041|±  |0.0582|
|                                                                     |       |acc_norm_pmi  | 0.2041|±  |0.0582|
|lighteval:global_mmlu_ca_ita_cf:high_school_european_history:5       |      0|acc_norm_token| 0.2857|±  |0.1253|
|                                                                     |       |acc_norm      | 0.3571|±  |0.1329|
|                                                                     |       |acc_norm_pmi  | 0.2857|±  |0.1253|
|lighteval:global_mmlu_ca_ita_cf:high_school_geography:5              |      0|acc_norm_token| 0.2308|±  |0.0843|
|                                                                     |       |acc_norm      | 0.2308|±  |0.0843|
|                                                                     |       |acc_norm_pmi  | 0.3462|±  |0.0951|
|lighteval:global_mmlu_ca_ita_cf:high_school_government_and_politics:5|      0|acc_norm_token| 0.0000|±  |0.0000|
|                                                                     |       |acc_norm      | 0.5000|±  |0.5000|
|                                                                     |       |acc_norm_pmi  | 0.5000|±  |0.5000|
|lighteval:global_mmlu_ca_ita_cf:high_school_macroeconomics:5         |      0|acc_norm_token| 0.2000|±  |0.0641|
|                                                                     |       |acc_norm      | 0.3000|±  |0.0734|
|                                                                     |       |acc_norm_pmi  | 0.2750|±  |0.0715|
|lighteval:global_mmlu_ca_ita_cf:high_school_mathematics:5            |      0|acc_norm_token| 0.2245|±  |0.0602|
|                                                                     |       |acc_norm      | 0.2041|±  |0.0582|
|                                                                     |       |acc_norm_pmi  | 0.2245|±  |0.0602|
|lighteval:global_mmlu_ca_ita_cf:high_school_microeconomics:5         |      0|acc_norm_token| 0.2041|±  |0.0582|
|                                                                     |       |acc_norm      | 0.2857|±  |0.0652|
|                                                                     |       |acc_norm_pmi  | 0.2857|±  |0.0652|
|lighteval:global_mmlu_ca_ita_cf:high_school_physics:5                |      0|acc_norm_token| 0.4091|±  |0.0750|
|                                                                     |       |acc_norm      | 0.4318|±  |0.0755|
|                                                                     |       |acc_norm_pmi  | 0.3182|±  |0.0710|
|lighteval:global_mmlu_ca_ita_cf:high_school_psychology:5             |      0|acc_norm_token| 0.1111|±  |0.0531|
|                                                                     |       |acc_norm      | 0.1667|±  |0.0630|
|                                                                     |       |acc_norm_pmi  | 0.2500|±  |0.0732|
|lighteval:global_mmlu_ca_ita_cf:high_school_statistics:5             |      0|acc_norm_token| 0.2826|±  |0.0671|
|                                                                     |       |acc_norm      | 0.3478|±  |0.0710|
|                                                                     |       |acc_norm_pmi  | 0.3478|±  |0.0710|
|lighteval:global_mmlu_ca_ita_cf:high_school_us_history:5             |      0|acc_norm_token| 0.2000|±  |0.2000|
|                                                                     |       |acc_norm      | 0.2000|±  |0.2000|
|                                                                     |       |acc_norm_pmi  | 0.2000|±  |0.2000|
|lighteval:global_mmlu_ca_ita_cf:high_school_world_history:5          |      0|acc_norm_token| 0.4000|±  |0.1309|
|                                                                     |       |acc_norm      | 0.2000|±  |0.1069|
|                                                                     |       |acc_norm_pmi  | 0.3333|±  |0.1260|
|lighteval:global_mmlu_ca_ita_cf:professional_accounting:5            |      0|acc_norm_token| 0.2222|±  |0.0703|
|                                                                     |       |acc_norm      | 0.2500|±  |0.0732|
|                                                                     |       |acc_norm_pmi  | 0.2222|±  |0.0703|
|lighteval:global_mmlu_ca_ita_cf:professional_law:5                   |      0|acc_norm_token| 0.3846|±  |0.1404|
|                                                                     |       |acc_norm      | 0.2308|±  |0.1216|
|                                                                     |       |acc_norm_pmi  | 0.2308|±  |0.1216|
|lighteval:global_mmlu_ca_ita_cf:professional_medicine:5              |      0|acc_norm_token| 0.2857|±  |0.0652|
|                                                                     |       |acc_norm      | 0.3061|±  |0.0665|
|                                                                     |       |acc_norm_pmi  | 0.3061|±  |0.0665|
|lighteval:global_mmlu_ca_ita_cf:professional_psychology:5            |      0|acc_norm_token| 0.3611|±  |0.0812|
|                                                                     |       |acc_norm      | 0.2500|±  |0.0732|
|                                                                     |       |acc_norm_pmi  | 0.2500|±  |0.0732|
|lighteval:global_mmlu_ca_nld_cf:_average:5                           |       |acc_norm_token| 0.2321|±  |0.0672|
|                                                                     |       |acc_norm      | 0.2695|±  |0.0890|
|                                                                     |       |acc_norm_pmi  | 0.2847|±  |0.0977|
|lighteval:global_mmlu_ca_nld_cf:college_biology:5                    |      0|acc_norm_token| 0.2857|±  |0.0652|
|                                                                     |       |acc_norm      | 0.3265|±  |0.0677|
|                                                                     |       |acc_norm_pmi  | 0.3673|±  |0.0696|
|lighteval:global_mmlu_ca_nld_cf:college_chemistry:5                  |      0|acc_norm_token| 0.2245|±  |0.0602|
|                                                                     |       |acc_norm      | 0.2857|±  |0.0652|
|                                                                     |       |acc_norm_pmi  | 0.2653|±  |0.0637|
|lighteval:global_mmlu_ca_nld_cf:college_computer_science:5           |      0|acc_norm_token| 0.1600|±  |0.0524|
|                                                                     |       |acc_norm      | 0.1600|±  |0.0524|
|                                                                     |       |acc_norm_pmi  | 0.1600|±  |0.0524|
|lighteval:global_mmlu_ca_nld_cf:college_mathematics:5                |      0|acc_norm_token| 0.2857|±  |0.0652|
|                                                                     |       |acc_norm      | 0.2449|±  |0.0621|
|                                                                     |       |acc_norm_pmi  | 0.2245|±  |0.0602|
|lighteval:global_mmlu_ca_nld_cf:college_medicine:5                   |      0|acc_norm_token| 0.2857|±  |0.0652|
|                                                                     |       |acc_norm      | 0.3469|±  |0.0687|
|                                                                     |       |acc_norm_pmi  | 0.2653|±  |0.0637|
|lighteval:global_mmlu_ca_nld_cf:college_physics:5                    |      0|acc_norm_token| 0.2800|±  |0.0641|
|                                                                     |       |acc_norm      | 0.2800|±  |0.0641|
|                                                                     |       |acc_norm_pmi  | 0.2800|±  |0.0641|
|lighteval:global_mmlu_ca_nld_cf:high_school_biology:5                |      0|acc_norm_token| 0.1800|±  |0.0549|
|                                                                     |       |acc_norm      | 0.2000|±  |0.0571|
|                                                                     |       |acc_norm_pmi  | 0.3600|±  |0.0686|
|lighteval:global_mmlu_ca_nld_cf:high_school_chemistry:5              |      0|acc_norm_token| 0.2245|±  |0.0602|
|                                                                     |       |acc_norm      | 0.2041|±  |0.0582|
|                                                                     |       |acc_norm_pmi  | 0.1633|±  |0.0533|
|lighteval:global_mmlu_ca_nld_cf:high_school_computer_science:5       |      0|acc_norm_token| 0.2245|±  |0.0602|
|                                                                     |       |acc_norm      | 0.2245|±  |0.0602|
|                                                                     |       |acc_norm_pmi  | 0.2857|±  |0.0652|
|lighteval:global_mmlu_ca_nld_cf:high_school_european_history:5       |      0|acc_norm_token| 0.2857|±  |0.1253|
|                                                                     |       |acc_norm      | 0.2857|±  |0.1253|
|                                                                     |       |acc_norm_pmi  | 0.4286|±  |0.1373|
|lighteval:global_mmlu_ca_nld_cf:high_school_geography:5              |      0|acc_norm_token| 0.1923|±  |0.0788|
|                                                                     |       |acc_norm      | 0.2692|±  |0.0887|
|                                                                     |       |acc_norm_pmi  | 0.5000|±  |0.1000|
|lighteval:global_mmlu_ca_nld_cf:high_school_government_and_politics:5|      0|acc_norm_token| 0.0000|±  |0.0000|
|                                                                     |       |acc_norm      | 0.5000|±  |0.5000|
|                                                                     |       |acc_norm_pmi  | 0.5000|±  |0.5000|
|lighteval:global_mmlu_ca_nld_cf:high_school_macroeconomics:5         |      0|acc_norm_token| 0.2500|±  |0.0693|
|                                                                     |       |acc_norm      | 0.3500|±  |0.0764|
|                                                                     |       |acc_norm_pmi  | 0.2250|±  |0.0669|
|lighteval:global_mmlu_ca_nld_cf:high_school_mathematics:5            |      0|acc_norm_token| 0.1633|±  |0.0533|
|                                                                     |       |acc_norm      | 0.1429|±  |0.0505|
|                                                                     |       |acc_norm_pmi  | 0.1633|±  |0.0533|
|lighteval:global_mmlu_ca_nld_cf:high_school_microeconomics:5         |      0|acc_norm_token| 0.2041|±  |0.0582|
|                                                                     |       |acc_norm      | 0.2653|±  |0.0637|
|                                                                     |       |acc_norm_pmi  | 0.3061|±  |0.0665|
|lighteval:global_mmlu_ca_nld_cf:high_school_physics:5                |      0|acc_norm_token| 0.2955|±  |0.0696|
|                                                                     |       |acc_norm      | 0.2727|±  |0.0679|
|                                                                     |       |acc_norm_pmi  | 0.2727|±  |0.0679|
|lighteval:global_mmlu_ca_nld_cf:high_school_psychology:5             |      0|acc_norm_token| 0.2222|±  |0.0703|
|                                                                     |       |acc_norm      | 0.2778|±  |0.0757|
|                                                                     |       |acc_norm_pmi  | 0.2500|±  |0.0732|
|lighteval:global_mmlu_ca_nld_cf:high_school_statistics:5             |      0|acc_norm_token| 0.3043|±  |0.0686|
|                                                                     |       |acc_norm      | 0.3696|±  |0.0720|
|                                                                     |       |acc_norm_pmi  | 0.4130|±  |0.0734|
|lighteval:global_mmlu_ca_nld_cf:high_school_us_history:5             |      0|acc_norm_token| 0.0000|±  |0.0000|
|                                                                     |       |acc_norm      | 0.0000|±  |0.0000|
|                                                                     |       |acc_norm_pmi  | 0.2000|±  |0.2000|
|lighteval:global_mmlu_ca_nld_cf:high_school_world_history:5          |      0|acc_norm_token| 0.3333|±  |0.1260|
|                                                                     |       |acc_norm      | 0.2667|±  |0.1182|
|                                                                     |       |acc_norm_pmi  | 0.2667|±  |0.1182|
|lighteval:global_mmlu_ca_nld_cf:professional_accounting:5            |      0|acc_norm_token| 0.3333|±  |0.0797|
|                                                                     |       |acc_norm      | 0.3333|±  |0.0797|
|                                                                     |       |acc_norm_pmi  | 0.1667|±  |0.0630|
|lighteval:global_mmlu_ca_nld_cf:professional_law:5                   |      0|acc_norm_token| 0.2308|±  |0.1216|
|                                                                     |       |acc_norm      | 0.2308|±  |0.1216|
|                                                                     |       |acc_norm_pmi  | 0.3077|±  |0.1332|
|lighteval:global_mmlu_ca_nld_cf:professional_medicine:5              |      0|acc_norm_token| 0.3265|±  |0.0677|
|                                                                     |       |acc_norm      | 0.4082|±  |0.0709|
|                                                                     |       |acc_norm_pmi  | 0.1837|±  |0.0559|
|lighteval:global_mmlu_ca_nld_cf:professional_psychology:5            |      0|acc_norm_token| 0.2778|±  |0.0757|
|                                                                     |       |acc_norm      | 0.2222|±  |0.0703|
|                                                                     |       |acc_norm_pmi  | 0.2778|±  |0.0757|
|lighteval:global_mmlu_ca_por_cf:_average:5                           |       |acc_norm_token| 0.2377|±  |0.0732|
|                                                                     |       |acc_norm      | 0.2254|±  |0.0722|
|                                                                     |       |acc_norm_pmi  | 0.2193|±  |0.0720|
|lighteval:global_mmlu_ca_por_cf:college_biology:5                    |      0|acc_norm_token| 0.2653|±  |0.0637|
|                                                                     |       |acc_norm      | 0.1224|±  |0.0473|
|                                                                     |       |acc_norm_pmi  | 0.2449|±  |0.0621|
|lighteval:global_mmlu_ca_por_cf:college_chemistry:5                  |      0|acc_norm_token| 0.2245|±  |0.0602|
|                                                                     |       |acc_norm      | 0.2653|±  |0.0637|
|                                                                     |       |acc_norm_pmi  | 0.2857|±  |0.0652|
|lighteval:global_mmlu_ca_por_cf:college_computer_science:5           |      0|acc_norm_token| 0.3200|±  |0.0666|
|                                                                     |       |acc_norm      | 0.2600|±  |0.0627|
|                                                                     |       |acc_norm_pmi  | 0.2200|±  |0.0592|
|lighteval:global_mmlu_ca_por_cf:college_mathematics:5                |      0|acc_norm_token| 0.2653|±  |0.0637|
|                                                                     |       |acc_norm      | 0.1429|±  |0.0505|
|                                                                     |       |acc_norm_pmi  | 0.1429|±  |0.0505|
|lighteval:global_mmlu_ca_por_cf:college_medicine:5                   |      0|acc_norm_token| 0.3878|±  |0.0703|
|                                                                     |       |acc_norm      | 0.2857|±  |0.0652|
|                                                                     |       |acc_norm_pmi  | 0.3469|±  |0.0687|
|lighteval:global_mmlu_ca_por_cf:college_physics:5                    |      0|acc_norm_token| 0.2800|±  |0.0641|
|                                                                     |       |acc_norm      | 0.2000|±  |0.0571|
|                                                                     |       |acc_norm_pmi  | 0.1600|±  |0.0524|
|lighteval:global_mmlu_ca_por_cf:high_school_biology:5                |      0|acc_norm_token| 0.2400|±  |0.0610|
|                                                                     |       |acc_norm      | 0.2800|±  |0.0641|
|                                                                     |       |acc_norm_pmi  | 0.2600|±  |0.0627|
|lighteval:global_mmlu_ca_por_cf:high_school_chemistry:5              |      0|acc_norm_token| 0.1837|±  |0.0559|
|                                                                     |       |acc_norm      | 0.2449|±  |0.0621|
|                                                                     |       |acc_norm_pmi  | 0.2653|±  |0.0637|
|lighteval:global_mmlu_ca_por_cf:high_school_computer_science:5       |      0|acc_norm_token| 0.1224|±  |0.0473|
|                                                                     |       |acc_norm      | 0.2245|±  |0.0602|
|                                                                     |       |acc_norm_pmi  | 0.1837|±  |0.0559|
|lighteval:global_mmlu_ca_por_cf:high_school_european_history:5       |      0|acc_norm_token| 0.2143|±  |0.1138|
|                                                                     |       |acc_norm      | 0.2143|±  |0.1138|
|                                                                     |       |acc_norm_pmi  | 0.3571|±  |0.1329|
|lighteval:global_mmlu_ca_por_cf:high_school_geography:5              |      0|acc_norm_token| 0.0769|±  |0.0533|
|                                                                     |       |acc_norm      | 0.1538|±  |0.0722|
|                                                                     |       |acc_norm_pmi  | 0.1923|±  |0.0788|
|lighteval:global_mmlu_ca_por_cf:high_school_government_and_politics:5|      0|acc_norm_token| 0.0000|±  |0.0000|
|                                                                     |       |acc_norm      | 0.0000|±  |0.0000|
|                                                                     |       |acc_norm_pmi  | 0.0000|±  |0.0000|
|lighteval:global_mmlu_ca_por_cf:high_school_macroeconomics:5         |      0|acc_norm_token| 0.3250|±  |0.0750|
|                                                                     |       |acc_norm      | 0.3250|±  |0.0750|
|                                                                     |       |acc_norm_pmi  | 0.2750|±  |0.0715|
|lighteval:global_mmlu_ca_por_cf:high_school_mathematics:5            |      0|acc_norm_token| 0.1224|±  |0.0473|
|                                                                     |       |acc_norm      | 0.1224|±  |0.0473|
|                                                                     |       |acc_norm_pmi  | 0.1837|±  |0.0559|
|lighteval:global_mmlu_ca_por_cf:high_school_microeconomics:5         |      0|acc_norm_token| 0.1633|±  |0.0533|
|                                                                     |       |acc_norm      | 0.2245|±  |0.0602|
|                                                                     |       |acc_norm_pmi  | 0.2041|±  |0.0582|
|lighteval:global_mmlu_ca_por_cf:high_school_physics:5                |      0|acc_norm_token| 0.3864|±  |0.0743|
|                                                                     |       |acc_norm      | 0.2727|±  |0.0679|
|                                                                     |       |acc_norm_pmi  | 0.2273|±  |0.0639|
|lighteval:global_mmlu_ca_por_cf:high_school_psychology:5             |      0|acc_norm_token| 0.2222|±  |0.0703|
|                                                                     |       |acc_norm      | 0.2500|±  |0.0732|
|                                                                     |       |acc_norm_pmi  | 0.1667|±  |0.0630|
|lighteval:global_mmlu_ca_por_cf:high_school_statistics:5             |      0|acc_norm_token| 0.3261|±  |0.0699|
|                                                                     |       |acc_norm      | 0.3261|±  |0.0699|
|                                                                     |       |acc_norm_pmi  | 0.3696|±  |0.0720|
|lighteval:global_mmlu_ca_por_cf:high_school_us_history:5             |      0|acc_norm_token| 0.2000|±  |0.2000|
|                                                                     |       |acc_norm      | 0.2000|±  |0.2000|
|                                                                     |       |acc_norm_pmi  | 0.2000|±  |0.2000|
|lighteval:global_mmlu_ca_por_cf:high_school_world_history:5          |      0|acc_norm_token| 0.2667|±  |0.1182|
|                                                                     |       |acc_norm      | 0.2667|±  |0.1182|
|                                                                     |       |acc_norm_pmi  | 0.2667|±  |0.1182|
|lighteval:global_mmlu_ca_por_cf:professional_accounting:5            |      0|acc_norm_token| 0.3333|±  |0.0797|
|                                                                     |       |acc_norm      | 0.3611|±  |0.0812|
|                                                                     |       |acc_norm_pmi  | 0.2778|±  |0.0757|
|lighteval:global_mmlu_ca_por_cf:professional_law:5                   |      0|acc_norm_token| 0.1538|±  |0.1042|
|                                                                     |       |acc_norm      | 0.0769|±  |0.0769|
|                                                                     |       |acc_norm_pmi  | 0.0769|±  |0.0769|
|lighteval:global_mmlu_ca_por_cf:professional_medicine:5              |      0|acc_norm_token| 0.3469|±  |0.0687|
|                                                                     |       |acc_norm      | 0.2857|±  |0.0652|
|                                                                     |       |acc_norm_pmi  | 0.1633|±  |0.0533|
|lighteval:global_mmlu_ca_por_cf:professional_psychology:5            |      0|acc_norm_token| 0.2778|±  |0.0757|
|                                                                     |       |acc_norm      | 0.3056|±  |0.0779|
|                                                                     |       |acc_norm_pmi  | 0.1944|±  |0.0669|
|lighteval:global_mmlu_ca_rus_cf:_average:5                           |       |acc_norm_token| 0.2717|±  |0.0972|
|                                                                     |       |acc_norm      | 0.2547|±  |0.0962|
|                                                                     |       |acc_norm_pmi  | 0.2509|±  |0.0757|
|lighteval:global_mmlu_ca_rus_cf:college_biology:5                    |      0|acc_norm_token| 0.2245|±  |0.0602|
|                                                                     |       |acc_norm      | 0.2245|±  |0.0602|
|                                                                     |       |acc_norm_pmi  | 0.3265|±  |0.0677|
|lighteval:global_mmlu_ca_rus_cf:college_chemistry:5                  |      0|acc_norm_token| 0.2917|±  |0.0663|
|                                                                     |       |acc_norm      | 0.2708|±  |0.0648|
|                                                                     |       |acc_norm_pmi  | 0.1875|±  |0.0569|
|lighteval:global_mmlu_ca_rus_cf:college_computer_science:5           |      0|acc_norm_token| 0.3200|±  |0.0666|
|                                                                     |       |acc_norm      | 0.2600|±  |0.0627|
|                                                                     |       |acc_norm_pmi  | 0.2400|±  |0.0610|
|lighteval:global_mmlu_ca_rus_cf:college_mathematics:5                |      0|acc_norm_token| 0.2449|±  |0.0621|
|                                                                     |       |acc_norm      | 0.2041|±  |0.0582|
|                                                                     |       |acc_norm_pmi  | 0.2245|±  |0.0602|
|lighteval:global_mmlu_ca_rus_cf:college_medicine:5                   |      0|acc_norm_token| 0.2653|±  |0.0637|
|                                                                     |       |acc_norm      | 0.2653|±  |0.0637|
|                                                                     |       |acc_norm_pmi  | 0.3265|±  |0.0677|
|lighteval:global_mmlu_ca_rus_cf:college_physics:5                    |      0|acc_norm_token| 0.2000|±  |0.0571|
|                                                                     |       |acc_norm      | 0.1800|±  |0.0549|
|                                                                     |       |acc_norm_pmi  | 0.1800|±  |0.0549|
|lighteval:global_mmlu_ca_rus_cf:high_school_biology:5                |      0|acc_norm_token| 0.2800|±  |0.0641|
|                                                                     |       |acc_norm      | 0.2400|±  |0.0610|
|                                                                     |       |acc_norm_pmi  | 0.2800|±  |0.0641|
|lighteval:global_mmlu_ca_rus_cf:high_school_chemistry:5              |      0|acc_norm_token| 0.2449|±  |0.0621|
|                                                                     |       |acc_norm      | 0.1837|±  |0.0559|
|                                                                     |       |acc_norm_pmi  | 0.2857|±  |0.0652|
|lighteval:global_mmlu_ca_rus_cf:high_school_computer_science:5       |      0|acc_norm_token| 0.1837|±  |0.0559|
|                                                                     |       |acc_norm      | 0.2449|±  |0.0621|
|                                                                     |       |acc_norm_pmi  | 0.2653|±  |0.0637|
|lighteval:global_mmlu_ca_rus_cf:high_school_european_history:5       |      0|acc_norm_token| 0.3571|±  |0.1329|
|                                                                     |       |acc_norm      | 0.2857|±  |0.1253|
|                                                                     |       |acc_norm_pmi  | 0.1429|±  |0.0971|
|lighteval:global_mmlu_ca_rus_cf:high_school_geography:5              |      0|acc_norm_token| 0.3462|±  |0.0951|
|                                                                     |       |acc_norm      | 0.2308|±  |0.0843|
|                                                                     |       |acc_norm_pmi  | 0.3846|±  |0.0973|
|lighteval:global_mmlu_ca_rus_cf:high_school_government_and_politics:5|      0|acc_norm_token| 0.5000|±  |0.5000|
|                                                                     |       |acc_norm      | 0.5000|±  |0.5000|
|                                                                     |       |acc_norm_pmi  | 0.0000|±  |0.0000|
|lighteval:global_mmlu_ca_rus_cf:high_school_macroeconomics:5         |      0|acc_norm_token| 0.2750|±  |0.0715|
|                                                                     |       |acc_norm      | 0.2250|±  |0.0669|
|                                                                     |       |acc_norm_pmi  | 0.2750|±  |0.0715|
|lighteval:global_mmlu_ca_rus_cf:high_school_mathematics:5            |      0|acc_norm_token| 0.1837|±  |0.0559|
|                                                                     |       |acc_norm      | 0.1633|±  |0.0533|
|                                                                     |       |acc_norm_pmi  | 0.2653|±  |0.0637|
|lighteval:global_mmlu_ca_rus_cf:high_school_microeconomics:5         |      0|acc_norm_token| 0.1224|±  |0.0473|
|                                                                     |       |acc_norm      | 0.2041|±  |0.0582|
|                                                                     |       |acc_norm_pmi  | 0.2653|±  |0.0637|
|lighteval:global_mmlu_ca_rus_cf:high_school_physics:5                |      0|acc_norm_token| 0.3409|±  |0.0723|
|                                                                     |       |acc_norm      | 0.2727|±  |0.0679|
|                                                                     |       |acc_norm_pmi  | 0.2273|±  |0.0639|
|lighteval:global_mmlu_ca_rus_cf:high_school_psychology:5             |      0|acc_norm_token| 0.1944|±  |0.0669|
|                                                                     |       |acc_norm      | 0.2222|±  |0.0703|
|                                                                     |       |acc_norm_pmi  | 0.1944|±  |0.0669|
|lighteval:global_mmlu_ca_rus_cf:high_school_statistics:5             |      0|acc_norm_token| 0.3478|±  |0.0710|
|                                                                     |       |acc_norm      | 0.3043|±  |0.0686|
|                                                                     |       |acc_norm_pmi  | 0.3478|±  |0.0710|
|lighteval:global_mmlu_ca_rus_cf:high_school_us_history:5             |      0|acc_norm_token| 0.2000|±  |0.2000|
|                                                                     |       |acc_norm      | 0.4000|±  |0.2449|
|                                                                     |       |acc_norm_pmi  | 0.2000|±  |0.2000|
|lighteval:global_mmlu_ca_rus_cf:high_school_world_history:5          |      0|acc_norm_token| 0.2000|±  |0.1069|
|                                                                     |       |acc_norm      | 0.1333|±  |0.0909|
|                                                                     |       |acc_norm_pmi  | 0.3333|±  |0.1260|
|lighteval:global_mmlu_ca_rus_cf:professional_accounting:5            |      0|acc_norm_token| 0.2500|±  |0.0732|
|                                                                     |       |acc_norm      | 0.3333|±  |0.0797|
|                                                                     |       |acc_norm_pmi  | 0.1944|±  |0.0669|
|lighteval:global_mmlu_ca_rus_cf:professional_law:5                   |      0|acc_norm_token| 0.3846|±  |0.1404|
|                                                                     |       |acc_norm      | 0.2308|±  |0.1216|
|                                                                     |       |acc_norm_pmi  | 0.2308|±  |0.1216|
|lighteval:global_mmlu_ca_rus_cf:professional_medicine:5              |      0|acc_norm_token| 0.2857|±  |0.0652|
|                                                                     |       |acc_norm      | 0.3673|±  |0.0696|
|                                                                     |       |acc_norm_pmi  | 0.3673|±  |0.0696|
|lighteval:global_mmlu_ca_rus_cf:professional_psychology:5            |      0|acc_norm_token| 0.2778|±  |0.0757|
|                                                                     |       |acc_norm      | 0.1667|±  |0.0630|
|                                                                     |       |acc_norm_pmi  | 0.2778|±  |0.0757|
|lighteval:global_mmlu_ca_spa_cf:_average:5                           |       |acc_norm_token| 0.2550|±  |0.0935|
|                                                                     |       |acc_norm      | 0.2897|±  |0.0759|
|                                                                     |       |acc_norm_pmi  | 0.2721|±  |0.0966|
|lighteval:global_mmlu_ca_spa_cf:college_biology:5                    |      0|acc_norm_token| 0.3469|±  |0.0687|
|                                                                     |       |acc_norm      | 0.3061|±  |0.0665|
|                                                                     |       |acc_norm_pmi  | 0.1837|±  |0.0559|
|lighteval:global_mmlu_ca_spa_cf:college_chemistry:5                  |      0|acc_norm_token| 0.2041|±  |0.0582|
|                                                                     |       |acc_norm      | 0.1429|±  |0.0505|
|                                                                     |       |acc_norm_pmi  | 0.3061|±  |0.0665|
|lighteval:global_mmlu_ca_spa_cf:college_computer_science:5           |      0|acc_norm_token| 0.3600|±  |0.0686|
|                                                                     |       |acc_norm      | 0.2400|±  |0.0610|
|                                                                     |       |acc_norm_pmi  | 0.2200|±  |0.0592|
|lighteval:global_mmlu_ca_spa_cf:college_mathematics:5                |      0|acc_norm_token| 0.2041|±  |0.0582|
|                                                                     |       |acc_norm      | 0.1837|±  |0.0559|
|                                                                     |       |acc_norm_pmi  | 0.2857|±  |0.0652|
|lighteval:global_mmlu_ca_spa_cf:college_medicine:5                   |      0|acc_norm_token| 0.2653|±  |0.0637|
|                                                                     |       |acc_norm      | 0.3265|±  |0.0677|
|                                                                     |       |acc_norm_pmi  | 0.2245|±  |0.0602|
|lighteval:global_mmlu_ca_spa_cf:college_physics:5                    |      0|acc_norm_token| 0.2041|±  |0.0582|
|                                                                     |       |acc_norm      | 0.1837|±  |0.0559|
|                                                                     |       |acc_norm_pmi  | 0.1837|±  |0.0559|
|lighteval:global_mmlu_ca_spa_cf:high_school_biology:5                |      0|acc_norm_token| 0.2000|±  |0.0571|
|                                                                     |       |acc_norm      | 0.1800|±  |0.0549|
|                                                                     |       |acc_norm_pmi  | 0.3600|±  |0.0686|
|lighteval:global_mmlu_ca_spa_cf:high_school_chemistry:5              |      0|acc_norm_token| 0.2245|±  |0.0602|
|                                                                     |       |acc_norm      | 0.2857|±  |0.0652|
|                                                                     |       |acc_norm_pmi  | 0.1633|±  |0.0533|
|lighteval:global_mmlu_ca_spa_cf:high_school_computer_science:5       |      0|acc_norm_token| 0.1429|±  |0.0505|
|                                                                     |       |acc_norm      | 0.2245|±  |0.0602|
|                                                                     |       |acc_norm_pmi  | 0.2245|±  |0.0602|
|lighteval:global_mmlu_ca_spa_cf:high_school_european_history:5       |      0|acc_norm_token| 0.4286|±  |0.1373|
|                                                                     |       |acc_norm      | 0.5000|±  |0.1387|
|                                                                     |       |acc_norm_pmi  | 0.1429|±  |0.0971|
|lighteval:global_mmlu_ca_spa_cf:high_school_geography:5              |      0|acc_norm_token| 0.2692|±  |0.0887|
|                                                                     |       |acc_norm      | 0.1923|±  |0.0788|
|                                                                     |       |acc_norm_pmi  | 0.3462|±  |0.0951|
|lighteval:global_mmlu_ca_spa_cf:high_school_government_and_politics:5|      0|acc_norm_token| 0.5000|±  |0.5000|
|                                                                     |       |acc_norm      | 1.0000|±  |0.0000|
|                                                                     |       |acc_norm_pmi  | 0.5000|±  |0.5000|
|lighteval:global_mmlu_ca_spa_cf:high_school_macroeconomics:5         |      0|acc_norm_token| 0.3250|±  |0.0750|
|                                                                     |       |acc_norm      | 0.3500|±  |0.0764|
|                                                                     |       |acc_norm_pmi  | 0.4250|±  |0.0792|
|lighteval:global_mmlu_ca_spa_cf:high_school_mathematics:5            |      0|acc_norm_token| 0.1633|±  |0.0533|
|                                                                     |       |acc_norm      | 0.1224|±  |0.0473|
|                                                                     |       |acc_norm_pmi  | 0.2857|±  |0.0652|
|lighteval:global_mmlu_ca_spa_cf:high_school_microeconomics:5         |      0|acc_norm_token| 0.2245|±  |0.0602|
|                                                                     |       |acc_norm      | 0.2857|±  |0.0652|
|                                                                     |       |acc_norm_pmi  | 0.3061|±  |0.0665|
|lighteval:global_mmlu_ca_spa_cf:high_school_physics:5                |      0|acc_norm_token| 0.2500|±  |0.0660|
|                                                                     |       |acc_norm      | 0.2727|±  |0.0679|
|                                                                     |       |acc_norm_pmi  | 0.1818|±  |0.0588|
|lighteval:global_mmlu_ca_spa_cf:high_school_psychology:5             |      0|acc_norm_token| 0.1667|±  |0.0630|
|                                                                     |       |acc_norm      | 0.1944|±  |0.0669|
|                                                                     |       |acc_norm_pmi  | 0.2500|±  |0.0732|
|lighteval:global_mmlu_ca_spa_cf:high_school_statistics:5             |      0|acc_norm_token| 0.4348|±  |0.0739|
|                                                                     |       |acc_norm      | 0.3913|±  |0.0728|
|                                                                     |       |acc_norm_pmi  | 0.3043|±  |0.0686|
|lighteval:global_mmlu_ca_spa_cf:high_school_us_history:5             |      0|acc_norm_token| 0.2000|±  |0.2000|
|                                                                     |       |acc_norm      | 0.4000|±  |0.2449|
|                                                                     |       |acc_norm_pmi  | 0.2000|±  |0.2000|
|lighteval:global_mmlu_ca_spa_cf:high_school_world_history:5          |      0|acc_norm_token| 0.0667|±  |0.0667|
|                                                                     |       |acc_norm      | 0.1333|±  |0.0909|
|                                                                     |       |acc_norm_pmi  | 0.4000|±  |0.1309|
|lighteval:global_mmlu_ca_spa_cf:professional_accounting:5            |      0|acc_norm_token| 0.2500|±  |0.0732|
|                                                                     |       |acc_norm      | 0.3056|±  |0.0779|
|                                                                     |       |acc_norm_pmi  | 0.2222|±  |0.0703|
|lighteval:global_mmlu_ca_spa_cf:professional_law:5                   |      0|acc_norm_token| 0.1538|±  |0.1042|
|                                                                     |       |acc_norm      | 0.2308|±  |0.1216|
|                                                                     |       |acc_norm_pmi  | 0.3077|±  |0.1332|
|lighteval:global_mmlu_ca_spa_cf:professional_medicine:5              |      0|acc_norm_token| 0.2857|±  |0.0652|
|                                                                     |       |acc_norm      | 0.3061|±  |0.0665|
|                                                                     |       |acc_norm_pmi  | 0.2857|±  |0.0652|
|lighteval:global_mmlu_ca_spa_cf:professional_psychology:5            |      0|acc_norm_token| 0.2500|±  |0.0732|
|                                                                     |       |acc_norm      | 0.1944|±  |0.0669|
|                                                                     |       |acc_norm_pmi  | 0.2222|±  |0.0703|
|lighteval:global_mmlu_ca_swe_cf:_average:5                           |       |acc_norm_token| 0.2296|±  |0.0748|
|                                                                     |       |acc_norm      | 0.2722|±  |0.0971|
|                                                                     |       |acc_norm_pmi  | 0.2808|±  |0.0746|
|lighteval:global_mmlu_ca_swe_cf:college_biology:5                    |      0|acc_norm_token| 0.3673|±  |0.0696|
|                                                                     |       |acc_norm      | 0.3673|±  |0.0696|
|                                                                     |       |acc_norm_pmi  | 0.1224|±  |0.0473|
|lighteval:global_mmlu_ca_swe_cf:college_chemistry:5                  |      0|acc_norm_token| 0.2041|±  |0.0582|
|                                                                     |       |acc_norm      | 0.2449|±  |0.0621|
|                                                                     |       |acc_norm_pmi  | 0.3061|±  |0.0665|
|lighteval:global_mmlu_ca_swe_cf:college_computer_science:5           |      0|acc_norm_token| 0.2400|±  |0.0610|
|                                                                     |       |acc_norm      | 0.3200|±  |0.0666|
|                                                                     |       |acc_norm_pmi  | 0.2600|±  |0.0627|
|lighteval:global_mmlu_ca_swe_cf:college_mathematics:5                |      0|acc_norm_token| 0.2653|±  |0.0637|
|                                                                     |       |acc_norm      | 0.2041|±  |0.0582|
|                                                                     |       |acc_norm_pmi  | 0.2245|±  |0.0602|
|lighteval:global_mmlu_ca_swe_cf:college_medicine:5                   |      0|acc_norm_token| 0.1633|±  |0.0533|
|                                                                     |       |acc_norm      | 0.3061|±  |0.0665|
|                                                                     |       |acc_norm_pmi  | 0.2245|±  |0.0602|
|lighteval:global_mmlu_ca_swe_cf:college_physics:5                    |      0|acc_norm_token| 0.1600|±  |0.0524|
|                                                                     |       |acc_norm      | 0.1400|±  |0.0496|
|                                                                     |       |acc_norm_pmi  | 0.1600|±  |0.0524|
|lighteval:global_mmlu_ca_swe_cf:high_school_biology:5                |      0|acc_norm_token| 0.3000|±  |0.0655|
|                                                                     |       |acc_norm      | 0.3400|±  |0.0677|
|                                                                     |       |acc_norm_pmi  | 0.4000|±  |0.0700|
|lighteval:global_mmlu_ca_swe_cf:high_school_chemistry:5              |      0|acc_norm_token| 0.1429|±  |0.0505|
|                                                                     |       |acc_norm      | 0.2041|±  |0.0582|
|                                                                     |       |acc_norm_pmi  | 0.2449|±  |0.0621|
|lighteval:global_mmlu_ca_swe_cf:high_school_computer_science:5       |      0|acc_norm_token| 0.1224|±  |0.0473|
|                                                                     |       |acc_norm      | 0.3061|±  |0.0665|
|                                                                     |       |acc_norm_pmi  | 0.2041|±  |0.0582|
|lighteval:global_mmlu_ca_swe_cf:high_school_european_history:5       |      0|acc_norm_token| 0.2857|±  |0.1253|
|                                                                     |       |acc_norm      | 0.1429|±  |0.0971|
|                                                                     |       |acc_norm_pmi  | 0.2857|±  |0.1253|
|lighteval:global_mmlu_ca_swe_cf:high_school_geography:5              |      0|acc_norm_token| 0.1538|±  |0.0722|
|                                                                     |       |acc_norm      | 0.2308|±  |0.0843|
|                                                                     |       |acc_norm_pmi  | 0.1923|±  |0.0788|
|lighteval:global_mmlu_ca_swe_cf:high_school_government_and_politics:5|      0|acc_norm_token| 0.0000|±  |0.0000|
|                                                                     |       |acc_norm      | 0.5000|±  |0.5000|
|                                                                     |       |acc_norm_pmi  | 1.0000|±  |0.0000|
|lighteval:global_mmlu_ca_swe_cf:high_school_macroeconomics:5         |      0|acc_norm_token| 0.2250|±  |0.0669|
|                                                                     |       |acc_norm      | 0.3750|±  |0.0775|
|                                                                     |       |acc_norm_pmi  | 0.2750|±  |0.0715|
|lighteval:global_mmlu_ca_swe_cf:high_school_mathematics:5            |      0|acc_norm_token| 0.1429|±  |0.0505|
|                                                                     |       |acc_norm      | 0.1224|±  |0.0473|
|                                                                     |       |acc_norm_pmi  | 0.1633|±  |0.0533|
|lighteval:global_mmlu_ca_swe_cf:high_school_microeconomics:5         |      0|acc_norm_token| 0.2857|±  |0.0652|
|                                                                     |       |acc_norm      | 0.2857|±  |0.0652|
|                                                                     |       |acc_norm_pmi  | 0.1837|±  |0.0559|
|lighteval:global_mmlu_ca_swe_cf:high_school_physics:5                |      0|acc_norm_token| 0.2727|±  |0.0679|
|                                                                     |       |acc_norm      | 0.2273|±  |0.0639|
|                                                                     |       |acc_norm_pmi  | 0.3182|±  |0.0710|
|lighteval:global_mmlu_ca_swe_cf:high_school_psychology:5             |      0|acc_norm_token| 0.1389|±  |0.0585|
|                                                                     |       |acc_norm      | 0.2500|±  |0.0732|
|                                                                     |       |acc_norm_pmi  | 0.3333|±  |0.0797|
|lighteval:global_mmlu_ca_swe_cf:high_school_statistics:5             |      0|acc_norm_token| 0.3261|±  |0.0699|
|                                                                     |       |acc_norm      | 0.2391|±  |0.0636|
|                                                                     |       |acc_norm_pmi  | 0.3261|±  |0.0699|
|lighteval:global_mmlu_ca_swe_cf:high_school_us_history:5             |      0|acc_norm_token| 0.4000|±  |0.2449|
|                                                                     |       |acc_norm      | 0.4000|±  |0.2449|
|                                                                     |       |acc_norm_pmi  | 0.2000|±  |0.2000|
|lighteval:global_mmlu_ca_swe_cf:high_school_world_history:5          |      0|acc_norm_token| 0.3333|±  |0.1260|
|                                                                     |       |acc_norm      | 0.2000|±  |0.1069|
|                                                                     |       |acc_norm_pmi  | 0.3333|±  |0.1260|
|lighteval:global_mmlu_ca_swe_cf:professional_accounting:5            |      0|acc_norm_token| 0.2778|±  |0.0757|
|                                                                     |       |acc_norm      | 0.2778|±  |0.0757|
|                                                                     |       |acc_norm_pmi  | 0.3056|±  |0.0779|
|lighteval:global_mmlu_ca_swe_cf:professional_law:5                   |      0|acc_norm_token| 0.2308|±  |0.1216|
|                                                                     |       |acc_norm      | 0.3846|±  |0.1404|
|                                                                     |       |acc_norm_pmi  | 0.1538|±  |0.1042|
|lighteval:global_mmlu_ca_swe_cf:professional_medicine:5              |      0|acc_norm_token| 0.3061|±  |0.0665|
|                                                                     |       |acc_norm      | 0.3265|±  |0.0677|
|                                                                     |       |acc_norm_pmi  | 0.2449|±  |0.0621|
|lighteval:global_mmlu_ca_swe_cf:professional_psychology:5            |      0|acc_norm_token| 0.1667|±  |0.0630|
|                                                                     |       |acc_norm      | 0.1389|±  |0.0585|
|                                                                     |       |acc_norm_pmi  | 0.2778|±  |0.0757|
|lighteval:global_mmlu_ca_tur_cf:_average:5                           |       |acc_norm_token| 0.2635|±  |0.0965|
|                                                                     |       |acc_norm      | 0.2872|±  |0.0762|
|                                                                     |       |acc_norm_pmi  | 0.2464|±  |0.0757|
|lighteval:global_mmlu_ca_tur_cf:college_biology:5                    |      0|acc_norm_token| 0.1224|±  |0.0473|
|                                                                     |       |acc_norm      | 0.1429|±  |0.0505|
|                                                                     |       |acc_norm_pmi  | 0.1020|±  |0.0437|
|lighteval:global_mmlu_ca_tur_cf:college_chemistry:5                  |      0|acc_norm_token| 0.2653|±  |0.0637|
|                                                                     |       |acc_norm      | 0.2245|±  |0.0602|
|                                                                     |       |acc_norm_pmi  | 0.2857|±  |0.0652|
|lighteval:global_mmlu_ca_tur_cf:college_computer_science:5           |      0|acc_norm_token| 0.2200|±  |0.0592|
|                                                                     |       |acc_norm      | 0.2400|±  |0.0610|
|                                                                     |       |acc_norm_pmi  | 0.1600|±  |0.0524|
|lighteval:global_mmlu_ca_tur_cf:college_mathematics:5                |      0|acc_norm_token| 0.2653|±  |0.0637|
|                                                                     |       |acc_norm      | 0.2041|±  |0.0582|
|                                                                     |       |acc_norm_pmi  | 0.2041|±  |0.0582|
|lighteval:global_mmlu_ca_tur_cf:college_medicine:5                   |      0|acc_norm_token| 0.2245|±  |0.0602|
|                                                                     |       |acc_norm      | 0.2449|±  |0.0621|
|                                                                     |       |acc_norm_pmi  | 0.2245|±  |0.0602|
|lighteval:global_mmlu_ca_tur_cf:college_physics:5                    |      0|acc_norm_token| 0.3000|±  |0.0655|
|                                                                     |       |acc_norm      | 0.2600|±  |0.0627|
|                                                                     |       |acc_norm_pmi  | 0.2200|±  |0.0592|
|lighteval:global_mmlu_ca_tur_cf:high_school_biology:5                |      0|acc_norm_token| 0.2200|±  |0.0592|
|                                                                     |       |acc_norm      | 0.1600|±  |0.0524|
|                                                                     |       |acc_norm_pmi  | 0.3200|±  |0.0666|
|lighteval:global_mmlu_ca_tur_cf:high_school_chemistry:5              |      0|acc_norm_token| 0.2245|±  |0.0602|
|                                                                     |       |acc_norm      | 0.2449|±  |0.0621|
|                                                                     |       |acc_norm_pmi  | 0.2449|±  |0.0621|
|lighteval:global_mmlu_ca_tur_cf:high_school_computer_science:5       |      0|acc_norm_token| 0.1224|±  |0.0473|
|                                                                     |       |acc_norm      | 0.2041|±  |0.0582|
|                                                                     |       |acc_norm_pmi  | 0.2041|±  |0.0582|
|lighteval:global_mmlu_ca_tur_cf:high_school_european_history:5       |      0|acc_norm_token| 0.1429|±  |0.0971|
|                                                                     |       |acc_norm      | 0.1429|±  |0.0971|
|                                                                     |       |acc_norm_pmi  | 0.3571|±  |0.1329|
|lighteval:global_mmlu_ca_tur_cf:high_school_geography:5              |      0|acc_norm_token| 0.3077|±  |0.0923|
|                                                                     |       |acc_norm      | 0.3077|±  |0.0923|
|                                                                     |       |acc_norm_pmi  | 0.2308|±  |0.0843|
|lighteval:global_mmlu_ca_tur_cf:high_school_government_and_politics:5|      0|acc_norm_token| 0.5000|±  |0.5000|
|                                                                     |       |acc_norm      | 1.0000|±  |0.0000|
|                                                                     |       |acc_norm_pmi  | 0.0000|±  |0.0000|
|lighteval:global_mmlu_ca_tur_cf:high_school_macroeconomics:5         |      0|acc_norm_token| 0.3250|±  |0.0750|
|                                                                     |       |acc_norm      | 0.3750|±  |0.0775|
|                                                                     |       |acc_norm_pmi  | 0.3000|±  |0.0734|
|lighteval:global_mmlu_ca_tur_cf:high_school_mathematics:5            |      0|acc_norm_token| 0.2245|±  |0.0602|
|                                                                     |       |acc_norm      | 0.1837|±  |0.0559|
|                                                                     |       |acc_norm_pmi  | 0.1837|±  |0.0559|
|lighteval:global_mmlu_ca_tur_cf:high_school_microeconomics:5         |      0|acc_norm_token| 0.2041|±  |0.0582|
|                                                                     |       |acc_norm      | 0.2041|±  |0.0582|
|                                                                     |       |acc_norm_pmi  | 0.2245|±  |0.0602|
|lighteval:global_mmlu_ca_tur_cf:high_school_physics:5                |      0|acc_norm_token| 0.3636|±  |0.0734|
|                                                                     |       |acc_norm      | 0.3864|±  |0.0743|
|                                                                     |       |acc_norm_pmi  | 0.2955|±  |0.0696|
|lighteval:global_mmlu_ca_tur_cf:high_school_psychology:5             |      0|acc_norm_token| 0.1389|±  |0.0585|
|                                                                     |       |acc_norm      | 0.1944|±  |0.0669|
|                                                                     |       |acc_norm_pmi  | 0.1944|±  |0.0669|
|lighteval:global_mmlu_ca_tur_cf:high_school_statistics:5             |      0|acc_norm_token| 0.2174|±  |0.0615|
|                                                                     |       |acc_norm      | 0.2826|±  |0.0671|
|                                                                     |       |acc_norm_pmi  | 0.1304|±  |0.0502|
|lighteval:global_mmlu_ca_tur_cf:high_school_us_history:5             |      0|acc_norm_token| 0.4000|±  |0.2449|
|                                                                     |       |acc_norm      | 0.4000|±  |0.2449|
|                                                                     |       |acc_norm_pmi  | 0.2000|±  |0.2000|
|lighteval:global_mmlu_ca_tur_cf:high_school_world_history:5          |      0|acc_norm_token| 0.2000|±  |0.1069|
|                                                                     |       |acc_norm      | 0.2667|±  |0.1182|
|                                                                     |       |acc_norm_pmi  | 0.4667|±  |0.1333|
|lighteval:global_mmlu_ca_tur_cf:professional_accounting:5            |      0|acc_norm_token| 0.3056|±  |0.0779|
|                                                                     |       |acc_norm      | 0.3333|±  |0.0797|
|                                                                     |       |acc_norm_pmi  | 0.2778|±  |0.0757|
|lighteval:global_mmlu_ca_tur_cf:professional_law:5                   |      0|acc_norm_token| 0.3077|±  |0.1332|
|                                                                     |       |acc_norm      | 0.2308|±  |0.1216|
|                                                                     |       |acc_norm_pmi  | 0.3846|±  |0.1404|
|lighteval:global_mmlu_ca_tur_cf:professional_medicine:5              |      0|acc_norm_token| 0.3061|±  |0.0665|
|                                                                     |       |acc_norm      | 0.3265|±  |0.0677|
|                                                                     |       |acc_norm_pmi  | 0.2857|±  |0.0652|
|lighteval:global_mmlu_ca_tur_cf:professional_psychology:5            |      0|acc_norm_token| 0.4167|±  |0.0833|
|                                                                     |       |acc_norm      | 0.3333|±  |0.0797|
|                                                                     |       |acc_norm_pmi  | 0.4167|±  |0.0833|
|lighteval:global_mmlu_ca_zho_cf:_average:5                           |       |acc_norm_token| 0.2367|±  |0.0669|
|                                                                     |       |acc_norm      | 0.2539|±  |0.0773|
|                                                                     |       |acc_norm_pmi  | 0.2522|±  |0.0874|
|lighteval:global_mmlu_ca_zho_cf:college_biology:5                    |      0|acc_norm_token| 0.2449|±  |0.0621|
|                                                                     |       |acc_norm      | 0.1837|±  |0.0559|
|                                                                     |       |acc_norm_pmi  | 0.2653|±  |0.0637|
|lighteval:global_mmlu_ca_zho_cf:college_chemistry:5                  |      0|acc_norm_token| 0.2653|±  |0.0637|
|                                                                     |       |acc_norm      | 0.2449|±  |0.0621|
|                                                                     |       |acc_norm_pmi  | 0.1837|±  |0.0559|
|lighteval:global_mmlu_ca_zho_cf:college_computer_science:5           |      0|acc_norm_token| 0.2400|±  |0.0610|
|                                                                     |       |acc_norm      | 0.2000|±  |0.0571|
|                                                                     |       |acc_norm_pmi  | 0.2800|±  |0.0641|
|lighteval:global_mmlu_ca_zho_cf:college_mathematics:5                |      0|acc_norm_token| 0.3469|±  |0.0687|
|                                                                     |       |acc_norm      | 0.2653|±  |0.0637|
|                                                                     |       |acc_norm_pmi  | 0.3061|±  |0.0665|
|lighteval:global_mmlu_ca_zho_cf:college_medicine:5                   |      0|acc_norm_token| 0.2449|±  |0.0621|
|                                                                     |       |acc_norm      | 0.1837|±  |0.0559|
|                                                                     |       |acc_norm_pmi  | 0.3673|±  |0.0696|
|lighteval:global_mmlu_ca_zho_cf:college_physics:5                    |      0|acc_norm_token| 0.2800|±  |0.0641|
|                                                                     |       |acc_norm      | 0.3000|±  |0.0655|
|                                                                     |       |acc_norm_pmi  | 0.1200|±  |0.0464|
|lighteval:global_mmlu_ca_zho_cf:high_school_biology:5                |      0|acc_norm_token| 0.3800|±  |0.0693|
|                                                                     |       |acc_norm      | 0.3000|±  |0.0655|
|                                                                     |       |acc_norm_pmi  | 0.3000|±  |0.0655|
|lighteval:global_mmlu_ca_zho_cf:high_school_chemistry:5              |      0|acc_norm_token| 0.1429|±  |0.0505|
|                                                                     |       |acc_norm      | 0.1429|±  |0.0505|
|                                                                     |       |acc_norm_pmi  | 0.2245|±  |0.0602|
|lighteval:global_mmlu_ca_zho_cf:high_school_computer_science:5       |      0|acc_norm_token| 0.2245|±  |0.0602|
|                                                                     |       |acc_norm      | 0.2857|±  |0.0652|
|                                                                     |       |acc_norm_pmi  | 0.1633|±  |0.0533|
|lighteval:global_mmlu_ca_zho_cf:high_school_european_history:5       |      0|acc_norm_token| 0.2857|±  |0.1253|
|                                                                     |       |acc_norm      | 0.2143|±  |0.1138|
|                                                                     |       |acc_norm_pmi  | 0.2143|±  |0.1138|
|lighteval:global_mmlu_ca_zho_cf:high_school_geography:5              |      0|acc_norm_token| 0.1538|±  |0.0722|
|                                                                     |       |acc_norm      | 0.2692|±  |0.0887|
|                                                                     |       |acc_norm_pmi  | 0.2308|±  |0.0843|
|lighteval:global_mmlu_ca_zho_cf:high_school_government_and_politics:5|      0|acc_norm_token| 0.0000|±  |0.0000|
|                                                                     |       |acc_norm      | 0.0000|±  |0.0000|
|                                                                     |       |acc_norm_pmi  | 0.5000|±  |0.5000|
|lighteval:global_mmlu_ca_zho_cf:high_school_macroeconomics:5         |      0|acc_norm_token| 0.1750|±  |0.0608|
|                                                                     |       |acc_norm      | 0.2500|±  |0.0693|
|                                                                     |       |acc_norm_pmi  | 0.2000|±  |0.0641|
|lighteval:global_mmlu_ca_zho_cf:high_school_mathematics:5            |      0|acc_norm_token| 0.1224|±  |0.0473|
|                                                                     |       |acc_norm      | 0.0816|±  |0.0395|
|                                                                     |       |acc_norm_pmi  | 0.1224|±  |0.0473|
|lighteval:global_mmlu_ca_zho_cf:high_school_microeconomics:5         |      0|acc_norm_token| 0.2449|±  |0.0621|
|                                                                     |       |acc_norm      | 0.3061|±  |0.0665|
|                                                                     |       |acc_norm_pmi  | 0.2041|±  |0.0582|
|lighteval:global_mmlu_ca_zho_cf:high_school_physics:5                |      0|acc_norm_token| 0.3182|±  |0.0710|
|                                                                     |       |acc_norm      | 0.2045|±  |0.0615|
|                                                                     |       |acc_norm_pmi  | 0.2955|±  |0.0696|
|lighteval:global_mmlu_ca_zho_cf:high_school_psychology:5             |      0|acc_norm_token| 0.2500|±  |0.0732|
|                                                                     |       |acc_norm      | 0.3333|±  |0.0797|
|                                                                     |       |acc_norm_pmi  | 0.2500|±  |0.0732|
|lighteval:global_mmlu_ca_zho_cf:high_school_statistics:5             |      0|acc_norm_token| 0.3913|±  |0.0728|
|                                                                     |       |acc_norm      | 0.3043|±  |0.0686|
|                                                                     |       |acc_norm_pmi  | 0.3696|±  |0.0720|
|lighteval:global_mmlu_ca_zho_cf:high_school_us_history:5             |      0|acc_norm_token| 0.0000|±  |0.0000|
|                                                                     |       |acc_norm      | 0.4000|±  |0.2449|
|                                                                     |       |acc_norm_pmi  | 0.0000|±  |0.0000|
|lighteval:global_mmlu_ca_zho_cf:high_school_world_history:5          |      0|acc_norm_token| 0.2000|±  |0.1069|
|                                                                     |       |acc_norm      | 0.2667|±  |0.1182|
|                                                                     |       |acc_norm_pmi  | 0.2667|±  |0.1182|
|lighteval:global_mmlu_ca_zho_cf:professional_accounting:5            |      0|acc_norm_token| 0.2778|±  |0.0757|
|                                                                     |       |acc_norm      | 0.2500|±  |0.0732|
|                                                                     |       |acc_norm_pmi  | 0.2222|±  |0.0703|
|lighteval:global_mmlu_ca_zho_cf:professional_law:5                   |      0|acc_norm_token| 0.3077|±  |0.1332|
|                                                                     |       |acc_norm      | 0.3846|±  |0.1404|
|                                                                     |       |acc_norm_pmi  | 0.3077|±  |0.1332|
|lighteval:global_mmlu_ca_zho_cf:professional_medicine:5              |      0|acc_norm_token| 0.3061|±  |0.0665|
|                                                                     |       |acc_norm      | 0.3061|±  |0.0665|
|                                                                     |       |acc_norm_pmi  | 0.3265|±  |0.0677|
|lighteval:global_mmlu_ca_zho_cf:professional_psychology:5            |      0|acc_norm_token| 0.2778|±  |0.0757|
|                                                                     |       |acc_norm      | 0.4167|±  |0.0833|
|                                                                     |       |acc_norm_pmi  | 0.3333|±  |0.0797|
|lighteval:mlmm_hellaswag_ara_cf:5                                    |      0|acc_norm_token| 0.3000|±  |0.0145|
|                                                                     |       |acc_norm      | 0.2760|±  |0.0141|
|lighteval:mlmm_hellaswag_deu_cf:5                                    |      0|acc_norm_token| 0.2920|±  |0.0144|
|                                                                     |       |acc_norm      | 0.3180|±  |0.0147|
|lighteval:mlmm_hellaswag_fra_cf:5                                    |      0|acc_norm_token| 0.3180|±  |0.0147|
|                                                                     |       |acc_norm      | 0.3140|±  |0.0147|
|lighteval:mlmm_hellaswag_hin_cf:5                                    |      0|acc_norm_token| 0.2520|±  |0.0137|
|                                                                     |       |acc_norm      | 0.2440|±  |0.0136|
|lighteval:mlmm_hellaswag_ita_cf:5                                    |      0|acc_norm_token| 0.2970|±  |0.0145|
|                                                                     |       |acc_norm      | 0.2970|±  |0.0145|
|lighteval:mlmm_hellaswag_nld_cf:5                                    |      0|acc_norm_token| 0.3060|±  |0.0146|
|                                                                     |       |acc_norm      | 0.2850|±  |0.0143|
|lighteval:mlmm_hellaswag_por_cf:5                                    |      0|acc_norm_token| 0.2760|±  |0.0141|
|                                                                     |       |acc_norm      | 0.2930|±  |0.0144|
|lighteval:mlmm_hellaswag_rus_cf:5                                    |      0|acc_norm_token| 0.3010|±  |0.0145|
|                                                                     |       |acc_norm      | 0.2960|±  |0.0144|
|lighteval:mlmm_hellaswag_spa_cf:5                                    |      0|acc_norm_token| 0.3180|±  |0.0147|
|                                                                     |       |acc_norm      | 0.3310|±  |0.0149|
|lighteval:mlmm_hellaswag_swe_cf:5                                    |      0|acc_norm_token| 0.2730|±  |0.0141|
|                                                                     |       |acc_norm      | 0.2600|±  |0.0139|
|lighteval:mlmm_hellaswag_zho_cf:5                                    |      0|acc_norm_token| 0.2680|±  |0.0140|
|                                                                     |       |acc_norm      | 0.2570|±  |0.0138|
|lighteval:xcsqa_ara_cf:5                                             |      0|acc_norm_token| 0.2570|±  |0.0138|
|                                                                     |       |acc_norm      | 0.2710|±  |0.0141|
|                                                                     |       |acc_norm_pmi  | 0.2730|±  |0.0141|
|lighteval:xcsqa_deu_cf:5                                             |      0|acc_norm_token| 0.2465|±  |0.0137|
|                                                                     |       |acc_norm      | 0.2746|±  |0.0142|
|                                                                     |       |acc_norm_pmi  | 0.2968|±  |0.0145|
|lighteval:xcsqa_eng_cf:5                                             |      0|acc_norm_token| 0.2800|±  |0.0142|
|                                                                     |       |acc_norm      | 0.2820|±  |0.0142|
|                                                                     |       |acc_norm_pmi  | 0.3220|±  |0.0148|
|lighteval:xcsqa_fra_cf:5                                             |      0|acc_norm_token| 0.2470|±  |0.0136|
|                                                                     |       |acc_norm      | 0.2580|±  |0.0138|
|                                                                     |       |acc_norm_pmi  | 0.2980|±  |0.0145|
|lighteval:xcsqa_hin_cf:5                                             |      0|acc_norm_token| 0.2110|±  |0.0129|
|                                                                     |       |acc_norm      | 0.1960|±  |0.0126|
|                                                                     |       |acc_norm_pmi  | 0.2220|±  |0.0131|
|lighteval:xcsqa_ita_cf:5                                             |      0|acc_norm_token| 0.2513|±  |0.0138|
|                                                                     |       |acc_norm      | 0.2844|±  |0.0143|
|                                                                     |       |acc_norm_pmi  | 0.2864|±  |0.0143|
|lighteval:xcsqa_nld_cf:5                                             |      0|acc_norm_token| 0.2540|±  |0.0138|
|                                                                     |       |acc_norm      | 0.2690|±  |0.0140|
|                                                                     |       |acc_norm_pmi  | 0.2700|±  |0.0140|
|lighteval:xcsqa_por_cf:5                                             |      0|acc_norm_token| 0.2100|±  |0.0129|
|                                                                     |       |acc_norm      | 0.2290|±  |0.0133|
|                                                                     |       |acc_norm_pmi  | 0.2100|±  |0.0129|
|lighteval:xcsqa_rus_cf:5                                             |      0|acc_norm_token| 0.2404|±  |0.0136|
|                                                                     |       |acc_norm      | 0.2576|±  |0.0139|
|                                                                     |       |acc_norm_pmi  | 0.2890|±  |0.0144|
|lighteval:xcsqa_spa_cf:5                                             |      0|acc_norm_token| 0.2580|±  |0.0138|
|                                                                     |       |acc_norm      | 0.2650|±  |0.0140|
|                                                                     |       |acc_norm_pmi  | 0.3040|±  |0.0146|
|lighteval:xcsqa_zho_cf:5                                             |      0|acc_norm_token| 0.2160|±  |0.0130|
|                                                                     |       |acc_norm      | 0.2100|±  |0.0129|
|                                                                     |       |acc_norm_pmi  | 0.2200|±  |0.0131|

