Array task 16 / Model: /fnwi_fs/ivi/irlab/personal/saycock/multimerge/models/mixed-10-checkpoints/checkpoint_0016000
Task: all | Lang: all
INFO 04-17 02:25:31 [__init__.py:235] Automatically detected platform cuda.
1
lighteval|belebele_arb_Arab_cf
lighteval|belebele_deu_Latn_cf
lighteval|belebele_eng_Latn_cf
lighteval|belebele_fra_Latn_cf
lighteval|belebele_hin_Deva_cf
lighteval|belebele_ita_Latn_cf
lighteval|belebele_nld_Latn_cf
lighteval|belebele_por_Latn_cf
lighteval|belebele_rus_Cyrl_cf
lighteval|belebele_spa_Latn_cf
lighteval|belebele_swe_Latn_cf
lighteval|belebele_tur_Latn_cf
lighteval|belebele_zho_Hans_cf
lighteval|xcsqa_ara_cf
lighteval|xcsqa_deu_cf
lighteval|xcsqa_eng_cf
lighteval|xcsqa_fra_cf
lighteval|xcsqa_hin_cf
lighteval|xcsqa_ita_cf
lighteval|xcsqa_nld_cf
lighteval|xcsqa_por_cf
lighteval|xcsqa_rus_cf
lighteval|xcsqa_spa_cf
None
None
lighteval|xcsqa_zho_cf
lighteval|mlmm_hellaswag_ara_cf
lighteval|mlmm_hellaswag_deu_cf
leaderboard|hellaswag
lighteval|mlmm_hellaswag_fra_cf
lighteval|mlmm_hellaswag_hin_cf
lighteval|mlmm_hellaswag_ita_cf
lighteval|mlmm_hellaswag_nld_cf
lighteval|mlmm_hellaswag_por_cf
lighteval|mlmm_hellaswag_rus_cf
lighteval|mlmm_hellaswag_spa_cf
lighteval|mlmm_hellaswag_swe_cf
lighteval|community_hellaswag_tur_cf
lighteval|mlmm_hellaswag_zho_cf
lighteval|flores200:eng_Latn-arb_Arab
lighteval|flores200:eng_Latn-deu_Latn
lighteval|flores200:fra_Latn-eng_Latn
lighteval|flores200:eng_Latn-fra_Latn
lighteval|flores200:eng_Latn-hin_Deva
lighteval|flores200:eng_Latn-ita_Latn
lighteval|flores200:eng_Latn-nld_Latn
lighteval|flores200:eng_Latn-por_Latn
lighteval|flores200:eng_Latn-rus_Cyrl
lighteval|flores200:eng_Latn-spa_Latn
lighteval|flores200:eng_Latn-swe_Latn
lighteval|flores200:eng_Latn-tur_Latn
lighteval|flores200:eng_Latn-zho_Hans
lighteval|global_mmlu_ca_ara_cf
lighteval|global_mmlu_ca_deu_cf
lighteval|global_mmlu_ca_eng_cf
lighteval|global_mmlu_ca_fra_cf
lighteval|global_mmlu_ca_hin_cf
lighteval|global_mmlu_ca_ita_cf
lighteval|global_mmlu_ca_nld_cf
lighteval|global_mmlu_ca_por_cf
lighteval|global_mmlu_ca_rus_cf
lighteval|global_mmlu_ca_spa_cf
lighteval|global_mmlu_ca_swe_cf
lighteval|global_mmlu_ca_tur_cf
lighteval|global_mmlu_ca_zho_cf
|                                Task                                 |Version|    Metric    | Value |   |Stderr|
|---------------------------------------------------------------------|------:|--------------|------:|---|-----:|
|all                                                                  |       |acc           | 0.3390|±  |0.0150|
|                                                                     |       |acc_norm      | 0.2614|±  |0.0807|
|                                                                     |       |acc_norm_token| 0.2514|±  |0.0739|
|                                                                     |       |acc_norm_pmi  | 0.2689|±  |0.0802|
|                                                                     |       |chrf++        |26.4808|±  |0.2211|
|                                                                     |       |bleu          |12.5759|±  |0.2131|
|                                                                     |       |bleu_1        | 0.2090|±  |0.0031|
|                                                                     |       |bleu_4        | 0.0111|±  |0.0010|
|leaderboard:hellaswag:5                                              |      0|acc           | 0.3390|±  |0.0150|
|                                                                     |       |acc_norm      | 0.3900|±  |0.0154|
|lighteval:belebele_arb_Arab_cf:5                                     |      0|acc_norm_token| 0.3111|±  |0.0154|
|                                                                     |       |acc_norm      | 0.3333|±  |0.0157|
|lighteval:belebele_deu_Latn_cf:5                                     |      0|acc_norm_token| 0.3522|±  |0.0159|
|                                                                     |       |acc_norm      | 0.3389|±  |0.0158|
|lighteval:belebele_eng_Latn_cf:5                                     |      0|acc_norm_token| 0.3311|±  |0.0157|
|                                                                     |       |acc_norm      | 0.3400|±  |0.0158|
|lighteval:belebele_fra_Latn_cf:5                                     |      0|acc_norm_token| 0.3389|±  |0.0158|
|                                                                     |       |acc_norm      | 0.3467|±  |0.0159|
|lighteval:belebele_hin_Deva_cf:5                                     |      0|acc_norm_token| 0.2644|±  |0.0147|
|                                                                     |       |acc_norm      | 0.2600|±  |0.0146|
|lighteval:belebele_ita_Latn_cf:5                                     |      0|acc_norm_token| 0.3144|±  |0.0155|
|                                                                     |       |acc_norm      | 0.3211|±  |0.0156|
|lighteval:belebele_nld_Latn_cf:5                                     |      0|acc_norm_token| 0.3333|±  |0.0157|
|                                                                     |       |acc_norm      | 0.3467|±  |0.0159|
|lighteval:belebele_por_Latn_cf:5                                     |      0|acc_norm_token| 0.3089|±  |0.0154|
|                                                                     |       |acc_norm      | 0.3044|±  |0.0153|
|lighteval:belebele_rus_Cyrl_cf:5                                     |      0|acc_norm_token| 0.3411|±  |0.0158|
|                                                                     |       |acc_norm      | 0.3233|±  |0.0156|
|lighteval:belebele_spa_Latn_cf:5                                     |      0|acc_norm_token| 0.3511|±  |0.0159|
|                                                                     |       |acc_norm      | 0.3478|±  |0.0159|
|lighteval:belebele_swe_Latn_cf:5                                     |      0|acc_norm_token| 0.2911|±  |0.0152|
|                                                                     |       |acc_norm      | 0.2989|±  |0.0153|
|lighteval:belebele_tur_Latn_cf:5                                     |      0|acc_norm_token| 0.2978|±  |0.0153|
|                                                                     |       |acc_norm      | 0.3100|±  |0.0154|
|lighteval:belebele_zho_Hans_cf:5                                     |      0|acc_norm_token| 0.2711|±  |0.0148|
|                                                                     |       |acc_norm      | 0.2789|±  |0.0150|
|lighteval:community_hellaswag_tur_cf:5                               |      0|acc_norm_token| 0.3660|±  |0.0152|
|                                                                     |       |acc_norm      | 0.3450|±  |0.0150|
|lighteval:flores200:_average:5                                       |       |chrf++        |26.4808|±  |0.2211|
|                                                                     |       |bleu          |12.5759|±  |0.2131|
|                                                                     |       |bleu_1        | 0.2090|±  |0.0031|
|                                                                     |       |bleu_4        | 0.0111|±  |0.0010|
|lighteval:flores200:eng_Latn-arb_Arab:5                              |      0|chrf++        |21.3098|±  |0.1648|
|                                                                     |       |bleu          | 9.2384|±  |0.1210|
|                                                                     |       |bleu_1        | 0.1427|±  |0.0025|
|                                                                     |       |bleu_4        | 0.0007|±  |0.0002|
|lighteval:flores200:eng_Latn-deu_Latn:5                              |      0|chrf++        |39.8354|±  |0.2633|
|                                                                     |       |bleu          |14.8796|±  |0.2214|
|                                                                     |       |bleu_1        | 0.2712|±  |0.0039|
|                                                                     |       |bleu_4        | 0.0089|±  |0.0011|
|lighteval:flores200:eng_Latn-fra_Latn:5                              |      0|chrf++        |27.5682|±  |0.3532|
|                                                                     |       |bleu          |24.2029|±  |0.3819|
|                                                                     |       |bleu_1        | 0.3455|±  |0.0045|
|                                                                     |       |bleu_4        | 0.0366|±  |0.0022|
|lighteval:flores200:eng_Latn-hin_Deva:5                              |      0|chrf++        | 7.6075|±  |0.1670|
|                                                                     |       |bleu          |14.5358|±  |0.1226|
|                                                                     |       |bleu_1        | 0.0545|±  |0.0015|
|                                                                     |       |bleu_4        | 0.0000|±  |0.0000|
|lighteval:flores200:eng_Latn-ita_Latn:5                              |      0|chrf++        |29.4376|±  |0.2679|
|                                                                     |       |bleu          |10.3379|±  |0.2404|
|                                                                     |       |bleu_1        | 0.2744|±  |0.0039|
|                                                                     |       |bleu_4        | 0.0123|±  |0.0013|
|lighteval:flores200:eng_Latn-nld_Latn:5                              |      0|chrf++        |54.0996|±  |0.3079|
|                                                                     |       |bleu          |21.2799|±  |0.2993|
|                                                                     |       |bleu_1        | 0.3190|±  |0.0045|
|                                                                     |       |bleu_4        | 0.0189|±  |0.0015|
|lighteval:flores200:eng_Latn-por_Latn:5                              |      0|chrf++        |24.3212|±  |0.1489|
|                                                                     |       |bleu          | 7.0770|±  |0.1599|
|                                                                     |       |bleu_1        | 0.1428|±  |0.0028|
|                                                                     |       |bleu_4        | 0.0015|±  |0.0004|
|lighteval:flores200:eng_Latn-rus_Cyrl:5                              |      0|chrf++        |26.6564|±  |0.2272|
|                                                                     |       |bleu          |10.2755|±  |0.2033|
|                                                                     |       |bleu_1        | 0.2293|±  |0.0034|
|                                                                     |       |bleu_4        | 0.0065|±  |0.0009|
|lighteval:flores200:eng_Latn-spa_Latn:5                              |      0|chrf++        |30.1311|±  |0.2613|
|                                                                     |       |bleu          |19.6962|±  |0.2581|
|                                                                     |       |bleu_1        | 0.3349|±  |0.0038|
|                                                                     |       |bleu_4        | 0.0179|±  |0.0012|
|lighteval:flores200:eng_Latn-swe_Latn:5                              |      0|chrf++        |23.6348|±  |0.1063|
|                                                                     |       |bleu          | 4.6575|±  |0.1215|
|                                                                     |       |bleu_1        | 0.0655|±  |0.0016|
|                                                                     |       |bleu_4        | 0.0007|±  |0.0005|
|lighteval:flores200:eng_Latn-tur_Latn:5                              |      0|chrf++        |31.2852|±  |0.1692|
|                                                                     |       |bleu          | 9.6116|±  |0.1283|
|                                                                     |       |bleu_1        | 0.1487|±  |0.0027|
|                                                                     |       |bleu_4        | 0.0012|±  |0.0004|
|lighteval:flores200:eng_Latn-zho_Hans:5                              |      0|chrf++        | 1.3014|±  |0.0727|
|                                                                     |       |bleu          | 0.0000|±  |0.1523|
|                                                                     |       |bleu_1        | 0.0045|±  |0.0009|
|                                                                     |       |bleu_4        | 0.0001|±  |0.0001|
|lighteval:flores200:fra_Latn-eng_Latn:5                              |      0|chrf++        |27.0620|±  |0.3647|
|                                                                     |       |bleu          |17.6950|±  |0.3610|
|                                                                     |       |bleu_1        | 0.3838|±  |0.0049|
|                                                                     |       |bleu_4        | 0.0391|±  |0.0025|
|lighteval:global_mmlu_ca_ara_cf:_average:5                           |       |acc_norm_token| 0.2566|±  |0.0956|
|                                                                     |       |acc_norm      | 0.2285|±  |0.0923|
|                                                                     |       |acc_norm_pmi  | 0.2695|±  |0.0969|
|lighteval:global_mmlu_ca_ara_cf:college_biology:5                    |      0|acc_norm_token| 0.2245|±  |0.0602|
|                                                                     |       |acc_norm      | 0.1633|±  |0.0533|
|                                                                     |       |acc_norm_pmi  | 0.2449|±  |0.0621|
|lighteval:global_mmlu_ca_ara_cf:college_chemistry:5                  |      0|acc_norm_token| 0.1875|±  |0.0569|
|                                                                     |       |acc_norm      | 0.1875|±  |0.0569|
|                                                                     |       |acc_norm_pmi  | 0.2708|±  |0.0648|
|lighteval:global_mmlu_ca_ara_cf:college_computer_science:5           |      0|acc_norm_token| 0.2600|±  |0.0627|
|                                                                     |       |acc_norm      | 0.2600|±  |0.0627|
|                                                                     |       |acc_norm_pmi  | 0.2200|±  |0.0592|
|lighteval:global_mmlu_ca_ara_cf:college_mathematics:5                |      0|acc_norm_token| 0.2449|±  |0.0621|
|                                                                     |       |acc_norm      | 0.1837|±  |0.0559|
|                                                                     |       |acc_norm_pmi  | 0.2449|±  |0.0621|
|lighteval:global_mmlu_ca_ara_cf:college_medicine:5                   |      0|acc_norm_token| 0.2245|±  |0.0602|
|                                                                     |       |acc_norm      | 0.2245|±  |0.0602|
|                                                                     |       |acc_norm_pmi  | 0.3469|±  |0.0687|
|lighteval:global_mmlu_ca_ara_cf:college_physics:5                    |      0|acc_norm_token| 0.1837|±  |0.0559|
|                                                                     |       |acc_norm      | 0.2245|±  |0.0602|
|                                                                     |       |acc_norm_pmi  | 0.1020|±  |0.0437|
|lighteval:global_mmlu_ca_ara_cf:high_school_biology:5                |      0|acc_norm_token| 0.2800|±  |0.0641|
|                                                                     |       |acc_norm      | 0.2200|±  |0.0592|
|                                                                     |       |acc_norm_pmi  | 0.2800|±  |0.0641|
|lighteval:global_mmlu_ca_ara_cf:high_school_chemistry:5              |      0|acc_norm_token| 0.1458|±  |0.0515|
|                                                                     |       |acc_norm      | 0.1875|±  |0.0569|
|                                                                     |       |acc_norm_pmi  | 0.2917|±  |0.0663|
|lighteval:global_mmlu_ca_ara_cf:high_school_computer_science:5       |      0|acc_norm_token| 0.1020|±  |0.0437|
|                                                                     |       |acc_norm      | 0.1633|±  |0.0533|
|                                                                     |       |acc_norm_pmi  | 0.2245|±  |0.0602|
|lighteval:global_mmlu_ca_ara_cf:high_school_european_history:5       |      0|acc_norm_token| 0.2857|±  |0.1253|
|                                                                     |       |acc_norm      | 0.2857|±  |0.1253|
|                                                                     |       |acc_norm_pmi  | 0.2857|±  |0.1253|
|lighteval:global_mmlu_ca_ara_cf:high_school_geography:5              |      0|acc_norm_token| 0.3077|±  |0.0923|
|                                                                     |       |acc_norm      | 0.1154|±  |0.0639|
|                                                                     |       |acc_norm_pmi  | 0.2692|±  |0.0887|
|lighteval:global_mmlu_ca_ara_cf:high_school_government_and_politics:5|      0|acc_norm_token| 0.5000|±  |0.5000|
|                                                                     |       |acc_norm      | 0.5000|±  |0.5000|
|                                                                     |       |acc_norm_pmi  | 0.5000|±  |0.5000|
|lighteval:global_mmlu_ca_ara_cf:high_school_macroeconomics:5         |      0|acc_norm_token| 0.2750|±  |0.0715|
|                                                                     |       |acc_norm      | 0.2250|±  |0.0669|
|                                                                     |       |acc_norm_pmi  | 0.2750|±  |0.0715|
|lighteval:global_mmlu_ca_ara_cf:high_school_mathematics:5            |      0|acc_norm_token| 0.1837|±  |0.0559|
|                                                                     |       |acc_norm      | 0.1633|±  |0.0533|
|                                                                     |       |acc_norm_pmi  | 0.2449|±  |0.0621|
|lighteval:global_mmlu_ca_ara_cf:high_school_microeconomics:5         |      0|acc_norm_token| 0.1837|±  |0.0559|
|                                                                     |       |acc_norm      | 0.2041|±  |0.0582|
|                                                                     |       |acc_norm_pmi  | 0.3061|±  |0.0665|
|lighteval:global_mmlu_ca_ara_cf:high_school_physics:5                |      0|acc_norm_token| 0.4186|±  |0.0761|
|                                                                     |       |acc_norm      | 0.3721|±  |0.0746|
|                                                                     |       |acc_norm_pmi  | 0.3023|±  |0.0709|
|lighteval:global_mmlu_ca_ara_cf:high_school_psychology:5             |      0|acc_norm_token| 0.1667|±  |0.0630|
|                                                                     |       |acc_norm      | 0.1667|±  |0.0630|
|                                                                     |       |acc_norm_pmi  | 0.1389|±  |0.0585|
|lighteval:global_mmlu_ca_ara_cf:high_school_statistics:5             |      0|acc_norm_token| 0.2391|±  |0.0636|
|                                                                     |       |acc_norm      | 0.2391|±  |0.0636|
|                                                                     |       |acc_norm_pmi  | 0.3696|±  |0.0720|
|lighteval:global_mmlu_ca_ara_cf:high_school_us_history:5             |      0|acc_norm_token| 0.2000|±  |0.2000|
|                                                                     |       |acc_norm      | 0.2000|±  |0.2000|
|                                                                     |       |acc_norm_pmi  | 0.2000|±  |0.2000|
|lighteval:global_mmlu_ca_ara_cf:high_school_world_history:5          |      0|acc_norm_token| 0.4667|±  |0.1333|
|                                                                     |       |acc_norm      | 0.1333|±  |0.0909|
|                                                                     |       |acc_norm_pmi  | 0.3333|±  |0.1260|
|lighteval:global_mmlu_ca_ara_cf:professional_accounting:5            |      0|acc_norm_token| 0.1667|±  |0.0630|
|                                                                     |       |acc_norm      | 0.1389|±  |0.0585|
|                                                                     |       |acc_norm_pmi  | 0.2778|±  |0.0757|
|lighteval:global_mmlu_ca_ara_cf:professional_law:5                   |      0|acc_norm_token| 0.3846|±  |0.1404|
|                                                                     |       |acc_norm      | 0.3077|±  |0.1332|
|                                                                     |       |acc_norm_pmi  | 0.2308|±  |0.1216|
|lighteval:global_mmlu_ca_ara_cf:professional_medicine:5              |      0|acc_norm_token| 0.3061|±  |0.0665|
|                                                                     |       |acc_norm      | 0.2857|±  |0.0652|
|                                                                     |       |acc_norm_pmi  | 0.2857|±  |0.0652|
|lighteval:global_mmlu_ca_ara_cf:professional_psychology:5            |      0|acc_norm_token| 0.2222|±  |0.0703|
|                                                                     |       |acc_norm      | 0.3333|±  |0.0797|
|                                                                     |       |acc_norm_pmi  | 0.2222|±  |0.0703|
|lighteval:global_mmlu_ca_deu_cf:_average:5                           |       |acc_norm_token| 0.2615|±  |0.0962|
|                                                                     |       |acc_norm      | 0.2872|±  |0.0999|
|                                                                     |       |acc_norm_pmi  | 0.2861|±  |0.0969|
|lighteval:global_mmlu_ca_deu_cf:college_biology:5                    |      0|acc_norm_token| 0.3061|±  |0.0665|
|                                                                     |       |acc_norm      | 0.2653|±  |0.0637|
|                                                                     |       |acc_norm_pmi  | 0.3469|±  |0.0687|
|lighteval:global_mmlu_ca_deu_cf:college_chemistry:5                  |      0|acc_norm_token| 0.1837|±  |0.0559|
|                                                                     |       |acc_norm      | 0.1633|±  |0.0533|
|                                                                     |       |acc_norm_pmi  | 0.2857|±  |0.0652|
|lighteval:global_mmlu_ca_deu_cf:college_computer_science:5           |      0|acc_norm_token| 0.2200|±  |0.0592|
|                                                                     |       |acc_norm      | 0.2200|±  |0.0592|
|                                                                     |       |acc_norm_pmi  | 0.2400|±  |0.0610|
|lighteval:global_mmlu_ca_deu_cf:college_mathematics:5                |      0|acc_norm_token| 0.2653|±  |0.0637|
|                                                                     |       |acc_norm      | 0.2449|±  |0.0621|
|                                                                     |       |acc_norm_pmi  | 0.2245|±  |0.0602|
|lighteval:global_mmlu_ca_deu_cf:college_medicine:5                   |      0|acc_norm_token| 0.2653|±  |0.0637|
|                                                                     |       |acc_norm      | 0.2857|±  |0.0652|
|                                                                     |       |acc_norm_pmi  | 0.2857|±  |0.0652|
|lighteval:global_mmlu_ca_deu_cf:college_physics:5                    |      0|acc_norm_token| 0.2200|±  |0.0592|
|                                                                     |       |acc_norm      | 0.2000|±  |0.0571|
|                                                                     |       |acc_norm_pmi  | 0.3200|±  |0.0666|
|lighteval:global_mmlu_ca_deu_cf:high_school_biology:5                |      0|acc_norm_token| 0.1800|±  |0.0549|
|                                                                     |       |acc_norm      | 0.2400|±  |0.0610|
|                                                                     |       |acc_norm_pmi  | 0.2200|±  |0.0592|
|lighteval:global_mmlu_ca_deu_cf:high_school_chemistry:5              |      0|acc_norm_token| 0.2449|±  |0.0621|
|                                                                     |       |acc_norm      | 0.3469|±  |0.0687|
|                                                                     |       |acc_norm_pmi  | 0.2857|±  |0.0652|
|lighteval:global_mmlu_ca_deu_cf:high_school_computer_science:5       |      0|acc_norm_token| 0.0816|±  |0.0395|
|                                                                     |       |acc_norm      | 0.1837|±  |0.0559|
|                                                                     |       |acc_norm_pmi  | 0.2449|±  |0.0621|
|lighteval:global_mmlu_ca_deu_cf:high_school_european_history:5       |      0|acc_norm_token| 0.2143|±  |0.1138|
|                                                                     |       |acc_norm      | 0.3571|±  |0.1329|
|                                                                     |       |acc_norm_pmi  | 0.0714|±  |0.0714|
|lighteval:global_mmlu_ca_deu_cf:high_school_geography:5              |      0|acc_norm_token| 0.3846|±  |0.0973|
|                                                                     |       |acc_norm      | 0.3462|±  |0.0951|
|                                                                     |       |acc_norm_pmi  | 0.3077|±  |0.0923|
|lighteval:global_mmlu_ca_deu_cf:high_school_government_and_politics:5|      0|acc_norm_token| 0.5000|±  |0.5000|
|                                                                     |       |acc_norm      | 0.5000|±  |0.5000|
|                                                                     |       |acc_norm_pmi  | 0.5000|±  |0.5000|
|lighteval:global_mmlu_ca_deu_cf:high_school_macroeconomics:5         |      0|acc_norm_token| 0.2250|±  |0.0669|
|                                                                     |       |acc_norm      | 0.3000|±  |0.0734|
|                                                                     |       |acc_norm_pmi  | 0.2750|±  |0.0715|
|lighteval:global_mmlu_ca_deu_cf:high_school_mathematics:5            |      0|acc_norm_token| 0.2041|±  |0.0582|
|                                                                     |       |acc_norm      | 0.1837|±  |0.0559|
|                                                                     |       |acc_norm_pmi  | 0.1020|±  |0.0437|
|lighteval:global_mmlu_ca_deu_cf:high_school_microeconomics:5         |      0|acc_norm_token| 0.2653|±  |0.0637|
|                                                                     |       |acc_norm      | 0.3061|±  |0.0665|
|                                                                     |       |acc_norm_pmi  | 0.2653|±  |0.0637|
|lighteval:global_mmlu_ca_deu_cf:high_school_physics:5                |      0|acc_norm_token| 0.2955|±  |0.0696|
|                                                                     |       |acc_norm      | 0.2955|±  |0.0696|
|                                                                     |       |acc_norm_pmi  | 0.3636|±  |0.0734|
|lighteval:global_mmlu_ca_deu_cf:high_school_psychology:5             |      0|acc_norm_token| 0.2222|±  |0.0703|
|                                                                     |       |acc_norm      | 0.1944|±  |0.0669|
|                                                                     |       |acc_norm_pmi  | 0.2500|±  |0.0732|
|lighteval:global_mmlu_ca_deu_cf:high_school_statistics:5             |      0|acc_norm_token| 0.3478|±  |0.0710|
|                                                                     |       |acc_norm      | 0.3043|±  |0.0686|
|                                                                     |       |acc_norm_pmi  | 0.2826|±  |0.0671|
|lighteval:global_mmlu_ca_deu_cf:high_school_us_history:5             |      0|acc_norm_token| 0.2000|±  |0.2000|
|                                                                     |       |acc_norm      | 0.4000|±  |0.2449|
|                                                                     |       |acc_norm_pmi  | 0.4000|±  |0.2449|
|lighteval:global_mmlu_ca_deu_cf:high_school_world_history:5          |      0|acc_norm_token| 0.3333|±  |0.1260|
|                                                                     |       |acc_norm      | 0.2667|±  |0.1182|
|                                                                     |       |acc_norm_pmi  | 0.6667|±  |0.1260|
|lighteval:global_mmlu_ca_deu_cf:professional_accounting:5            |      0|acc_norm_token| 0.2778|±  |0.0757|
|                                                                     |       |acc_norm      | 0.3056|±  |0.0779|
|                                                                     |       |acc_norm_pmi  | 0.2222|±  |0.0703|
|lighteval:global_mmlu_ca_deu_cf:professional_law:5                   |      0|acc_norm_token| 0.3846|±  |0.1404|
|                                                                     |       |acc_norm      | 0.4615|±  |0.1439|
|                                                                     |       |acc_norm_pmi  | 0.2308|±  |0.1216|
|lighteval:global_mmlu_ca_deu_cf:professional_medicine:5              |      0|acc_norm_token| 0.2041|±  |0.0582|
|                                                                     |       |acc_norm      | 0.2449|±  |0.0621|
|                                                                     |       |acc_norm_pmi  | 0.2245|±  |0.0602|
|lighteval:global_mmlu_ca_deu_cf:professional_psychology:5            |      0|acc_norm_token| 0.2500|±  |0.0732|
|                                                                     |       |acc_norm      | 0.2778|±  |0.0757|
|                                                                     |       |acc_norm_pmi  | 0.2500|±  |0.0732|
|lighteval:global_mmlu_ca_eng_cf:_average:5                           |       |acc_norm_token| 0.2445|±  |0.0755|
|                                                                     |       |acc_norm      | 0.2443|±  |0.0748|
|                                                                     |       |acc_norm_pmi  | 0.2974|±  |0.0974|
|lighteval:global_mmlu_ca_eng_cf:college_biology:5                    |      0|acc_norm_token| 0.3265|±  |0.0677|
|                                                                     |       |acc_norm      | 0.3265|±  |0.0677|
|                                                                     |       |acc_norm_pmi  | 0.2857|±  |0.0652|
|lighteval:global_mmlu_ca_eng_cf:college_chemistry:5                  |      0|acc_norm_token| 0.2245|±  |0.0602|
|                                                                     |       |acc_norm      | 0.2041|±  |0.0582|
|                                                                     |       |acc_norm_pmi  | 0.1837|±  |0.0559|
|lighteval:global_mmlu_ca_eng_cf:college_computer_science:5           |      0|acc_norm_token| 0.2400|±  |0.0610|
|                                                                     |       |acc_norm      | 0.2000|±  |0.0571|
|                                                                     |       |acc_norm_pmi  | 0.1800|±  |0.0549|
|lighteval:global_mmlu_ca_eng_cf:college_mathematics:5                |      0|acc_norm_token| 0.2653|±  |0.0637|
|                                                                     |       |acc_norm      | 0.2449|±  |0.0621|
|                                                                     |       |acc_norm_pmi  | 0.1837|±  |0.0559|
|lighteval:global_mmlu_ca_eng_cf:college_medicine:5                   |      0|acc_norm_token| 0.3061|±  |0.0665|
|                                                                     |       |acc_norm      | 0.3673|±  |0.0696|
|                                                                     |       |acc_norm_pmi  | 0.2857|±  |0.0652|
|lighteval:global_mmlu_ca_eng_cf:college_physics:5                    |      0|acc_norm_token| 0.1400|±  |0.0496|
|                                                                     |       |acc_norm      | 0.1400|±  |0.0496|
|                                                                     |       |acc_norm_pmi  | 0.2400|±  |0.0610|
|lighteval:global_mmlu_ca_eng_cf:high_school_biology:5                |      0|acc_norm_token| 0.3000|±  |0.0655|
|                                                                     |       |acc_norm      | 0.2800|±  |0.0641|
|                                                                     |       |acc_norm_pmi  | 0.3200|±  |0.0666|
|lighteval:global_mmlu_ca_eng_cf:high_school_chemistry:5              |      0|acc_norm_token| 0.2245|±  |0.0602|
|                                                                     |       |acc_norm      | 0.2449|±  |0.0621|
|                                                                     |       |acc_norm_pmi  | 0.3469|±  |0.0687|
|lighteval:global_mmlu_ca_eng_cf:high_school_computer_science:5       |      0|acc_norm_token| 0.1633|±  |0.0533|
|                                                                     |       |acc_norm      | 0.1837|±  |0.0559|
|                                                                     |       |acc_norm_pmi  | 0.2041|±  |0.0582|
|lighteval:global_mmlu_ca_eng_cf:high_school_european_history:5       |      0|acc_norm_token| 0.2143|±  |0.1138|
|                                                                     |       |acc_norm      | 0.2143|±  |0.1138|
|                                                                     |       |acc_norm_pmi  | 0.2857|±  |0.1253|
|lighteval:global_mmlu_ca_eng_cf:high_school_geography:5              |      0|acc_norm_token| 0.2692|±  |0.0887|
|                                                                     |       |acc_norm      | 0.3077|±  |0.0923|
|                                                                     |       |acc_norm_pmi  | 0.2692|±  |0.0887|
|lighteval:global_mmlu_ca_eng_cf:high_school_government_and_politics:5|      0|acc_norm_token| 0.0000|±  |0.0000|
|                                                                     |       |acc_norm      | 0.0000|±  |0.0000|
|                                                                     |       |acc_norm_pmi  | 0.5000|±  |0.5000|
|lighteval:global_mmlu_ca_eng_cf:high_school_macroeconomics:5         |      0|acc_norm_token| 0.1750|±  |0.0608|
|                                                                     |       |acc_norm      | 0.3000|±  |0.0734|
|                                                                     |       |acc_norm_pmi  | 0.3000|±  |0.0734|
|lighteval:global_mmlu_ca_eng_cf:high_school_mathematics:5            |      0|acc_norm_token| 0.2449|±  |0.0621|
|                                                                     |       |acc_norm      | 0.2041|±  |0.0582|
|                                                                     |       |acc_norm_pmi  | 0.1633|±  |0.0533|
|lighteval:global_mmlu_ca_eng_cf:high_school_microeconomics:5         |      0|acc_norm_token| 0.3061|±  |0.0665|
|                                                                     |       |acc_norm      | 0.2653|±  |0.0637|
|                                                                     |       |acc_norm_pmi  | 0.2245|±  |0.0602|
|lighteval:global_mmlu_ca_eng_cf:high_school_physics:5                |      0|acc_norm_token| 0.3636|±  |0.0734|
|                                                                     |       |acc_norm      | 0.3409|±  |0.0723|
|                                                                     |       |acc_norm_pmi  | 0.2955|±  |0.0696|
|lighteval:global_mmlu_ca_eng_cf:high_school_psychology:5             |      0|acc_norm_token| 0.3056|±  |0.0779|
|                                                                     |       |acc_norm      | 0.2778|±  |0.0757|
|                                                                     |       |acc_norm_pmi  | 0.1944|±  |0.0669|
|lighteval:global_mmlu_ca_eng_cf:high_school_statistics:5             |      0|acc_norm_token| 0.2391|±  |0.0636|
|                                                                     |       |acc_norm      | 0.3261|±  |0.0699|
|                                                                     |       |acc_norm_pmi  | 0.3478|±  |0.0710|
|lighteval:global_mmlu_ca_eng_cf:high_school_us_history:5             |      0|acc_norm_token| 0.2000|±  |0.2000|
|                                                                     |       |acc_norm      | 0.2000|±  |0.2000|
|                                                                     |       |acc_norm_pmi  | 0.8000|±  |0.2000|
|lighteval:global_mmlu_ca_eng_cf:high_school_world_history:5          |      0|acc_norm_token| 0.2667|±  |0.1182|
|                                                                     |       |acc_norm      | 0.2000|±  |0.1069|
|                                                                     |       |acc_norm_pmi  | 0.2667|±  |0.1182|
|lighteval:global_mmlu_ca_eng_cf:professional_accounting:5            |      0|acc_norm_token| 0.3333|±  |0.0797|
|                                                                     |       |acc_norm      | 0.3056|±  |0.0779|
|                                                                     |       |acc_norm_pmi  | 0.2500|±  |0.0732|
|lighteval:global_mmlu_ca_eng_cf:professional_law:5                   |      0|acc_norm_token| 0.2308|±  |0.1216|
|                                                                     |       |acc_norm      | 0.1538|±  |0.1042|
|                                                                     |       |acc_norm_pmi  | 0.3846|±  |0.1404|
|lighteval:global_mmlu_ca_eng_cf:professional_medicine:5              |      0|acc_norm_token| 0.3061|±  |0.0665|
|                                                                     |       |acc_norm      | 0.3265|±  |0.0677|
|                                                                     |       |acc_norm_pmi  | 0.2653|±  |0.0637|
|lighteval:global_mmlu_ca_eng_cf:professional_psychology:5            |      0|acc_norm_token| 0.2222|±  |0.0703|
|                                                                     |       |acc_norm      | 0.2500|±  |0.0732|
|                                                                     |       |acc_norm_pmi  | 0.3611|±  |0.0812|
|lighteval:global_mmlu_ca_fra_cf:_average:5                           |       |acc_norm_token| 0.2526|±  |0.0875|
|                                                                     |       |acc_norm      | 0.2574|±  |0.0946|
|                                                                     |       |acc_norm_pmi  | 0.2384|±  |0.0676|
|lighteval:global_mmlu_ca_fra_cf:college_biology:5                    |      0|acc_norm_token| 0.2449|±  |0.0621|
|                                                                     |       |acc_norm      | 0.2857|±  |0.0652|
|                                                                     |       |acc_norm_pmi  | 0.3265|±  |0.0677|
|lighteval:global_mmlu_ca_fra_cf:college_chemistry:5                  |      0|acc_norm_token| 0.2245|±  |0.0602|
|                                                                     |       |acc_norm      | 0.1837|±  |0.0559|
|                                                                     |       |acc_norm_pmi  | 0.2449|±  |0.0621|
|lighteval:global_mmlu_ca_fra_cf:college_computer_science:5           |      0|acc_norm_token| 0.2400|±  |0.0610|
|                                                                     |       |acc_norm      | 0.3000|±  |0.0655|
|                                                                     |       |acc_norm_pmi  | 0.3000|±  |0.0655|
|lighteval:global_mmlu_ca_fra_cf:college_mathematics:5                |      0|acc_norm_token| 0.2245|±  |0.0602|
|                                                                     |       |acc_norm      | 0.1837|±  |0.0559|
|                                                                     |       |acc_norm_pmi  | 0.2245|±  |0.0602|
|lighteval:global_mmlu_ca_fra_cf:college_medicine:5                   |      0|acc_norm_token| 0.1837|±  |0.0559|
|                                                                     |       |acc_norm      | 0.2857|±  |0.0652|
|                                                                     |       |acc_norm_pmi  | 0.1837|±  |0.0559|
|lighteval:global_mmlu_ca_fra_cf:college_physics:5                    |      0|acc_norm_token| 0.1400|±  |0.0496|
|                                                                     |       |acc_norm      | 0.0800|±  |0.0388|
|                                                                     |       |acc_norm_pmi  | 0.2400|±  |0.0610|
|lighteval:global_mmlu_ca_fra_cf:high_school_biology:5                |      0|acc_norm_token| 0.2600|±  |0.0627|
|                                                                     |       |acc_norm      | 0.2200|±  |0.0592|
|                                                                     |       |acc_norm_pmi  | 0.3000|±  |0.0655|
|lighteval:global_mmlu_ca_fra_cf:high_school_chemistry:5              |      0|acc_norm_token| 0.1633|±  |0.0533|
|                                                                     |       |acc_norm      | 0.2245|±  |0.0602|
|                                                                     |       |acc_norm_pmi  | 0.2653|±  |0.0637|
|lighteval:global_mmlu_ca_fra_cf:high_school_computer_science:5       |      0|acc_norm_token| 0.1429|±  |0.0505|
|                                                                     |       |acc_norm      | 0.1837|±  |0.0559|
|                                                                     |       |acc_norm_pmi  | 0.2653|±  |0.0637|
|lighteval:global_mmlu_ca_fra_cf:high_school_european_history:5       |      0|acc_norm_token| 0.5714|±  |0.1373|
|                                                                     |       |acc_norm      | 0.5000|±  |0.1387|
|                                                                     |       |acc_norm_pmi  | 0.2857|±  |0.1253|
|lighteval:global_mmlu_ca_fra_cf:high_school_geography:5              |      0|acc_norm_token| 0.2692|±  |0.0887|
|                                                                     |       |acc_norm      | 0.0769|±  |0.0533|
|                                                                     |       |acc_norm_pmi  | 0.2308|±  |0.0843|
|lighteval:global_mmlu_ca_fra_cf:high_school_government_and_politics:5|      0|acc_norm_token| 0.5000|±  |0.5000|
|                                                                     |       |acc_norm      | 0.5000|±  |0.5000|
|                                                                     |       |acc_norm_pmi  | 0.0000|±  |0.0000|
|lighteval:global_mmlu_ca_fra_cf:high_school_macroeconomics:5         |      0|acc_norm_token| 0.3000|±  |0.0734|
|                                                                     |       |acc_norm      | 0.2500|±  |0.0693|
|                                                                     |       |acc_norm_pmi  | 0.2750|±  |0.0715|
|lighteval:global_mmlu_ca_fra_cf:high_school_mathematics:5            |      0|acc_norm_token| 0.1837|±  |0.0559|
|                                                                     |       |acc_norm      | 0.1837|±  |0.0559|
|                                                                     |       |acc_norm_pmi  | 0.1633|±  |0.0533|
|lighteval:global_mmlu_ca_fra_cf:high_school_microeconomics:5         |      0|acc_norm_token| 0.2245|±  |0.0602|
|                                                                     |       |acc_norm      | 0.2449|±  |0.0621|
|                                                                     |       |acc_norm_pmi  | 0.1224|±  |0.0473|
|lighteval:global_mmlu_ca_fra_cf:high_school_physics:5                |      0|acc_norm_token| 0.3636|±  |0.0734|
|                                                                     |       |acc_norm      | 0.3864|±  |0.0743|
|                                                                     |       |acc_norm_pmi  | 0.2955|±  |0.0696|
|lighteval:global_mmlu_ca_fra_cf:high_school_psychology:5             |      0|acc_norm_token| 0.1944|±  |0.0669|
|                                                                     |       |acc_norm      | 0.2500|±  |0.0732|
|                                                                     |       |acc_norm_pmi  | 0.3333|±  |0.0797|
|lighteval:global_mmlu_ca_fra_cf:high_school_statistics:5             |      0|acc_norm_token| 0.2609|±  |0.0655|
|                                                                     |       |acc_norm      | 0.3043|±  |0.0686|
|                                                                     |       |acc_norm_pmi  | 0.3261|±  |0.0699|
|lighteval:global_mmlu_ca_fra_cf:high_school_us_history:5             |      0|acc_norm_token| 0.0000|±  |0.0000|
|                                                                     |       |acc_norm      | 0.2000|±  |0.2000|
|                                                                     |       |acc_norm_pmi  | 0.0000|±  |0.0000|
|lighteval:global_mmlu_ca_fra_cf:high_school_world_history:5          |      0|acc_norm_token| 0.3333|±  |0.1260|
|                                                                     |       |acc_norm      | 0.2000|±  |0.1069|
|                                                                     |       |acc_norm_pmi  | 0.2667|±  |0.1182|
|lighteval:global_mmlu_ca_fra_cf:professional_accounting:5            |      0|acc_norm_token| 0.1667|±  |0.0630|
|                                                                     |       |acc_norm      | 0.2222|±  |0.0703|
|                                                                     |       |acc_norm_pmi  | 0.2500|±  |0.0732|
|lighteval:global_mmlu_ca_fra_cf:professional_law:5                   |      0|acc_norm_token| 0.3077|±  |0.1332|
|                                                                     |       |acc_norm      | 0.3077|±  |0.1332|
|                                                                     |       |acc_norm_pmi  | 0.2308|±  |0.1216|
|lighteval:global_mmlu_ca_fra_cf:professional_medicine:5              |      0|acc_norm_token| 0.2857|±  |0.0652|
|                                                                     |       |acc_norm      | 0.3265|±  |0.0677|
|                                                                     |       |acc_norm_pmi  | 0.2857|±  |0.0652|
|lighteval:global_mmlu_ca_fra_cf:professional_psychology:5            |      0|acc_norm_token| 0.2778|±  |0.0757|
|                                                                     |       |acc_norm      | 0.2778|±  |0.0757|
|                                                                     |       |acc_norm_pmi  | 0.3056|±  |0.0779|
|lighteval:global_mmlu_ca_hin_cf:_average:5                           |       |acc_norm_token| 0.2402|±  |0.0746|
|                                                                     |       |acc_norm      | 0.2769|±  |0.0973|
|                                                                     |       |acc_norm_pmi  | 0.2700|±  |0.0959|
|lighteval:global_mmlu_ca_hin_cf:college_biology:5                    |      0|acc_norm_token| 0.2857|±  |0.0652|
|                                                                     |       |acc_norm      | 0.2653|±  |0.0637|
|                                                                     |       |acc_norm_pmi  | 0.2857|±  |0.0652|
|lighteval:global_mmlu_ca_hin_cf:college_chemistry:5                  |      0|acc_norm_token| 0.2979|±  |0.0674|
|                                                                     |       |acc_norm      | 0.2340|±  |0.0624|
|                                                                     |       |acc_norm_pmi  | 0.2766|±  |0.0660|
|lighteval:global_mmlu_ca_hin_cf:college_computer_science:5           |      0|acc_norm_token| 0.3000|±  |0.0655|
|                                                                     |       |acc_norm      | 0.2800|±  |0.0641|
|                                                                     |       |acc_norm_pmi  | 0.3200|±  |0.0666|
|lighteval:global_mmlu_ca_hin_cf:college_mathematics:5                |      0|acc_norm_token| 0.2449|±  |0.0621|
|                                                                     |       |acc_norm      | 0.1224|±  |0.0473|
|                                                                     |       |acc_norm_pmi  | 0.2041|±  |0.0582|
|lighteval:global_mmlu_ca_hin_cf:college_medicine:5                   |      0|acc_norm_token| 0.1633|±  |0.0533|
|                                                                     |       |acc_norm      | 0.2245|±  |0.0602|
|                                                                     |       |acc_norm_pmi  | 0.2449|±  |0.0621|
|lighteval:global_mmlu_ca_hin_cf:college_physics:5                    |      0|acc_norm_token| 0.1667|±  |0.0544|
|                                                                     |       |acc_norm      | 0.2917|±  |0.0663|
|                                                                     |       |acc_norm_pmi  | 0.1250|±  |0.0482|
|lighteval:global_mmlu_ca_hin_cf:high_school_biology:5                |      0|acc_norm_token| 0.3000|±  |0.0655|
|                                                                     |       |acc_norm      | 0.2000|±  |0.0571|
|                                                                     |       |acc_norm_pmi  | 0.3000|±  |0.0655|
|lighteval:global_mmlu_ca_hin_cf:high_school_chemistry:5              |      0|acc_norm_token| 0.3333|±  |0.0688|
|                                                                     |       |acc_norm      | 0.2917|±  |0.0663|
|                                                                     |       |acc_norm_pmi  | 0.2917|±  |0.0663|
|lighteval:global_mmlu_ca_hin_cf:high_school_computer_science:5       |      0|acc_norm_token| 0.3061|±  |0.0665|
|                                                                     |       |acc_norm      | 0.3061|±  |0.0665|
|                                                                     |       |acc_norm_pmi  | 0.1633|±  |0.0533|
|lighteval:global_mmlu_ca_hin_cf:high_school_european_history:5       |      0|acc_norm_token| 0.3571|±  |0.1329|
|                                                                     |       |acc_norm      | 0.3571|±  |0.1329|
|                                                                     |       |acc_norm_pmi  | 0.2143|±  |0.1138|
|lighteval:global_mmlu_ca_hin_cf:high_school_geography:5              |      0|acc_norm_token| 0.3077|±  |0.0923|
|                                                                     |       |acc_norm      | 0.2308|±  |0.0843|
|                                                                     |       |acc_norm_pmi  | 0.0769|±  |0.0533|
|lighteval:global_mmlu_ca_hin_cf:high_school_government_and_politics:5|      0|acc_norm_token| 0.0000|±  |0.0000|
|                                                                     |       |acc_norm      | 0.5000|±  |0.5000|
|                                                                     |       |acc_norm_pmi  | 0.5000|±  |0.5000|
|lighteval:global_mmlu_ca_hin_cf:high_school_macroeconomics:5         |      0|acc_norm_token| 0.2250|±  |0.0669|
|                                                                     |       |acc_norm      | 0.2750|±  |0.0715|
|                                                                     |       |acc_norm_pmi  | 0.3000|±  |0.0734|
|lighteval:global_mmlu_ca_hin_cf:high_school_mathematics:5            |      0|acc_norm_token| 0.0612|±  |0.0346|
|                                                                     |       |acc_norm      | 0.0408|±  |0.0286|
|                                                                     |       |acc_norm_pmi  | 0.1633|±  |0.0533|
|lighteval:global_mmlu_ca_hin_cf:high_school_microeconomics:5         |      0|acc_norm_token| 0.2245|±  |0.0602|
|                                                                     |       |acc_norm      | 0.2857|±  |0.0652|
|                                                                     |       |acc_norm_pmi  | 0.1633|±  |0.0533|
|lighteval:global_mmlu_ca_hin_cf:high_school_physics:5                |      0|acc_norm_token| 0.3488|±  |0.0735|
|                                                                     |       |acc_norm      | 0.2326|±  |0.0652|
|                                                                     |       |acc_norm_pmi  | 0.2791|±  |0.0692|
|lighteval:global_mmlu_ca_hin_cf:high_school_psychology:5             |      0|acc_norm_token| 0.2222|±  |0.0703|
|                                                                     |       |acc_norm      | 0.2500|±  |0.0732|
|                                                                     |       |acc_norm_pmi  | 0.2500|±  |0.0732|
|lighteval:global_mmlu_ca_hin_cf:high_school_statistics:5             |      0|acc_norm_token| 0.3261|±  |0.0699|
|                                                                     |       |acc_norm      | 0.3043|±  |0.0686|
|                                                                     |       |acc_norm_pmi  | 0.3261|±  |0.0699|
|lighteval:global_mmlu_ca_hin_cf:high_school_us_history:5             |      0|acc_norm_token| 0.2000|±  |0.2000|
|                                                                     |       |acc_norm      | 0.6000|±  |0.2449|
|                                                                     |       |acc_norm_pmi  | 0.6000|±  |0.2449|
|lighteval:global_mmlu_ca_hin_cf:high_school_world_history:5          |      0|acc_norm_token| 0.3333|±  |0.1260|
|                                                                     |       |acc_norm      | 0.1333|±  |0.0909|
|                                                                     |       |acc_norm_pmi  | 0.4000|±  |0.1309|
|lighteval:global_mmlu_ca_hin_cf:professional_accounting:5            |      0|acc_norm_token| 0.1944|±  |0.0669|
|                                                                     |       |acc_norm      | 0.2778|±  |0.0757|
|                                                                     |       |acc_norm_pmi  | 0.4167|±  |0.0833|
|lighteval:global_mmlu_ca_hin_cf:professional_law:5                   |      0|acc_norm_token| 0.1538|±  |0.1042|
|                                                                     |       |acc_norm      | 0.3846|±  |0.1404|
|                                                                     |       |acc_norm_pmi  | 0.1538|±  |0.1042|
|lighteval:global_mmlu_ca_hin_cf:professional_medicine:5              |      0|acc_norm_token| 0.2449|±  |0.0621|
|                                                                     |       |acc_norm      | 0.2245|±  |0.0602|
|                                                                     |       |acc_norm_pmi  | 0.2041|±  |0.0582|
|lighteval:global_mmlu_ca_hin_cf:professional_psychology:5            |      0|acc_norm_token| 0.1667|±  |0.0630|
|                                                                     |       |acc_norm      | 0.3333|±  |0.0797|
|                                                                     |       |acc_norm_pmi  | 0.2222|±  |0.0703|
|lighteval:global_mmlu_ca_ita_cf:_average:5                           |       |acc_norm_token| 0.2527|±  |0.0764|
|                                                                     |       |acc_norm      | 0.2560|±  |0.0872|
|                                                                     |       |acc_norm_pmi  | 0.2671|±  |0.0779|
|lighteval:global_mmlu_ca_ita_cf:college_biology:5                    |      0|acc_norm_token| 0.2653|±  |0.0637|
|                                                                     |       |acc_norm      | 0.2653|±  |0.0637|
|                                                                     |       |acc_norm_pmi  | 0.2449|±  |0.0621|
|lighteval:global_mmlu_ca_ita_cf:college_chemistry:5                  |      0|acc_norm_token| 0.2449|±  |0.0621|
|                                                                     |       |acc_norm      | 0.1837|±  |0.0559|
|                                                                     |       |acc_norm_pmi  | 0.2857|±  |0.0652|
|lighteval:global_mmlu_ca_ita_cf:college_computer_science:5           |      0|acc_norm_token| 0.3600|±  |0.0686|
|                                                                     |       |acc_norm      | 0.2800|±  |0.0641|
|                                                                     |       |acc_norm_pmi  | 0.2600|±  |0.0627|
|lighteval:global_mmlu_ca_ita_cf:college_mathematics:5                |      0|acc_norm_token| 0.2449|±  |0.0621|
|                                                                     |       |acc_norm      | 0.2041|±  |0.0582|
|                                                                     |       |acc_norm_pmi  | 0.3265|±  |0.0677|
|lighteval:global_mmlu_ca_ita_cf:college_medicine:5                   |      0|acc_norm_token| 0.3469|±  |0.0687|
|                                                                     |       |acc_norm      | 0.3878|±  |0.0703|
|                                                                     |       |acc_norm_pmi  | 0.1837|±  |0.0559|
|lighteval:global_mmlu_ca_ita_cf:college_physics:5                    |      0|acc_norm_token| 0.1600|±  |0.0524|
|                                                                     |       |acc_norm      | 0.1200|±  |0.0464|
|                                                                     |       |acc_norm_pmi  | 0.3000|±  |0.0655|
|lighteval:global_mmlu_ca_ita_cf:high_school_biology:5                |      0|acc_norm_token| 0.2600|±  |0.0627|
|                                                                     |       |acc_norm      | 0.2600|±  |0.0627|
|                                                                     |       |acc_norm_pmi  | 0.3400|±  |0.0677|
|lighteval:global_mmlu_ca_ita_cf:high_school_chemistry:5              |      0|acc_norm_token| 0.2041|±  |0.0582|
|                                                                     |       |acc_norm      | 0.1633|±  |0.0533|
|                                                                     |       |acc_norm_pmi  | 0.2653|±  |0.0637|
|lighteval:global_mmlu_ca_ita_cf:high_school_computer_science:5       |      0|acc_norm_token| 0.1224|±  |0.0473|
|                                                                     |       |acc_norm      | 0.2041|±  |0.0582|
|                                                                     |       |acc_norm_pmi  | 0.2245|±  |0.0602|
|lighteval:global_mmlu_ca_ita_cf:high_school_european_history:5       |      0|acc_norm_token| 0.2143|±  |0.1138|
|                                                                     |       |acc_norm      | 0.4286|±  |0.1373|
|                                                                     |       |acc_norm_pmi  | 0.2857|±  |0.1253|
|lighteval:global_mmlu_ca_ita_cf:high_school_geography:5              |      0|acc_norm_token| 0.3077|±  |0.0923|
|                                                                     |       |acc_norm      | 0.1538|±  |0.0722|
|                                                                     |       |acc_norm_pmi  | 0.3462|±  |0.0951|
|lighteval:global_mmlu_ca_ita_cf:high_school_government_and_politics:5|      0|acc_norm_token| 0.0000|±  |0.0000|
|                                                                     |       |acc_norm      | 0.5000|±  |0.5000|
|                                                                     |       |acc_norm_pmi  | 0.0000|±  |0.0000|
|lighteval:global_mmlu_ca_ita_cf:high_school_macroeconomics:5         |      0|acc_norm_token| 0.2750|±  |0.0715|
|                                                                     |       |acc_norm      | 0.2500|±  |0.0693|
|                                                                     |       |acc_norm_pmi  | 0.3250|±  |0.0750|
|lighteval:global_mmlu_ca_ita_cf:high_school_mathematics:5            |      0|acc_norm_token| 0.2245|±  |0.0602|
|                                                                     |       |acc_norm      | 0.2041|±  |0.0582|
|                                                                     |       |acc_norm_pmi  | 0.1633|±  |0.0533|
|lighteval:global_mmlu_ca_ita_cf:high_school_microeconomics:5         |      0|acc_norm_token| 0.1837|±  |0.0559|
|                                                                     |       |acc_norm      | 0.2857|±  |0.0652|
|                                                                     |       |acc_norm_pmi  | 0.2653|±  |0.0637|
|lighteval:global_mmlu_ca_ita_cf:high_school_physics:5                |      0|acc_norm_token| 0.2955|±  |0.0696|
|                                                                     |       |acc_norm      | 0.3409|±  |0.0723|
|                                                                     |       |acc_norm_pmi  | 0.3182|±  |0.0710|
|lighteval:global_mmlu_ca_ita_cf:high_school_psychology:5             |      0|acc_norm_token| 0.1944|±  |0.0669|
|                                                                     |       |acc_norm      | 0.2222|±  |0.0703|
|                                                                     |       |acc_norm_pmi  | 0.1944|±  |0.0669|
|lighteval:global_mmlu_ca_ita_cf:high_school_statistics:5             |      0|acc_norm_token| 0.3261|±  |0.0699|
|                                                                     |       |acc_norm      | 0.3478|±  |0.0710|
|                                                                     |       |acc_norm_pmi  | 0.4130|±  |0.0734|
|lighteval:global_mmlu_ca_ita_cf:high_school_us_history:5             |      0|acc_norm_token| 0.2000|±  |0.2000|
|                                                                     |       |acc_norm      | 0.0000|±  |0.0000|
|                                                                     |       |acc_norm_pmi  | 0.2000|±  |0.2000|
|lighteval:global_mmlu_ca_ita_cf:high_school_world_history:5          |      0|acc_norm_token| 0.3333|±  |0.1260|
|                                                                     |       |acc_norm      | 0.1333|±  |0.0909|
|                                                                     |       |acc_norm_pmi  | 0.3333|±  |0.1260|
|lighteval:global_mmlu_ca_ita_cf:professional_accounting:5            |      0|acc_norm_token| 0.2778|±  |0.0757|
|                                                                     |       |acc_norm      | 0.2778|±  |0.0757|
|                                                                     |       |acc_norm_pmi  | 0.2778|±  |0.0757|
|lighteval:global_mmlu_ca_ita_cf:professional_law:5                   |      0|acc_norm_token| 0.3846|±  |0.1404|
|                                                                     |       |acc_norm      | 0.3077|±  |0.1332|
|                                                                     |       |acc_norm_pmi  | 0.3077|±  |0.1332|
|lighteval:global_mmlu_ca_ita_cf:professional_medicine:5              |      0|acc_norm_token| 0.3061|±  |0.0665|
|                                                                     |       |acc_norm      | 0.3469|±  |0.0687|
|                                                                     |       |acc_norm_pmi  | 0.2449|±  |0.0621|
|lighteval:global_mmlu_ca_ita_cf:professional_psychology:5            |      0|acc_norm_token| 0.3333|±  |0.0797|
|                                                                     |       |acc_norm      | 0.2778|±  |0.0757|
|                                                                     |       |acc_norm_pmi  | 0.3056|±  |0.0779|
|lighteval:global_mmlu_ca_nld_cf:_average:5                           |       |acc_norm_token| 0.2357|±  |0.0676|
|                                                                     |       |acc_norm      | 0.2279|±  |0.0660|
|                                                                     |       |acc_norm_pmi  | 0.2533|±  |0.0771|
|lighteval:global_mmlu_ca_nld_cf:college_biology:5                    |      0|acc_norm_token| 0.2653|±  |0.0637|
|                                                                     |       |acc_norm      | 0.3469|±  |0.0687|
|                                                                     |       |acc_norm_pmi  | 0.3469|±  |0.0687|
|lighteval:global_mmlu_ca_nld_cf:college_chemistry:5                  |      0|acc_norm_token| 0.1837|±  |0.0559|
|                                                                     |       |acc_norm      | 0.2041|±  |0.0582|
|                                                                     |       |acc_norm_pmi  | 0.1837|±  |0.0559|
|lighteval:global_mmlu_ca_nld_cf:college_computer_science:5           |      0|acc_norm_token| 0.2400|±  |0.0610|
|                                                                     |       |acc_norm      | 0.1800|±  |0.0549|
|                                                                     |       |acc_norm_pmi  | 0.1400|±  |0.0496|
|lighteval:global_mmlu_ca_nld_cf:college_mathematics:5                |      0|acc_norm_token| 0.2857|±  |0.0652|
|                                                                     |       |acc_norm      | 0.2449|±  |0.0621|
|                                                                     |       |acc_norm_pmi  | 0.2653|±  |0.0637|
|lighteval:global_mmlu_ca_nld_cf:college_medicine:5                   |      0|acc_norm_token| 0.3061|±  |0.0665|
|                                                                     |       |acc_norm      | 0.3061|±  |0.0665|
|                                                                     |       |acc_norm_pmi  | 0.2245|±  |0.0602|
|lighteval:global_mmlu_ca_nld_cf:college_physics:5                    |      0|acc_norm_token| 0.2000|±  |0.0571|
|                                                                     |       |acc_norm      | 0.1400|±  |0.0496|
|                                                                     |       |acc_norm_pmi  | 0.2200|±  |0.0592|
|lighteval:global_mmlu_ca_nld_cf:high_school_biology:5                |      0|acc_norm_token| 0.2000|±  |0.0571|
|                                                                     |       |acc_norm      | 0.2600|±  |0.0627|
|                                                                     |       |acc_norm_pmi  | 0.2800|±  |0.0641|
|lighteval:global_mmlu_ca_nld_cf:high_school_chemistry:5              |      0|acc_norm_token| 0.2245|±  |0.0602|
|                                                                     |       |acc_norm      | 0.2653|±  |0.0637|
|                                                                     |       |acc_norm_pmi  | 0.2449|±  |0.0621|
|lighteval:global_mmlu_ca_nld_cf:high_school_computer_science:5       |      0|acc_norm_token| 0.1837|±  |0.0559|
|                                                                     |       |acc_norm      | 0.2041|±  |0.0582|
|                                                                     |       |acc_norm_pmi  | 0.2041|±  |0.0582|
|lighteval:global_mmlu_ca_nld_cf:high_school_european_history:5       |      0|acc_norm_token| 0.3571|±  |0.1329|
|                                                                     |       |acc_norm      | 0.2143|±  |0.1138|
|                                                                     |       |acc_norm_pmi  | 0.4286|±  |0.1373|
|lighteval:global_mmlu_ca_nld_cf:high_school_geography:5              |      0|acc_norm_token| 0.1923|±  |0.0788|
|                                                                     |       |acc_norm      | 0.1538|±  |0.0722|
|                                                                     |       |acc_norm_pmi  | 0.2308|±  |0.0843|
|lighteval:global_mmlu_ca_nld_cf:high_school_government_and_politics:5|      0|acc_norm_token| 0.0000|±  |0.0000|
|                                                                     |       |acc_norm      | 0.0000|±  |0.0000|
|                                                                     |       |acc_norm_pmi  | 0.0000|±  |0.0000|
|lighteval:global_mmlu_ca_nld_cf:high_school_macroeconomics:5         |      0|acc_norm_token| 0.2500|±  |0.0693|
|                                                                     |       |acc_norm      | 0.3000|±  |0.0734|
|                                                                     |       |acc_norm_pmi  | 0.3500|±  |0.0764|
|lighteval:global_mmlu_ca_nld_cf:high_school_mathematics:5            |      0|acc_norm_token| 0.2449|±  |0.0621|
|                                                                     |       |acc_norm      | 0.2041|±  |0.0582|
|                                                                     |       |acc_norm_pmi  | 0.1633|±  |0.0533|
|lighteval:global_mmlu_ca_nld_cf:high_school_microeconomics:5         |      0|acc_norm_token| 0.2449|±  |0.0621|
|                                                                     |       |acc_norm      | 0.2653|±  |0.0637|
|                                                                     |       |acc_norm_pmi  | 0.3061|±  |0.0665|
|lighteval:global_mmlu_ca_nld_cf:high_school_physics:5                |      0|acc_norm_token| 0.3864|±  |0.0743|
|                                                                     |       |acc_norm      | 0.3409|±  |0.0723|
|                                                                     |       |acc_norm_pmi  | 0.3864|±  |0.0743|
|lighteval:global_mmlu_ca_nld_cf:high_school_psychology:5             |      0|acc_norm_token| 0.1944|±  |0.0669|
|                                                                     |       |acc_norm      | 0.1944|±  |0.0669|
|                                                                     |       |acc_norm_pmi  | 0.1389|±  |0.0585|
|lighteval:global_mmlu_ca_nld_cf:high_school_statistics:5             |      0|acc_norm_token| 0.2609|±  |0.0655|
|                                                                     |       |acc_norm      | 0.3043|±  |0.0686|
|                                                                     |       |acc_norm_pmi  | 0.3043|±  |0.0686|
|lighteval:global_mmlu_ca_nld_cf:high_school_us_history:5             |      0|acc_norm_token| 0.0000|±  |0.0000|
|                                                                     |       |acc_norm      | 0.0000|±  |0.0000|
|                                                                     |       |acc_norm_pmi  | 0.4000|±  |0.2449|
|lighteval:global_mmlu_ca_nld_cf:high_school_world_history:5          |      0|acc_norm_token| 0.2667|±  |0.1182|
|                                                                     |       |acc_norm      | 0.2000|±  |0.1069|
|                                                                     |       |acc_norm_pmi  | 0.2667|±  |0.1182|
|lighteval:global_mmlu_ca_nld_cf:professional_accounting:5            |      0|acc_norm_token| 0.2500|±  |0.0732|
|                                                                     |       |acc_norm      | 0.2778|±  |0.0757|
|                                                                     |       |acc_norm_pmi  | 0.1111|±  |0.0531|
|lighteval:global_mmlu_ca_nld_cf:professional_law:5                   |      0|acc_norm_token| 0.3077|±  |0.1332|
|                                                                     |       |acc_norm      | 0.2308|±  |0.1216|
|                                                                     |       |acc_norm_pmi  | 0.3077|±  |0.1332|
|lighteval:global_mmlu_ca_nld_cf:professional_medicine:5              |      0|acc_norm_token| 0.3061|±  |0.0665|
|                                                                     |       |acc_norm      | 0.3265|±  |0.0677|
|                                                                     |       |acc_norm_pmi  | 0.3265|±  |0.0677|
|lighteval:global_mmlu_ca_nld_cf:professional_psychology:5            |      0|acc_norm_token| 0.3056|±  |0.0779|
|                                                                     |       |acc_norm      | 0.3056|±  |0.0779|
|                                                                     |       |acc_norm_pmi  | 0.2500|±  |0.0732|
|lighteval:global_mmlu_ca_por_cf:_average:5                           |       |acc_norm_token| 0.2388|±  |0.0664|
|                                                                     |       |acc_norm      | 0.2398|±  |0.0742|
|                                                                     |       |acc_norm_pmi  | 0.2729|±  |0.0653|
|lighteval:global_mmlu_ca_por_cf:college_biology:5                    |      0|acc_norm_token| 0.2449|±  |0.0621|
|                                                                     |       |acc_norm      | 0.2041|±  |0.0582|
|                                                                     |       |acc_norm_pmi  | 0.2857|±  |0.0652|
|lighteval:global_mmlu_ca_por_cf:college_chemistry:5                  |      0|acc_norm_token| 0.2653|±  |0.0637|
|                                                                     |       |acc_norm      | 0.2653|±  |0.0637|
|                                                                     |       |acc_norm_pmi  | 0.3265|±  |0.0677|
|lighteval:global_mmlu_ca_por_cf:college_computer_science:5           |      0|acc_norm_token| 0.2400|±  |0.0610|
|                                                                     |       |acc_norm      | 0.2000|±  |0.0571|
|                                                                     |       |acc_norm_pmi  | 0.2200|±  |0.0592|
|lighteval:global_mmlu_ca_por_cf:college_mathematics:5                |      0|acc_norm_token| 0.3061|±  |0.0665|
|                                                                     |       |acc_norm      | 0.2653|±  |0.0637|
|                                                                     |       |acc_norm_pmi  | 0.2857|±  |0.0652|
|lighteval:global_mmlu_ca_por_cf:college_medicine:5                   |      0|acc_norm_token| 0.2449|±  |0.0621|
|                                                                     |       |acc_norm      | 0.2449|±  |0.0621|
|                                                                     |       |acc_norm_pmi  | 0.3061|±  |0.0665|
|lighteval:global_mmlu_ca_por_cf:college_physics:5                    |      0|acc_norm_token| 0.2600|±  |0.0627|
|                                                                     |       |acc_norm      | 0.1800|±  |0.0549|
|                                                                     |       |acc_norm_pmi  | 0.1600|±  |0.0524|
|lighteval:global_mmlu_ca_por_cf:high_school_biology:5                |      0|acc_norm_token| 0.2800|±  |0.0641|
|                                                                     |       |acc_norm      | 0.2400|±  |0.0610|
|                                                                     |       |acc_norm_pmi  | 0.2400|±  |0.0610|
|lighteval:global_mmlu_ca_por_cf:high_school_chemistry:5              |      0|acc_norm_token| 0.2245|±  |0.0602|
|                                                                     |       |acc_norm      | 0.3061|±  |0.0665|
|                                                                     |       |acc_norm_pmi  | 0.1837|±  |0.0559|
|lighteval:global_mmlu_ca_por_cf:high_school_computer_science:5       |      0|acc_norm_token| 0.0612|±  |0.0346|
|                                                                     |       |acc_norm      | 0.1633|±  |0.0533|
|                                                                     |       |acc_norm_pmi  | 0.2449|±  |0.0621|
|lighteval:global_mmlu_ca_por_cf:high_school_european_history:5       |      0|acc_norm_token| 0.2143|±  |0.1138|
|                                                                     |       |acc_norm      | 0.2857|±  |0.1253|
|                                                                     |       |acc_norm_pmi  | 0.2857|±  |0.1253|
|lighteval:global_mmlu_ca_por_cf:high_school_geography:5              |      0|acc_norm_token| 0.1154|±  |0.0639|
|                                                                     |       |acc_norm      | 0.2308|±  |0.0843|
|                                                                     |       |acc_norm_pmi  | 0.1923|±  |0.0788|
|lighteval:global_mmlu_ca_por_cf:high_school_government_and_politics:5|      0|acc_norm_token| 0.0000|±  |0.0000|
|                                                                     |       |acc_norm      | 0.0000|±  |0.0000|
|                                                                     |       |acc_norm_pmi  | 1.0000|±  |0.0000|
|lighteval:global_mmlu_ca_por_cf:high_school_macroeconomics:5         |      0|acc_norm_token| 0.3750|±  |0.0775|
|                                                                     |       |acc_norm      | 0.2250|±  |0.0669|
|                                                                     |       |acc_norm_pmi  | 0.3000|±  |0.0734|
|lighteval:global_mmlu_ca_por_cf:high_school_mathematics:5            |      0|acc_norm_token| 0.2041|±  |0.0582|
|                                                                     |       |acc_norm      | 0.1837|±  |0.0559|
|                                                                     |       |acc_norm_pmi  | 0.2245|±  |0.0602|
|lighteval:global_mmlu_ca_por_cf:high_school_microeconomics:5         |      0|acc_norm_token| 0.2653|±  |0.0637|
|                                                                     |       |acc_norm      | 0.2449|±  |0.0621|
|                                                                     |       |acc_norm_pmi  | 0.3469|±  |0.0687|
|lighteval:global_mmlu_ca_por_cf:high_school_physics:5                |      0|acc_norm_token| 0.3864|±  |0.0743|
|                                                                     |       |acc_norm      | 0.2955|±  |0.0696|
|                                                                     |       |acc_norm_pmi  | 0.2500|±  |0.0660|
|lighteval:global_mmlu_ca_por_cf:high_school_psychology:5             |      0|acc_norm_token| 0.2500|±  |0.0732|
|                                                                     |       |acc_norm      | 0.3056|±  |0.0779|
|                                                                     |       |acc_norm_pmi  | 0.1389|±  |0.0585|
|lighteval:global_mmlu_ca_por_cf:high_school_statistics:5             |      0|acc_norm_token| 0.3913|±  |0.0728|
|                                                                     |       |acc_norm      | 0.3478|±  |0.0710|
|                                                                     |       |acc_norm_pmi  | 0.4130|±  |0.0734|
|lighteval:global_mmlu_ca_por_cf:high_school_us_history:5             |      0|acc_norm_token| 0.0000|±  |0.0000|
|                                                                     |       |acc_norm      | 0.2000|±  |0.2000|
|                                                                     |       |acc_norm_pmi  | 0.0000|±  |0.0000|
|lighteval:global_mmlu_ca_por_cf:high_school_world_history:5          |      0|acc_norm_token| 0.2000|±  |0.1069|
|                                                                     |       |acc_norm      | 0.3333|±  |0.1260|
|                                                                     |       |acc_norm_pmi  | 0.4000|±  |0.1309|
|lighteval:global_mmlu_ca_por_cf:professional_accounting:5            |      0|acc_norm_token| 0.2778|±  |0.0757|
|                                                                     |       |acc_norm      | 0.3056|±  |0.0779|
|                                                                     |       |acc_norm_pmi  | 0.1944|±  |0.0669|
|lighteval:global_mmlu_ca_por_cf:professional_law:5                   |      0|acc_norm_token| 0.3077|±  |0.1332|
|                                                                     |       |acc_norm      | 0.0769|±  |0.0769|
|                                                                     |       |acc_norm_pmi  | 0.0769|±  |0.0769|
|lighteval:global_mmlu_ca_por_cf:professional_medicine:5              |      0|acc_norm_token| 0.3673|±  |0.0696|
|                                                                     |       |acc_norm      | 0.3469|±  |0.0687|
|                                                                     |       |acc_norm_pmi  | 0.2245|±  |0.0602|
|lighteval:global_mmlu_ca_por_cf:professional_psychology:5            |      0|acc_norm_token| 0.2500|±  |0.0732|
|                                                                     |       |acc_norm      | 0.3056|±  |0.0779|
|                                                                     |       |acc_norm_pmi  | 0.2500|±  |0.0732|
|lighteval:global_mmlu_ca_rus_cf:_average:5                           |       |acc_norm_token| 0.2530|±  |0.0946|
|                                                                     |       |acc_norm      | 0.2600|±  |0.0960|
|                                                                     |       |acc_norm_pmi  | 0.2971|±  |0.0803|
|lighteval:global_mmlu_ca_rus_cf:college_biology:5                    |      0|acc_norm_token| 0.2041|±  |0.0582|
|                                                                     |       |acc_norm      | 0.1837|±  |0.0559|
|                                                                     |       |acc_norm_pmi  | 0.3061|±  |0.0665|
|lighteval:global_mmlu_ca_rus_cf:college_chemistry:5                  |      0|acc_norm_token| 0.2292|±  |0.0613|
|                                                                     |       |acc_norm      | 0.2292|±  |0.0613|
|                                                                     |       |acc_norm_pmi  | 0.2917|±  |0.0663|
|lighteval:global_mmlu_ca_rus_cf:college_computer_science:5           |      0|acc_norm_token| 0.2800|±  |0.0641|
|                                                                     |       |acc_norm      | 0.2800|±  |0.0641|
|                                                                     |       |acc_norm_pmi  | 0.2000|±  |0.0571|
|lighteval:global_mmlu_ca_rus_cf:college_mathematics:5                |      0|acc_norm_token| 0.2449|±  |0.0621|
|                                                                     |       |acc_norm      | 0.2245|±  |0.0602|
|                                                                     |       |acc_norm_pmi  | 0.2041|±  |0.0582|
|lighteval:global_mmlu_ca_rus_cf:college_medicine:5                   |      0|acc_norm_token| 0.2857|±  |0.0652|
|                                                                     |       |acc_norm      | 0.3061|±  |0.0665|
|                                                                     |       |acc_norm_pmi  | 0.2857|±  |0.0652|
|lighteval:global_mmlu_ca_rus_cf:college_physics:5                    |      0|acc_norm_token| 0.2200|±  |0.0592|
|                                                                     |       |acc_norm      | 0.1600|±  |0.0524|
|                                                                     |       |acc_norm_pmi  | 0.2200|±  |0.0592|
|lighteval:global_mmlu_ca_rus_cf:high_school_biology:5                |      0|acc_norm_token| 0.2600|±  |0.0627|
|                                                                     |       |acc_norm      | 0.2200|±  |0.0592|
|                                                                     |       |acc_norm_pmi  | 0.3200|±  |0.0666|
|lighteval:global_mmlu_ca_rus_cf:high_school_chemistry:5              |      0|acc_norm_token| 0.2245|±  |0.0602|
|                                                                     |       |acc_norm      | 0.2653|±  |0.0637|
|                                                                     |       |acc_norm_pmi  | 0.3469|±  |0.0687|
|lighteval:global_mmlu_ca_rus_cf:high_school_computer_science:5       |      0|acc_norm_token| 0.2245|±  |0.0602|
|                                                                     |       |acc_norm      | 0.2245|±  |0.0602|
|                                                                     |       |acc_norm_pmi  | 0.2449|±  |0.0621|
|lighteval:global_mmlu_ca_rus_cf:high_school_european_history:5       |      0|acc_norm_token| 0.2143|±  |0.1138|
|                                                                     |       |acc_norm      | 0.0714|±  |0.0714|
|                                                                     |       |acc_norm_pmi  | 0.2857|±  |0.1253|
|lighteval:global_mmlu_ca_rus_cf:high_school_geography:5              |      0|acc_norm_token| 0.3846|±  |0.0973|
|                                                                     |       |acc_norm      | 0.2692|±  |0.0887|
|                                                                     |       |acc_norm_pmi  | 0.3462|±  |0.0951|
|lighteval:global_mmlu_ca_rus_cf:high_school_government_and_politics:5|      0|acc_norm_token| 0.5000|±  |0.5000|
|                                                                     |       |acc_norm      | 0.5000|±  |0.5000|
|                                                                     |       |acc_norm_pmi  | 0.0000|±  |0.0000|
|lighteval:global_mmlu_ca_rus_cf:high_school_macroeconomics:5         |      0|acc_norm_token| 0.2500|±  |0.0693|
|                                                                     |       |acc_norm      | 0.2250|±  |0.0669|
|                                                                     |       |acc_norm_pmi  | 0.4250|±  |0.0792|
|lighteval:global_mmlu_ca_rus_cf:high_school_mathematics:5            |      0|acc_norm_token| 0.2245|±  |0.0602|
|                                                                     |       |acc_norm      | 0.2041|±  |0.0582|
|                                                                     |       |acc_norm_pmi  | 0.1633|±  |0.0533|
|lighteval:global_mmlu_ca_rus_cf:high_school_microeconomics:5         |      0|acc_norm_token| 0.1020|±  |0.0437|
|                                                                     |       |acc_norm      | 0.2857|±  |0.0652|
|                                                                     |       |acc_norm_pmi  | 0.3878|±  |0.0703|
|lighteval:global_mmlu_ca_rus_cf:high_school_physics:5                |      0|acc_norm_token| 0.3409|±  |0.0723|
|                                                                     |       |acc_norm      | 0.2955|±  |0.0696|
|                                                                     |       |acc_norm_pmi  | 0.3409|±  |0.0723|
|lighteval:global_mmlu_ca_rus_cf:high_school_psychology:5             |      0|acc_norm_token| 0.1111|±  |0.0531|
|                                                                     |       |acc_norm      | 0.1944|±  |0.0669|
|                                                                     |       |acc_norm_pmi  | 0.2222|±  |0.0703|
|lighteval:global_mmlu_ca_rus_cf:high_school_statistics:5             |      0|acc_norm_token| 0.2391|±  |0.0636|
|                                                                     |       |acc_norm      | 0.2826|±  |0.0671|
|                                                                     |       |acc_norm_pmi  | 0.4130|±  |0.0734|
|lighteval:global_mmlu_ca_rus_cf:high_school_us_history:5             |      0|acc_norm_token| 0.2000|±  |0.2000|
|                                                                     |       |acc_norm      | 0.4000|±  |0.2449|
|                                                                     |       |acc_norm_pmi  | 0.6000|±  |0.2449|
|lighteval:global_mmlu_ca_rus_cf:high_school_world_history:5          |      0|acc_norm_token| 0.1333|±  |0.0909|
|                                                                     |       |acc_norm      | 0.2000|±  |0.1069|
|                                                                     |       |acc_norm_pmi  | 0.4667|±  |0.1333|
|lighteval:global_mmlu_ca_rus_cf:professional_accounting:5            |      0|acc_norm_token| 0.3611|±  |0.0812|
|                                                                     |       |acc_norm      | 0.3333|±  |0.0797|
|                                                                     |       |acc_norm_pmi  | 0.1944|±  |0.0669|
|lighteval:global_mmlu_ca_rus_cf:professional_law:5                   |      0|acc_norm_token| 0.3077|±  |0.1332|
|                                                                     |       |acc_norm      | 0.3846|±  |0.1404|
|                                                                     |       |acc_norm_pmi  | 0.3077|±  |0.1332|
|lighteval:global_mmlu_ca_rus_cf:professional_medicine:5              |      0|acc_norm_token| 0.2245|±  |0.0602|
|                                                                     |       |acc_norm      | 0.3061|±  |0.0665|
|                                                                     |       |acc_norm_pmi  | 0.2245|±  |0.0602|
|lighteval:global_mmlu_ca_rus_cf:professional_psychology:5            |      0|acc_norm_token| 0.3056|±  |0.0779|
|                                                                     |       |acc_norm      | 0.1944|±  |0.0669|
|                                                                     |       |acc_norm_pmi  | 0.3333|±  |0.0797|
|lighteval:global_mmlu_ca_spa_cf:_average:5                           |       |acc_norm_token| 0.2527|±  |0.0942|
|                                                                     |       |acc_norm      | 0.2580|±  |0.0965|
|                                                                     |       |acc_norm_pmi  | 0.2855|±  |0.0971|
|lighteval:global_mmlu_ca_spa_cf:college_biology:5                    |      0|acc_norm_token| 0.3469|±  |0.0687|
|                                                                     |       |acc_norm      | 0.3061|±  |0.0665|
|                                                                     |       |acc_norm_pmi  | 0.2857|±  |0.0652|
|lighteval:global_mmlu_ca_spa_cf:college_chemistry:5                  |      0|acc_norm_token| 0.2449|±  |0.0621|
|                                                                     |       |acc_norm      | 0.1633|±  |0.0533|
|                                                                     |       |acc_norm_pmi  | 0.2449|±  |0.0621|
|lighteval:global_mmlu_ca_spa_cf:college_computer_science:5           |      0|acc_norm_token| 0.2000|±  |0.0571|
|                                                                     |       |acc_norm      | 0.2400|±  |0.0610|
|                                                                     |       |acc_norm_pmi  | 0.2000|±  |0.0571|
|lighteval:global_mmlu_ca_spa_cf:college_mathematics:5                |      0|acc_norm_token| 0.2041|±  |0.0582|
|                                                                     |       |acc_norm      | 0.2041|±  |0.0582|
|                                                                     |       |acc_norm_pmi  | 0.3061|±  |0.0665|
|lighteval:global_mmlu_ca_spa_cf:college_medicine:5                   |      0|acc_norm_token| 0.3469|±  |0.0687|
|                                                                     |       |acc_norm      | 0.3469|±  |0.0687|
|                                                                     |       |acc_norm_pmi  | 0.2449|±  |0.0621|
|lighteval:global_mmlu_ca_spa_cf:college_physics:5                    |      0|acc_norm_token| 0.1429|±  |0.0505|
|                                                                     |       |acc_norm      | 0.1020|±  |0.0437|
|                                                                     |       |acc_norm_pmi  | 0.1837|±  |0.0559|
|lighteval:global_mmlu_ca_spa_cf:high_school_biology:5                |      0|acc_norm_token| 0.2400|±  |0.0610|
|                                                                     |       |acc_norm      | 0.2400|±  |0.0610|
|                                                                     |       |acc_norm_pmi  | 0.3400|±  |0.0677|
|lighteval:global_mmlu_ca_spa_cf:high_school_chemistry:5              |      0|acc_norm_token| 0.1224|±  |0.0473|
|                                                                     |       |acc_norm      | 0.1837|±  |0.0559|
|                                                                     |       |acc_norm_pmi  | 0.2449|±  |0.0621|
|lighteval:global_mmlu_ca_spa_cf:high_school_computer_science:5       |      0|acc_norm_token| 0.1633|±  |0.0533|
|                                                                     |       |acc_norm      | 0.2041|±  |0.0582|
|                                                                     |       |acc_norm_pmi  | 0.2449|±  |0.0621|
|lighteval:global_mmlu_ca_spa_cf:high_school_european_history:5       |      0|acc_norm_token| 0.3571|±  |0.1329|
|                                                                     |       |acc_norm      | 0.4286|±  |0.1373|
|                                                                     |       |acc_norm_pmi  | 0.2143|±  |0.1138|
|lighteval:global_mmlu_ca_spa_cf:high_school_geography:5              |      0|acc_norm_token| 0.3077|±  |0.0923|
|                                                                     |       |acc_norm      | 0.1538|±  |0.0722|
|                                                                     |       |acc_norm_pmi  | 0.3846|±  |0.0973|
|lighteval:global_mmlu_ca_spa_cf:high_school_government_and_politics:5|      0|acc_norm_token| 0.5000|±  |0.5000|
|                                                                     |       |acc_norm      | 0.5000|±  |0.5000|
|                                                                     |       |acc_norm_pmi  | 0.5000|±  |0.5000|
|lighteval:global_mmlu_ca_spa_cf:high_school_macroeconomics:5         |      0|acc_norm_token| 0.3250|±  |0.0750|
|                                                                     |       |acc_norm      | 0.2750|±  |0.0715|
|                                                                     |       |acc_norm_pmi  | 0.4000|±  |0.0784|
|lighteval:global_mmlu_ca_spa_cf:high_school_mathematics:5            |      0|acc_norm_token| 0.2041|±  |0.0582|
|                                                                     |       |acc_norm      | 0.1837|±  |0.0559|
|                                                                     |       |acc_norm_pmi  | 0.1633|±  |0.0533|
|lighteval:global_mmlu_ca_spa_cf:high_school_microeconomics:5         |      0|acc_norm_token| 0.2449|±  |0.0621|
|                                                                     |       |acc_norm      | 0.2245|±  |0.0602|
|                                                                     |       |acc_norm_pmi  | 0.2449|±  |0.0621|
|lighteval:global_mmlu_ca_spa_cf:high_school_physics:5                |      0|acc_norm_token| 0.2955|±  |0.0696|
|                                                                     |       |acc_norm      | 0.2500|±  |0.0660|
|                                                                     |       |acc_norm_pmi  | 0.2500|±  |0.0660|
|lighteval:global_mmlu_ca_spa_cf:high_school_psychology:5             |      0|acc_norm_token| 0.1111|±  |0.0531|
|                                                                     |       |acc_norm      | 0.1667|±  |0.0630|
|                                                                     |       |acc_norm_pmi  | 0.2222|±  |0.0703|
|lighteval:global_mmlu_ca_spa_cf:high_school_statistics:5             |      0|acc_norm_token| 0.3696|±  |0.0720|
|                                                                     |       |acc_norm      | 0.4130|±  |0.0734|
|                                                                     |       |acc_norm_pmi  | 0.4348|±  |0.0739|
|lighteval:global_mmlu_ca_spa_cf:high_school_us_history:5             |      0|acc_norm_token| 0.2000|±  |0.2000|
|                                                                     |       |acc_norm      | 0.4000|±  |0.2449|
|                                                                     |       |acc_norm_pmi  | 0.2000|±  |0.2000|
|lighteval:global_mmlu_ca_spa_cf:high_school_world_history:5          |      0|acc_norm_token| 0.2000|±  |0.1069|
|                                                                     |       |acc_norm      | 0.2667|±  |0.1182|
|                                                                     |       |acc_norm_pmi  | 0.5333|±  |0.1333|
|lighteval:global_mmlu_ca_spa_cf:professional_accounting:5            |      0|acc_norm_token| 0.1944|±  |0.0669|
|                                                                     |       |acc_norm      | 0.2222|±  |0.0703|
|                                                                     |       |acc_norm_pmi  | 0.3056|±  |0.0779|
|lighteval:global_mmlu_ca_spa_cf:professional_law:5                   |      0|acc_norm_token| 0.1538|±  |0.1042|
|                                                                     |       |acc_norm      | 0.2308|±  |0.1216|
|                                                                     |       |acc_norm_pmi  | 0.1538|±  |0.1042|
|lighteval:global_mmlu_ca_spa_cf:professional_medicine:5              |      0|acc_norm_token| 0.3673|±  |0.0696|
|                                                                     |       |acc_norm      | 0.2653|±  |0.0637|
|                                                                     |       |acc_norm_pmi  | 0.2449|±  |0.0621|
|lighteval:global_mmlu_ca_spa_cf:professional_psychology:5            |      0|acc_norm_token| 0.2222|±  |0.0703|
|                                                                     |       |acc_norm      | 0.2222|±  |0.0703|
|                                                                     |       |acc_norm_pmi  | 0.3056|±  |0.0779|
|lighteval:global_mmlu_ca_swe_cf:_average:5                           |       |acc_norm_token| 0.2143|±  |0.0717|
|                                                                     |       |acc_norm      | 0.2754|±  |0.0977|
|                                                                     |       |acc_norm_pmi  | 0.2426|±  |0.0749|
|lighteval:global_mmlu_ca_swe_cf:college_biology:5                    |      0|acc_norm_token| 0.3061|±  |0.0665|
|                                                                     |       |acc_norm      | 0.2653|±  |0.0637|
|                                                                     |       |acc_norm_pmi  | 0.1837|±  |0.0559|
|lighteval:global_mmlu_ca_swe_cf:college_chemistry:5                  |      0|acc_norm_token| 0.2041|±  |0.0582|
|                                                                     |       |acc_norm      | 0.2653|±  |0.0637|
|                                                                     |       |acc_norm_pmi  | 0.1837|±  |0.0559|
|lighteval:global_mmlu_ca_swe_cf:college_computer_science:5           |      0|acc_norm_token| 0.2200|±  |0.0592|
|                                                                     |       |acc_norm      | 0.2400|±  |0.0610|
|                                                                     |       |acc_norm_pmi  | 0.1600|±  |0.0524|
|lighteval:global_mmlu_ca_swe_cf:college_mathematics:5                |      0|acc_norm_token| 0.3265|±  |0.0677|
|                                                                     |       |acc_norm      | 0.1633|±  |0.0533|
|                                                                     |       |acc_norm_pmi  | 0.2449|±  |0.0621|
|lighteval:global_mmlu_ca_swe_cf:college_medicine:5                   |      0|acc_norm_token| 0.1837|±  |0.0559|
|                                                                     |       |acc_norm      | 0.3061|±  |0.0665|
|                                                                     |       |acc_norm_pmi  | 0.2653|±  |0.0637|
|lighteval:global_mmlu_ca_swe_cf:college_physics:5                    |      0|acc_norm_token| 0.0800|±  |0.0388|
|                                                                     |       |acc_norm      | 0.1000|±  |0.0429|
|                                                                     |       |acc_norm_pmi  | 0.1000|±  |0.0429|
|lighteval:global_mmlu_ca_swe_cf:high_school_biology:5                |      0|acc_norm_token| 0.2200|±  |0.0592|
|                                                                     |       |acc_norm      | 0.2800|±  |0.0641|
|                                                                     |       |acc_norm_pmi  | 0.3200|±  |0.0666|
|lighteval:global_mmlu_ca_swe_cf:high_school_chemistry:5              |      0|acc_norm_token| 0.2245|±  |0.0602|
|                                                                     |       |acc_norm      | 0.2857|±  |0.0652|
|                                                                     |       |acc_norm_pmi  | 0.2449|±  |0.0621|
|lighteval:global_mmlu_ca_swe_cf:high_school_computer_science:5       |      0|acc_norm_token| 0.0816|±  |0.0395|
|                                                                     |       |acc_norm      | 0.2449|±  |0.0621|
|                                                                     |       |acc_norm_pmi  | 0.1633|±  |0.0533|
|lighteval:global_mmlu_ca_swe_cf:high_school_european_history:5       |      0|acc_norm_token| 0.2143|±  |0.1138|
|                                                                     |       |acc_norm      | 0.2857|±  |0.1253|
|                                                                     |       |acc_norm_pmi  | 0.5000|±  |0.1387|
|lighteval:global_mmlu_ca_swe_cf:high_school_geography:5              |      0|acc_norm_token| 0.1538|±  |0.0722|
|                                                                     |       |acc_norm      | 0.1538|±  |0.0722|
|                                                                     |       |acc_norm_pmi  | 0.3462|±  |0.0951|
|lighteval:global_mmlu_ca_swe_cf:high_school_government_and_politics:5|      0|acc_norm_token| 0.0000|±  |0.0000|
|                                                                     |       |acc_norm      | 0.5000|±  |0.5000|
|                                                                     |       |acc_norm_pmi  | 0.0000|±  |0.0000|
|lighteval:global_mmlu_ca_swe_cf:high_school_macroeconomics:5         |      0|acc_norm_token| 0.3500|±  |0.0764|
|                                                                     |       |acc_norm      | 0.4500|±  |0.0797|
|                                                                     |       |acc_norm_pmi  | 0.2250|±  |0.0669|
|lighteval:global_mmlu_ca_swe_cf:high_school_mathematics:5            |      0|acc_norm_token| 0.1224|±  |0.0473|
|                                                                     |       |acc_norm      | 0.1020|±  |0.0437|
|                                                                     |       |acc_norm_pmi  | 0.2245|±  |0.0602|
|lighteval:global_mmlu_ca_swe_cf:high_school_microeconomics:5         |      0|acc_norm_token| 0.2653|±  |0.0637|
|                                                                     |       |acc_norm      | 0.2857|±  |0.0652|
|                                                                     |       |acc_norm_pmi  | 0.2245|±  |0.0602|
|lighteval:global_mmlu_ca_swe_cf:high_school_physics:5                |      0|acc_norm_token| 0.2955|±  |0.0696|
|                                                                     |       |acc_norm      | 0.2955|±  |0.0696|
|                                                                     |       |acc_norm_pmi  | 0.3409|±  |0.0723|
|lighteval:global_mmlu_ca_swe_cf:high_school_psychology:5             |      0|acc_norm_token| 0.1389|±  |0.0585|
|                                                                     |       |acc_norm      | 0.2778|±  |0.0757|
|                                                                     |       |acc_norm_pmi  | 0.2500|±  |0.0732|
|lighteval:global_mmlu_ca_swe_cf:high_school_statistics:5             |      0|acc_norm_token| 0.2609|±  |0.0655|
|                                                                     |       |acc_norm      | 0.3043|±  |0.0686|
|                                                                     |       |acc_norm_pmi  | 0.4130|±  |0.0734|
|lighteval:global_mmlu_ca_swe_cf:high_school_us_history:5             |      0|acc_norm_token| 0.2000|±  |0.2000|
|                                                                     |       |acc_norm      | 0.4000|±  |0.2449|
|                                                                     |       |acc_norm_pmi  | 0.2000|±  |0.2000|
|lighteval:global_mmlu_ca_swe_cf:high_school_world_history:5          |      0|acc_norm_token| 0.2667|±  |0.1182|
|                                                                     |       |acc_norm      | 0.2000|±  |0.1069|
|                                                                     |       |acc_norm_pmi  | 0.4000|±  |0.1309|
|lighteval:global_mmlu_ca_swe_cf:professional_accounting:5            |      0|acc_norm_token| 0.3056|±  |0.0779|
|                                                                     |       |acc_norm      | 0.3056|±  |0.0779|
|                                                                     |       |acc_norm_pmi  | 0.1944|±  |0.0669|
|lighteval:global_mmlu_ca_swe_cf:professional_law:5                   |      0|acc_norm_token| 0.2308|±  |0.1216|
|                                                                     |       |acc_norm      | 0.3846|±  |0.1404|
|                                                                     |       |acc_norm_pmi  | 0.3846|±  |0.1404|
|lighteval:global_mmlu_ca_swe_cf:professional_medicine:5              |      0|acc_norm_token| 0.3265|±  |0.0677|
|                                                                     |       |acc_norm      | 0.3469|±  |0.0687|
|                                                                     |       |acc_norm_pmi  | 0.1429|±  |0.0505|
|lighteval:global_mmlu_ca_swe_cf:professional_psychology:5            |      0|acc_norm_token| 0.1667|±  |0.0630|
|                                                                     |       |acc_norm      | 0.1667|±  |0.0630|
|                                                                     |       |acc_norm_pmi  | 0.1111|±  |0.0531|
|lighteval:global_mmlu_ca_tur_cf:_average:5                           |       |acc_norm_token| 0.2450|±  |0.0763|
|                                                                     |       |acc_norm      | 0.2381|±  |0.0760|
|                                                                     |       |acc_norm_pmi  | 0.2622|±  |0.0786|
|lighteval:global_mmlu_ca_tur_cf:college_biology:5                    |      0|acc_norm_token| 0.2041|±  |0.0582|
|                                                                     |       |acc_norm      | 0.2041|±  |0.0582|
|                                                                     |       |acc_norm_pmi  | 0.2041|±  |0.0582|
|lighteval:global_mmlu_ca_tur_cf:college_chemistry:5                  |      0|acc_norm_token| 0.2041|±  |0.0582|
|                                                                     |       |acc_norm      | 0.1837|±  |0.0559|
|                                                                     |       |acc_norm_pmi  | 0.3061|±  |0.0665|
|lighteval:global_mmlu_ca_tur_cf:college_computer_science:5           |      0|acc_norm_token| 0.2000|±  |0.0571|
|                                                                     |       |acc_norm      | 0.1800|±  |0.0549|
|                                                                     |       |acc_norm_pmi  | 0.2200|±  |0.0592|
|lighteval:global_mmlu_ca_tur_cf:college_mathematics:5                |      0|acc_norm_token| 0.2653|±  |0.0637|
|                                                                     |       |acc_norm      | 0.2245|±  |0.0602|
|                                                                     |       |acc_norm_pmi  | 0.2449|±  |0.0621|
|lighteval:global_mmlu_ca_tur_cf:college_medicine:5                   |      0|acc_norm_token| 0.2041|±  |0.0582|
|                                                                     |       |acc_norm      | 0.2041|±  |0.0582|
|                                                                     |       |acc_norm_pmi  | 0.2041|±  |0.0582|
|lighteval:global_mmlu_ca_tur_cf:college_physics:5                    |      0|acc_norm_token| 0.2400|±  |0.0610|
|                                                                     |       |acc_norm      | 0.2600|±  |0.0627|
|                                                                     |       |acc_norm_pmi  | 0.2000|±  |0.0571|
|lighteval:global_mmlu_ca_tur_cf:high_school_biology:5                |      0|acc_norm_token| 0.2600|±  |0.0627|
|                                                                     |       |acc_norm      | 0.2000|±  |0.0571|
|                                                                     |       |acc_norm_pmi  | 0.2200|±  |0.0592|
|lighteval:global_mmlu_ca_tur_cf:high_school_chemistry:5              |      0|acc_norm_token| 0.2245|±  |0.0602|
|                                                                     |       |acc_norm      | 0.2449|±  |0.0621|
|                                                                     |       |acc_norm_pmi  | 0.2653|±  |0.0637|
|lighteval:global_mmlu_ca_tur_cf:high_school_computer_science:5       |      0|acc_norm_token| 0.1020|±  |0.0437|
|                                                                     |       |acc_norm      | 0.1429|±  |0.0505|
|                                                                     |       |acc_norm_pmi  | 0.2653|±  |0.0637|
|lighteval:global_mmlu_ca_tur_cf:high_school_european_history:5       |      0|acc_norm_token| 0.1429|±  |0.0971|
|                                                                     |       |acc_norm      | 0.2857|±  |0.1253|
|                                                                     |       |acc_norm_pmi  | 0.2143|±  |0.1138|
|lighteval:global_mmlu_ca_tur_cf:high_school_geography:5              |      0|acc_norm_token| 0.3462|±  |0.0951|
|                                                                     |       |acc_norm      | 0.3077|±  |0.0923|
|                                                                     |       |acc_norm_pmi  | 0.2692|±  |0.0887|
|lighteval:global_mmlu_ca_tur_cf:high_school_government_and_politics:5|      0|acc_norm_token| 0.0000|±  |0.0000|
|                                                                     |       |acc_norm      | 0.0000|±  |0.0000|
|                                                                     |       |acc_norm_pmi  | 0.0000|±  |0.0000|
|lighteval:global_mmlu_ca_tur_cf:high_school_macroeconomics:5         |      0|acc_norm_token| 0.2500|±  |0.0693|
|                                                                     |       |acc_norm      | 0.3000|±  |0.0734|
|                                                                     |       |acc_norm_pmi  | 0.3000|±  |0.0734|
|lighteval:global_mmlu_ca_tur_cf:high_school_mathematics:5            |      0|acc_norm_token| 0.2041|±  |0.0582|
|                                                                     |       |acc_norm      | 0.1837|±  |0.0559|
|                                                                     |       |acc_norm_pmi  | 0.2041|±  |0.0582|
|lighteval:global_mmlu_ca_tur_cf:high_school_microeconomics:5         |      0|acc_norm_token| 0.2245|±  |0.0602|
|                                                                     |       |acc_norm      | 0.2041|±  |0.0582|
|                                                                     |       |acc_norm_pmi  | 0.2449|±  |0.0621|
|lighteval:global_mmlu_ca_tur_cf:high_school_physics:5                |      0|acc_norm_token| 0.3864|±  |0.0743|
|                                                                     |       |acc_norm      | 0.4545|±  |0.0759|
|                                                                     |       |acc_norm_pmi  | 0.3182|±  |0.0710|
|lighteval:global_mmlu_ca_tur_cf:high_school_psychology:5             |      0|acc_norm_token| 0.1944|±  |0.0669|
|                                                                     |       |acc_norm      | 0.1389|±  |0.0585|
|                                                                     |       |acc_norm_pmi  | 0.1944|±  |0.0669|
|lighteval:global_mmlu_ca_tur_cf:high_school_statistics:5             |      0|acc_norm_token| 0.2174|±  |0.0615|
|                                                                     |       |acc_norm      | 0.1957|±  |0.0591|
|                                                                     |       |acc_norm_pmi  | 0.1957|±  |0.0591|
|lighteval:global_mmlu_ca_tur_cf:high_school_us_history:5             |      0|acc_norm_token| 0.4000|±  |0.2449|
|                                                                     |       |acc_norm      | 0.4000|±  |0.2449|
|                                                                     |       |acc_norm_pmi  | 0.4000|±  |0.2449|
|lighteval:global_mmlu_ca_tur_cf:high_school_world_history:5          |      0|acc_norm_token| 0.2667|±  |0.1182|
|                                                                     |       |acc_norm      | 0.2667|±  |0.1182|
|                                                                     |       |acc_norm_pmi  | 0.4000|±  |0.1309|
|lighteval:global_mmlu_ca_tur_cf:professional_accounting:5            |      0|acc_norm_token| 0.2778|±  |0.0757|
|                                                                     |       |acc_norm      | 0.2778|±  |0.0757|
|                                                                     |       |acc_norm_pmi  | 0.3333|±  |0.0797|
|lighteval:global_mmlu_ca_tur_cf:professional_law:5                   |      0|acc_norm_token| 0.3846|±  |0.1404|
|                                                                     |       |acc_norm      | 0.2308|±  |0.1216|
|                                                                     |       |acc_norm_pmi  | 0.4615|±  |0.1439|
|lighteval:global_mmlu_ca_tur_cf:professional_medicine:5              |      0|acc_norm_token| 0.2653|±  |0.0637|
|                                                                     |       |acc_norm      | 0.3469|±  |0.0687|
|                                                                     |       |acc_norm_pmi  | 0.2653|±  |0.0637|
|lighteval:global_mmlu_ca_tur_cf:professional_psychology:5            |      0|acc_norm_token| 0.4167|±  |0.0833|
|                                                                     |       |acc_norm      | 0.2778|±  |0.0757|
|                                                                     |       |acc_norm_pmi  | 0.3611|±  |0.0812|
|lighteval:global_mmlu_ca_zho_cf:_average:5                           |       |acc_norm_token| 0.2335|±  |0.0733|
|                                                                     |       |acc_norm      | 0.2700|±  |0.0976|
|                                                                     |       |acc_norm_pmi  | 0.2357|±  |0.0666|
|lighteval:global_mmlu_ca_zho_cf:college_biology:5                    |      0|acc_norm_token| 0.2245|±  |0.0602|
|                                                                     |       |acc_norm      | 0.1224|±  |0.0473|
|                                                                     |       |acc_norm_pmi  | 0.2653|±  |0.0637|
|lighteval:global_mmlu_ca_zho_cf:college_chemistry:5                  |      0|acc_norm_token| 0.2857|±  |0.0652|
|                                                                     |       |acc_norm      | 0.2449|±  |0.0621|
|                                                                     |       |acc_norm_pmi  | 0.2653|±  |0.0637|
|lighteval:global_mmlu_ca_zho_cf:college_computer_science:5           |      0|acc_norm_token| 0.3200|±  |0.0666|
|                                                                     |       |acc_norm      | 0.2200|±  |0.0592|
|                                                                     |       |acc_norm_pmi  | 0.2200|±  |0.0592|
|lighteval:global_mmlu_ca_zho_cf:college_mathematics:5                |      0|acc_norm_token| 0.2449|±  |0.0621|
|                                                                     |       |acc_norm      | 0.2041|±  |0.0582|
|                                                                     |       |acc_norm_pmi  | 0.1633|±  |0.0533|
|lighteval:global_mmlu_ca_zho_cf:college_medicine:5                   |      0|acc_norm_token| 0.3265|±  |0.0677|
|                                                                     |       |acc_norm      | 0.2857|±  |0.0652|
|                                                                     |       |acc_norm_pmi  | 0.3265|±  |0.0677|
|lighteval:global_mmlu_ca_zho_cf:college_physics:5                    |      0|acc_norm_token| 0.2600|±  |0.0627|
|                                                                     |       |acc_norm      | 0.2200|±  |0.0592|
|                                                                     |       |acc_norm_pmi  | 0.2600|±  |0.0627|
|lighteval:global_mmlu_ca_zho_cf:high_school_biology:5                |      0|acc_norm_token| 0.3200|±  |0.0666|
|                                                                     |       |acc_norm      | 0.2400|±  |0.0610|
|                                                                     |       |acc_norm_pmi  | 0.3600|±  |0.0686|
|lighteval:global_mmlu_ca_zho_cf:high_school_chemistry:5              |      0|acc_norm_token| 0.1429|±  |0.0505|
|                                                                     |       |acc_norm      | 0.1837|±  |0.0559|
|                                                                     |       |acc_norm_pmi  | 0.2041|±  |0.0582|
|lighteval:global_mmlu_ca_zho_cf:high_school_computer_science:5       |      0|acc_norm_token| 0.1837|±  |0.0559|
|                                                                     |       |acc_norm      | 0.1633|±  |0.0533|
|                                                                     |       |acc_norm_pmi  | 0.1837|±  |0.0559|
|lighteval:global_mmlu_ca_zho_cf:high_school_european_history:5       |      0|acc_norm_token| 0.2143|±  |0.1138|
|                                                                     |       |acc_norm      | 0.3571|±  |0.1329|
|                                                                     |       |acc_norm_pmi  | 0.2857|±  |0.1253|
|lighteval:global_mmlu_ca_zho_cf:high_school_geography:5              |      0|acc_norm_token| 0.3077|±  |0.0923|
|                                                                     |       |acc_norm      | 0.3077|±  |0.0923|
|                                                                     |       |acc_norm_pmi  | 0.3077|±  |0.0923|
|lighteval:global_mmlu_ca_zho_cf:high_school_government_and_politics:5|      0|acc_norm_token| 0.0000|±  |0.0000|
|                                                                     |       |acc_norm      | 0.5000|±  |0.5000|
|                                                                     |       |acc_norm_pmi  | 0.0000|±  |0.0000|
|lighteval:global_mmlu_ca_zho_cf:high_school_macroeconomics:5         |      0|acc_norm_token| 0.2500|±  |0.0693|
|                                                                     |       |acc_norm      | 0.3250|±  |0.0750|
|                                                                     |       |acc_norm_pmi  | 0.2250|±  |0.0669|
|lighteval:global_mmlu_ca_zho_cf:high_school_mathematics:5            |      0|acc_norm_token| 0.1429|±  |0.0505|
|                                                                     |       |acc_norm      | 0.1224|±  |0.0473|
|                                                                     |       |acc_norm_pmi  | 0.1837|±  |0.0559|
|lighteval:global_mmlu_ca_zho_cf:high_school_microeconomics:5         |      0|acc_norm_token| 0.2245|±  |0.0602|
|                                                                     |       |acc_norm      | 0.3061|±  |0.0665|
|                                                                     |       |acc_norm_pmi  | 0.3265|±  |0.0677|
|lighteval:global_mmlu_ca_zho_cf:high_school_physics:5                |      0|acc_norm_token| 0.3409|±  |0.0723|
|                                                                     |       |acc_norm      | 0.3182|±  |0.0710|
|                                                                     |       |acc_norm_pmi  | 0.2955|±  |0.0696|
|lighteval:global_mmlu_ca_zho_cf:high_school_psychology:5             |      0|acc_norm_token| 0.2778|±  |0.0757|
|                                                                     |       |acc_norm      | 0.2778|±  |0.0757|
|                                                                     |       |acc_norm_pmi  | 0.2500|±  |0.0732|
|lighteval:global_mmlu_ca_zho_cf:high_school_statistics:5             |      0|acc_norm_token| 0.2826|±  |0.0671|
|                                                                     |       |acc_norm      | 0.2391|±  |0.0636|
|                                                                     |       |acc_norm_pmi  | 0.3913|±  |0.0728|
|lighteval:global_mmlu_ca_zho_cf:high_school_us_history:5             |      0|acc_norm_token| 0.2000|±  |0.2000|
|                                                                     |       |acc_norm      | 0.4000|±  |0.2449|
|                                                                     |       |acc_norm_pmi  | 0.0000|±  |0.0000|
|lighteval:global_mmlu_ca_zho_cf:high_school_world_history:5          |      0|acc_norm_token| 0.0667|±  |0.0667|
|                                                                     |       |acc_norm      | 0.1333|±  |0.0909|
|                                                                     |       |acc_norm_pmi  | 0.1333|±  |0.0909|
|lighteval:global_mmlu_ca_zho_cf:professional_accounting:5            |      0|acc_norm_token| 0.2500|±  |0.0732|
|                                                                     |       |acc_norm      | 0.3056|±  |0.0779|
|                                                                     |       |acc_norm_pmi  | 0.2500|±  |0.0732|
|lighteval:global_mmlu_ca_zho_cf:professional_law:5                   |      0|acc_norm_token| 0.3077|±  |0.1332|
|                                                                     |       |acc_norm      | 0.3077|±  |0.1332|
|                                                                     |       |acc_norm_pmi  | 0.2308|±  |0.1216|
|lighteval:global_mmlu_ca_zho_cf:professional_medicine:5              |      0|acc_norm_token| 0.2653|±  |0.0637|
|                                                                     |       |acc_norm      | 0.3061|±  |0.0665|
|                                                                     |       |acc_norm_pmi  | 0.3061|±  |0.0665|
|lighteval:global_mmlu_ca_zho_cf:professional_psychology:5            |      0|acc_norm_token| 0.1667|±  |0.0630|
|                                                                     |       |acc_norm      | 0.3889|±  |0.0824|
|                                                                     |       |acc_norm_pmi  | 0.2222|±  |0.0703|
|lighteval:mlmm_hellaswag_ara_cf:5                                    |      0|acc_norm_token| 0.3280|±  |0.0149|
|                                                                     |       |acc_norm      | 0.3190|±  |0.0147|
|lighteval:mlmm_hellaswag_deu_cf:5                                    |      0|acc_norm_token| 0.3330|±  |0.0149|
|                                                                     |       |acc_norm      | 0.3430|±  |0.0150|
|lighteval:mlmm_hellaswag_fra_cf:5                                    |      0|acc_norm_token| 0.3510|±  |0.0151|
|                                                                     |       |acc_norm      | 0.3500|±  |0.0151|
|lighteval:mlmm_hellaswag_hin_cf:5                                    |      0|acc_norm_token| 0.2590|±  |0.0139|
|                                                                     |       |acc_norm      | 0.2530|±  |0.0138|
|lighteval:mlmm_hellaswag_ita_cf:5                                    |      0|acc_norm_token| 0.3510|±  |0.0151|
|                                                                     |       |acc_norm      | 0.3520|±  |0.0151|
|lighteval:mlmm_hellaswag_nld_cf:5                                    |      0|acc_norm_token| 0.3520|±  |0.0151|
|                                                                     |       |acc_norm      | 0.3380|±  |0.0150|
|lighteval:mlmm_hellaswag_por_cf:5                                    |      0|acc_norm_token| 0.3030|±  |0.0145|
|                                                                     |       |acc_norm      | 0.3080|±  |0.0146|
|lighteval:mlmm_hellaswag_rus_cf:5                                    |      0|acc_norm_token| 0.3360|±  |0.0149|
|                                                                     |       |acc_norm      | 0.3450|±  |0.0150|
|lighteval:mlmm_hellaswag_spa_cf:5                                    |      0|acc_norm_token| 0.3690|±  |0.0153|
|                                                                     |       |acc_norm      | 0.3710|±  |0.0153|
|lighteval:mlmm_hellaswag_swe_cf:5                                    |      0|acc_norm_token| 0.2730|±  |0.0141|
|                                                                     |       |acc_norm      | 0.2750|±  |0.0141|
|lighteval:mlmm_hellaswag_zho_cf:5                                    |      0|acc_norm_token| 0.2580|±  |0.0138|
|                                                                     |       |acc_norm      | 0.2630|±  |0.0139|
|lighteval:xcsqa_ara_cf:5                                             |      0|acc_norm_token| 0.2940|±  |0.0144|
|                                                                     |       |acc_norm      | 0.2710|±  |0.0141|
|                                                                     |       |acc_norm_pmi  | 0.3070|±  |0.0146|
|lighteval:xcsqa_deu_cf:5                                             |      0|acc_norm_token| 0.3038|±  |0.0146|
|                                                                     |       |acc_norm      | 0.3350|±  |0.0150|
|                                                                     |       |acc_norm_pmi  | 0.3632|±  |0.0153|
|lighteval:xcsqa_eng_cf:5                                             |      0|acc_norm_token| 0.3860|±  |0.0154|
|                                                                     |       |acc_norm      | 0.3750|±  |0.0153|
|                                                                     |       |acc_norm_pmi  | 0.3940|±  |0.0155|
|lighteval:xcsqa_fra_cf:5                                             |      0|acc_norm_token| 0.3000|±  |0.0145|
|                                                                     |       |acc_norm      | 0.3100|±  |0.0146|
|                                                                     |       |acc_norm_pmi  | 0.3370|±  |0.0150|
|lighteval:xcsqa_hin_cf:5                                             |      0|acc_norm_token| 0.2080|±  |0.0128|
|                                                                     |       |acc_norm      | 0.1940|±  |0.0125|
|                                                                     |       |acc_norm_pmi  | 0.2090|±  |0.0129|
|lighteval:xcsqa_ita_cf:5                                             |      0|acc_norm_token| 0.2945|±  |0.0145|
|                                                                     |       |acc_norm      | 0.3095|±  |0.0147|
|                                                                     |       |acc_norm_pmi  | 0.3477|±  |0.0151|
|lighteval:xcsqa_nld_cf:5                                             |      0|acc_norm_token| 0.3000|±  |0.0145|
|                                                                     |       |acc_norm      | 0.3100|±  |0.0146|
|                                                                     |       |acc_norm_pmi  | 0.3080|±  |0.0146|
|lighteval:xcsqa_por_cf:5                                             |      0|acc_norm_token| 0.2480|±  |0.0137|
|                                                                     |       |acc_norm      | 0.2590|±  |0.0139|
|                                                                     |       |acc_norm_pmi  | 0.2580|±  |0.0138|
|lighteval:xcsqa_rus_cf:5                                             |      0|acc_norm_token| 0.2819|±  |0.0143|
|                                                                     |       |acc_norm      | 0.2708|±  |0.0142|
|                                                                     |       |acc_norm_pmi  | 0.2911|±  |0.0145|
|lighteval:xcsqa_spa_cf:5                                             |      0|acc_norm_token| 0.3080|±  |0.0146|
|                                                                     |       |acc_norm      | 0.3100|±  |0.0146|
|                                                                     |       |acc_norm_pmi  | 0.3750|±  |0.0153|
|lighteval:xcsqa_zho_cf:5                                             |      0|acc_norm_token| 0.2170|±  |0.0130|
|                                                                     |       |acc_norm      | 0.2060|±  |0.0128|
|                                                                     |       |acc_norm_pmi  | 0.2110|±  |0.0129|

