Array task 46 / Model: /fnwi_fs/ivi/irlab/personal/saycock/multimerge/models/merged-10-checkpoints/checkpoint_0046000
Task: all | Lang: all
INFO 04-15 05:59:19 [__init__.py:235] Automatically detected platform cuda.
1
lighteval|belebele_arb_Arab_cf
lighteval|belebele_deu_Latn_cf
lighteval|belebele_eng_Latn_cf
lighteval|belebele_fra_Latn_cf
lighteval|belebele_hin_Deva_cf
lighteval|belebele_ita_Latn_cf
lighteval|belebele_nld_Latn_cf
lighteval|belebele_por_Latn_cf
lighteval|belebele_rus_Cyrl_cf
lighteval|belebele_spa_Latn_cf
lighteval|belebele_swe_Latn_cf
lighteval|belebele_tur_Latn_cf
lighteval|belebele_zho_Hans_cf
lighteval|xcsqa_ara_cf
lighteval|xcsqa_deu_cf
lighteval|xcsqa_eng_cf
lighteval|xcsqa_fra_cf
lighteval|xcsqa_hin_cf
lighteval|xcsqa_ita_cf
lighteval|xcsqa_nld_cf
lighteval|xcsqa_por_cf
lighteval|xcsqa_rus_cf
lighteval|xcsqa_spa_cf
None
None
lighteval|xcsqa_zho_cf
lighteval|mlmm_hellaswag_ara_cf
lighteval|mlmm_hellaswag_deu_cf
leaderboard|hellaswag
lighteval|mlmm_hellaswag_fra_cf
lighteval|mlmm_hellaswag_hin_cf
lighteval|mlmm_hellaswag_ita_cf
lighteval|mlmm_hellaswag_nld_cf
lighteval|mlmm_hellaswag_por_cf
lighteval|mlmm_hellaswag_rus_cf
lighteval|mlmm_hellaswag_spa_cf
lighteval|mlmm_hellaswag_swe_cf
lighteval|community_hellaswag_tur_cf
lighteval|mlmm_hellaswag_zho_cf
lighteval|flores200:eng_Latn-arb_Arab
lighteval|flores200:eng_Latn-deu_Latn
lighteval|flores200:fra_Latn-eng_Latn
lighteval|flores200:eng_Latn-fra_Latn
lighteval|flores200:eng_Latn-hin_Deva
lighteval|flores200:eng_Latn-ita_Latn
lighteval|flores200:eng_Latn-nld_Latn
lighteval|flores200:eng_Latn-por_Latn
lighteval|flores200:eng_Latn-rus_Cyrl
lighteval|flores200:eng_Latn-spa_Latn
lighteval|flores200:eng_Latn-swe_Latn
lighteval|flores200:eng_Latn-tur_Latn
lighteval|flores200:eng_Latn-zho_Hans
lighteval|global_mmlu_ca_ara_cf
lighteval|global_mmlu_ca_deu_cf
lighteval|global_mmlu_ca_eng_cf
lighteval|global_mmlu_ca_fra_cf
lighteval|global_mmlu_ca_hin_cf
lighteval|global_mmlu_ca_ita_cf
lighteval|global_mmlu_ca_nld_cf
lighteval|global_mmlu_ca_por_cf
lighteval|global_mmlu_ca_rus_cf
lighteval|global_mmlu_ca_spa_cf
lighteval|global_mmlu_ca_swe_cf
lighteval|global_mmlu_ca_tur_cf
lighteval|global_mmlu_ca_zho_cf
|                                Task                                 |Version|    Metric    |Value |   |Stderr|
|---------------------------------------------------------------------|------:|--------------|-----:|---|-----:|
|all                                                                  |       |acc           |0.2630|±  |0.0139|
|                                                                     |       |acc_norm      |0.2526|±  |0.0808|
|                                                                     |       |acc_norm_token|0.2444|±  |0.0725|
|                                                                     |       |acc_norm_pmi  |0.2341|±  |0.0714|
|                                                                     |       |chrf++        |2.0373|±  |0.0097|
|                                                                     |       |bleu          |0.0000|±  |0.0000|
|                                                                     |       |bleu_1        |0.0000|±  |0.0000|
|                                                                     |       |bleu_4        |0.0000|±  |0.0000|
|leaderboard:hellaswag:5                                              |      0|acc           |0.2630|±  |0.0139|
|                                                                     |       |acc_norm      |0.2560|±  |0.0138|
|lighteval:belebele_arb_Arab_cf:5                                     |      0|acc_norm_token|0.2278|±  |0.0140|
|                                                                     |       |acc_norm      |0.2456|±  |0.0144|
|lighteval:belebele_deu_Latn_cf:5                                     |      0|acc_norm_token|0.2589|±  |0.0146|
|                                                                     |       |acc_norm      |0.2167|±  |0.0137|
|lighteval:belebele_eng_Latn_cf:5                                     |      0|acc_norm_token|0.2544|±  |0.0145|
|                                                                     |       |acc_norm      |0.2456|±  |0.0144|
|lighteval:belebele_fra_Latn_cf:5                                     |      0|acc_norm_token|0.2322|±  |0.0141|
|                                                                     |       |acc_norm      |0.2344|±  |0.0141|
|lighteval:belebele_hin_Deva_cf:5                                     |      0|acc_norm_token|0.2333|±  |0.0141|
|                                                                     |       |acc_norm      |0.2511|±  |0.0145|
|lighteval:belebele_ita_Latn_cf:5                                     |      0|acc_norm_token|0.2333|±  |0.0141|
|                                                                     |       |acc_norm      |0.2711|±  |0.0148|
|lighteval:belebele_nld_Latn_cf:5                                     |      0|acc_norm_token|0.2400|±  |0.0142|
|                                                                     |       |acc_norm      |0.2500|±  |0.0144|
|lighteval:belebele_por_Latn_cf:5                                     |      0|acc_norm_token|0.2233|±  |0.0139|
|                                                                     |       |acc_norm      |0.2522|±  |0.0145|
|lighteval:belebele_rus_Cyrl_cf:5                                     |      0|acc_norm_token|0.2311|±  |0.0141|
|                                                                     |       |acc_norm      |0.2300|±  |0.0140|
|lighteval:belebele_spa_Latn_cf:5                                     |      0|acc_norm_token|0.2344|±  |0.0141|
|                                                                     |       |acc_norm      |0.2411|±  |0.0143|
|lighteval:belebele_swe_Latn_cf:5                                     |      0|acc_norm_token|0.2122|±  |0.0136|
|                                                                     |       |acc_norm      |0.2189|±  |0.0138|
|lighteval:belebele_tur_Latn_cf:5                                     |      0|acc_norm_token|0.1989|±  |0.0133|
|                                                                     |       |acc_norm      |0.2333|±  |0.0141|
|lighteval:belebele_zho_Hans_cf:5                                     |      0|acc_norm_token|0.2444|±  |0.0143|
|                                                                     |       |acc_norm      |0.2267|±  |0.0140|
|lighteval:community_hellaswag_tur_cf:5                               |      0|acc_norm_token|0.2950|±  |0.0144|
|                                                                     |       |acc_norm      |0.2520|±  |0.0137|
|lighteval:flores200:_average:5                                       |       |chrf++        |2.0373|±  |0.0097|
|                                                                     |       |bleu          |0.0000|±  |0.0000|
|                                                                     |       |bleu_1        |0.0000|±  |0.0000|
|                                                                     |       |bleu_4        |0.0000|±  |0.0000|
|lighteval:flores200:eng_Latn-arb_Arab:5                              |      0|chrf++        |1.8701|±  |0.0098|
|                                                                     |       |bleu          |0.0000|±  |0.0000|
|                                                                     |       |bleu_1        |0.0000|±  |0.0000|
|                                                                     |       |bleu_4        |0.0000|±  |0.0000|
|lighteval:flores200:eng_Latn-deu_Latn:5                              |      0|chrf++        |1.7925|±  |0.0076|
|                                                                     |       |bleu          |0.0000|±  |0.0000|
|                                                                     |       |bleu_1        |0.0000|±  |0.0000|
|                                                                     |       |bleu_4        |0.0000|±  |0.0000|
|lighteval:flores200:eng_Latn-fra_Latn:5                              |      0|chrf++        |3.0272|±  |0.0159|
|                                                                     |       |bleu          |0.0000|±  |0.0000|
|                                                                     |       |bleu_1        |0.0000|±  |0.0000|
|                                                                     |       |bleu_4        |0.0000|±  |0.0000|
|lighteval:flores200:eng_Latn-hin_Deva:5                              |      0|chrf++        |1.8142|±  |0.0081|
|                                                                     |       |bleu          |0.0000|±  |0.0000|
|                                                                     |       |bleu_1        |0.0000|±  |0.0000|
|                                                                     |       |bleu_4        |0.0000|±  |0.0000|
|lighteval:flores200:eng_Latn-ita_Latn:5                              |      0|chrf++        |1.8835|±  |0.0062|
|                                                                     |       |bleu          |0.0000|±  |0.0000|
|                                                                     |       |bleu_1        |0.0000|±  |0.0000|
|                                                                     |       |bleu_4        |0.0000|±  |0.0000|
|lighteval:flores200:eng_Latn-nld_Latn:5                              |      0|chrf++        |2.0264|±  |0.0096|
|                                                                     |       |bleu          |0.0000|±  |0.0000|
|                                                                     |       |bleu_1        |0.0000|±  |0.0000|
|                                                                     |       |bleu_4        |0.0000|±  |0.0000|
|lighteval:flores200:eng_Latn-por_Latn:5                              |      0|chrf++        |1.6558|±  |0.0085|
|                                                                     |       |bleu          |0.0000|±  |0.0000|
|                                                                     |       |bleu_1        |0.0000|±  |0.0000|
|                                                                     |       |bleu_4        |0.0000|±  |0.0000|
|lighteval:flores200:eng_Latn-rus_Cyrl:5                              |      0|chrf++        |2.0638|±  |0.0108|
|                                                                     |       |bleu          |0.0000|±  |0.0000|
|                                                                     |       |bleu_1        |0.0000|±  |0.0000|
|                                                                     |       |bleu_4        |0.0000|±  |0.0000|
|lighteval:flores200:eng_Latn-spa_Latn:5                              |      0|chrf++        |2.3072|±  |0.0122|
|                                                                     |       |bleu          |0.0000|±  |0.0000|
|                                                                     |       |bleu_1        |0.0000|±  |0.0000|
|                                                                     |       |bleu_4        |0.0000|±  |0.0000|
|lighteval:flores200:eng_Latn-swe_Latn:5                              |      0|chrf++        |2.2690|±  |0.0100|
|                                                                     |       |bleu          |0.0000|±  |0.0000|
|                                                                     |       |bleu_1        |0.0000|±  |0.0000|
|                                                                     |       |bleu_4        |0.0000|±  |0.0000|
|lighteval:flores200:eng_Latn-tur_Latn:5                              |      0|chrf++        |1.8577|±  |0.0070|
|                                                                     |       |bleu          |0.0000|±  |0.0000|
|                                                                     |       |bleu_1        |0.0000|±  |0.0000|
|                                                                     |       |bleu_4        |0.0000|±  |0.0000|
|lighteval:flores200:eng_Latn-zho_Hans:5                              |      0|chrf++        |1.7691|±  |0.0091|
|                                                                     |       |bleu          |0.0000|±  |0.0000|
|                                                                     |       |bleu_1        |0.0000|±  |0.0000|
|                                                                     |       |bleu_4        |0.0000|±  |0.0000|
|lighteval:flores200:fra_Latn-eng_Latn:5                              |      0|chrf++        |2.1483|±  |0.0116|
|                                                                     |       |bleu          |0.0000|±  |0.0000|
|                                                                     |       |bleu_1        |0.0000|±  |0.0000|
|                                                                     |       |bleu_4        |0.0000|±  |0.0000|
|lighteval:global_mmlu_ca_ara_cf:_average:5                           |       |acc_norm_token|0.2359|±  |0.0668|
|                                                                     |       |acc_norm      |0.2269|±  |0.0743|
|                                                                     |       |acc_norm_pmi  |0.2351|±  |0.0725|
|lighteval:global_mmlu_ca_ara_cf:college_biology:5                    |      0|acc_norm_token|0.3061|±  |0.0665|
|                                                                     |       |acc_norm      |0.1837|±  |0.0559|
|                                                                     |       |acc_norm_pmi  |0.1837|±  |0.0559|
|lighteval:global_mmlu_ca_ara_cf:college_chemistry:5                  |      0|acc_norm_token|0.1667|±  |0.0544|
|                                                                     |       |acc_norm      |0.1875|±  |0.0569|
|                                                                     |       |acc_norm_pmi  |0.2708|±  |0.0648|
|lighteval:global_mmlu_ca_ara_cf:college_computer_science:5           |      0|acc_norm_token|0.3200|±  |0.0666|
|                                                                     |       |acc_norm      |0.3000|±  |0.0655|
|                                                                     |       |acc_norm_pmi  |0.2800|±  |0.0641|
|lighteval:global_mmlu_ca_ara_cf:college_mathematics:5                |      0|acc_norm_token|0.3061|±  |0.0665|
|                                                                     |       |acc_norm      |0.2041|±  |0.0582|
|                                                                     |       |acc_norm_pmi  |0.3061|±  |0.0665|
|lighteval:global_mmlu_ca_ara_cf:college_medicine:5                   |      0|acc_norm_token|0.1837|±  |0.0559|
|                                                                     |       |acc_norm      |0.1429|±  |0.0505|
|                                                                     |       |acc_norm_pmi  |0.2245|±  |0.0602|
|lighteval:global_mmlu_ca_ara_cf:college_physics:5                    |      0|acc_norm_token|0.3878|±  |0.0703|
|                                                                     |       |acc_norm      |0.2653|±  |0.0637|
|                                                                     |       |acc_norm_pmi  |0.2449|±  |0.0621|
|lighteval:global_mmlu_ca_ara_cf:high_school_biology:5                |      0|acc_norm_token|0.3400|±  |0.0677|
|                                                                     |       |acc_norm      |0.2400|±  |0.0610|
|                                                                     |       |acc_norm_pmi  |0.2600|±  |0.0627|
|lighteval:global_mmlu_ca_ara_cf:high_school_chemistry:5              |      0|acc_norm_token|0.2083|±  |0.0592|
|                                                                     |       |acc_norm      |0.2500|±  |0.0632|
|                                                                     |       |acc_norm_pmi  |0.2500|±  |0.0632|
|lighteval:global_mmlu_ca_ara_cf:high_school_computer_science:5       |      0|acc_norm_token|0.1429|±  |0.0505|
|                                                                     |       |acc_norm      |0.3061|±  |0.0665|
|                                                                     |       |acc_norm_pmi  |0.3265|±  |0.0677|
|lighteval:global_mmlu_ca_ara_cf:high_school_european_history:5       |      0|acc_norm_token|0.3571|±  |0.1329|
|                                                                     |       |acc_norm      |0.2143|±  |0.1138|
|                                                                     |       |acc_norm_pmi  |0.1429|±  |0.0971|
|lighteval:global_mmlu_ca_ara_cf:high_school_geography:5              |      0|acc_norm_token|0.3846|±  |0.0973|
|                                                                     |       |acc_norm      |0.1538|±  |0.0722|
|                                                                     |       |acc_norm_pmi  |0.2308|±  |0.0843|
|lighteval:global_mmlu_ca_ara_cf:high_school_government_and_politics:5|      0|acc_norm_token|0.0000|±  |0.0000|
|                                                                     |       |acc_norm      |0.0000|±  |0.0000|
|                                                                     |       |acc_norm_pmi  |0.0000|±  |0.0000|
|lighteval:global_mmlu_ca_ara_cf:high_school_macroeconomics:5         |      0|acc_norm_token|0.2500|±  |0.0693|
|                                                                     |       |acc_norm      |0.2750|±  |0.0715|
|                                                                     |       |acc_norm_pmi  |0.1000|±  |0.0480|
|lighteval:global_mmlu_ca_ara_cf:high_school_mathematics:5            |      0|acc_norm_token|0.1429|±  |0.0505|
|                                                                     |       |acc_norm      |0.1633|±  |0.0533|
|                                                                     |       |acc_norm_pmi  |0.1429|±  |0.0505|
|lighteval:global_mmlu_ca_ara_cf:high_school_microeconomics:5         |      0|acc_norm_token|0.2245|±  |0.0602|
|                                                                     |       |acc_norm      |0.2857|±  |0.0652|
|                                                                     |       |acc_norm_pmi  |0.2857|±  |0.0652|
|lighteval:global_mmlu_ca_ara_cf:high_school_physics:5                |      0|acc_norm_token|0.1860|±  |0.0600|
|                                                                     |       |acc_norm      |0.2558|±  |0.0673|
|                                                                     |       |acc_norm_pmi  |0.3488|±  |0.0735|
|lighteval:global_mmlu_ca_ara_cf:high_school_psychology:5             |      0|acc_norm_token|0.2222|±  |0.0703|
|                                                                     |       |acc_norm      |0.2222|±  |0.0703|
|                                                                     |       |acc_norm_pmi  |0.2778|±  |0.0757|
|lighteval:global_mmlu_ca_ara_cf:high_school_statistics:5             |      0|acc_norm_token|0.2609|±  |0.0655|
|                                                                     |       |acc_norm      |0.3261|±  |0.0699|
|                                                                     |       |acc_norm_pmi  |0.3478|±  |0.0710|
|lighteval:global_mmlu_ca_ara_cf:high_school_us_history:5             |      0|acc_norm_token|0.0000|±  |0.0000|
|                                                                     |       |acc_norm      |0.4000|±  |0.2449|
|                                                                     |       |acc_norm_pmi  |0.4000|±  |0.2449|
|lighteval:global_mmlu_ca_ara_cf:high_school_world_history:5          |      0|acc_norm_token|0.4000|±  |0.1309|
|                                                                     |       |acc_norm      |0.1333|±  |0.0909|
|                                                                     |       |acc_norm_pmi  |0.0667|±  |0.0667|
|lighteval:global_mmlu_ca_ara_cf:professional_accounting:5            |      0|acc_norm_token|0.2500|±  |0.0732|
|                                                                     |       |acc_norm      |0.3056|±  |0.0779|
|                                                                     |       |acc_norm_pmi  |0.3056|±  |0.0779|
|lighteval:global_mmlu_ca_ara_cf:professional_law:5                   |      0|acc_norm_token|0.1538|±  |0.1042|
|                                                                     |       |acc_norm      |0.2308|±  |0.1216|
|                                                                     |       |acc_norm_pmi  |0.0769|±  |0.0769|
|lighteval:global_mmlu_ca_ara_cf:professional_medicine:5              |      0|acc_norm_token|0.2449|±  |0.0621|
|                                                                     |       |acc_norm      |0.1224|±  |0.0473|
|                                                                     |       |acc_norm_pmi  |0.2653|±  |0.0637|
|lighteval:global_mmlu_ca_ara_cf:professional_psychology:5            |      0|acc_norm_token|0.2222|±  |0.0703|
|                                                                     |       |acc_norm      |0.2778|±  |0.0757|
|                                                                     |       |acc_norm_pmi  |0.3056|±  |0.0779|
|lighteval:global_mmlu_ca_deu_cf:_average:5                           |       |acc_norm_token|0.2332|±  |0.0732|
|                                                                     |       |acc_norm      |0.2629|±  |0.0966|
|                                                                     |       |acc_norm_pmi  |0.2607|±  |0.0771|
|lighteval:global_mmlu_ca_deu_cf:college_biology:5                    |      0|acc_norm_token|0.2857|±  |0.0652|
|                                                                     |       |acc_norm      |0.2449|±  |0.0621|
|                                                                     |       |acc_norm_pmi  |0.2449|±  |0.0621|
|lighteval:global_mmlu_ca_deu_cf:college_chemistry:5                  |      0|acc_norm_token|0.2245|±  |0.0602|
|                                                                     |       |acc_norm      |0.2245|±  |0.0602|
|                                                                     |       |acc_norm_pmi  |0.2449|±  |0.0621|
|lighteval:global_mmlu_ca_deu_cf:college_computer_science:5           |      0|acc_norm_token|0.2800|±  |0.0641|
|                                                                     |       |acc_norm      |0.2200|±  |0.0592|
|                                                                     |       |acc_norm_pmi  |0.2600|±  |0.0627|
|lighteval:global_mmlu_ca_deu_cf:college_mathematics:5                |      0|acc_norm_token|0.2449|±  |0.0621|
|                                                                     |       |acc_norm      |0.1837|±  |0.0559|
|                                                                     |       |acc_norm_pmi  |0.2653|±  |0.0637|
|lighteval:global_mmlu_ca_deu_cf:college_medicine:5                   |      0|acc_norm_token|0.2449|±  |0.0621|
|                                                                     |       |acc_norm      |0.2653|±  |0.0637|
|                                                                     |       |acc_norm_pmi  |0.2653|±  |0.0637|
|lighteval:global_mmlu_ca_deu_cf:college_physics:5                    |      0|acc_norm_token|0.4000|±  |0.0700|
|                                                                     |       |acc_norm      |0.2400|±  |0.0610|
|                                                                     |       |acc_norm_pmi  |0.2200|±  |0.0592|
|lighteval:global_mmlu_ca_deu_cf:high_school_biology:5                |      0|acc_norm_token|0.3000|±  |0.0655|
|                                                                     |       |acc_norm      |0.2200|±  |0.0592|
|                                                                     |       |acc_norm_pmi  |0.3200|±  |0.0666|
|lighteval:global_mmlu_ca_deu_cf:high_school_chemistry:5              |      0|acc_norm_token|0.2857|±  |0.0652|
|                                                                     |       |acc_norm      |0.2653|±  |0.0637|
|                                                                     |       |acc_norm_pmi  |0.2245|±  |0.0602|
|lighteval:global_mmlu_ca_deu_cf:high_school_computer_science:5       |      0|acc_norm_token|0.1633|±  |0.0533|
|                                                                     |       |acc_norm      |0.2653|±  |0.0637|
|                                                                     |       |acc_norm_pmi  |0.2449|±  |0.0621|
|lighteval:global_mmlu_ca_deu_cf:high_school_european_history:5       |      0|acc_norm_token|0.2857|±  |0.1253|
|                                                                     |       |acc_norm      |0.3571|±  |0.1329|
|                                                                     |       |acc_norm_pmi  |0.2143|±  |0.1138|
|lighteval:global_mmlu_ca_deu_cf:high_school_geography:5              |      0|acc_norm_token|0.1154|±  |0.0639|
|                                                                     |       |acc_norm      |0.2692|±  |0.0887|
|                                                                     |       |acc_norm_pmi  |0.2308|±  |0.0843|
|lighteval:global_mmlu_ca_deu_cf:high_school_government_and_politics:5|      0|acc_norm_token|0.0000|±  |0.0000|
|                                                                     |       |acc_norm      |0.5000|±  |0.5000|
|                                                                     |       |acc_norm_pmi  |0.0000|±  |0.0000|
|lighteval:global_mmlu_ca_deu_cf:high_school_macroeconomics:5         |      0|acc_norm_token|0.2750|±  |0.0715|
|                                                                     |       |acc_norm      |0.2500|±  |0.0693|
|                                                                     |       |acc_norm_pmi  |0.3250|±  |0.0750|
|lighteval:global_mmlu_ca_deu_cf:high_school_mathematics:5            |      0|acc_norm_token|0.1837|±  |0.0559|
|                                                                     |       |acc_norm      |0.1837|±  |0.0559|
|                                                                     |       |acc_norm_pmi  |0.1837|±  |0.0559|
|lighteval:global_mmlu_ca_deu_cf:high_school_microeconomics:5         |      0|acc_norm_token|0.1020|±  |0.0437|
|                                                                     |       |acc_norm      |0.2857|±  |0.0652|
|                                                                     |       |acc_norm_pmi  |0.3265|±  |0.0677|
|lighteval:global_mmlu_ca_deu_cf:high_school_physics:5                |      0|acc_norm_token|0.3409|±  |0.0723|
|                                                                     |       |acc_norm      |0.1591|±  |0.0558|
|                                                                     |       |acc_norm_pmi  |0.3636|±  |0.0734|
|lighteval:global_mmlu_ca_deu_cf:high_school_psychology:5             |      0|acc_norm_token|0.2500|±  |0.0732|
|                                                                     |       |acc_norm      |0.3611|±  |0.0812|
|                                                                     |       |acc_norm_pmi  |0.1667|±  |0.0630|
|lighteval:global_mmlu_ca_deu_cf:high_school_statistics:5             |      0|acc_norm_token|0.2826|±  |0.0671|
|                                                                     |       |acc_norm      |0.3261|±  |0.0699|
|                                                                     |       |acc_norm_pmi  |0.4130|±  |0.0734|
|lighteval:global_mmlu_ca_deu_cf:high_school_us_history:5             |      0|acc_norm_token|0.2000|±  |0.2000|
|                                                                     |       |acc_norm      |0.2000|±  |0.2000|
|                                                                     |       |acc_norm_pmi  |0.4000|±  |0.2449|
|lighteval:global_mmlu_ca_deu_cf:high_school_world_history:5          |      0|acc_norm_token|0.3333|±  |0.1260|
|                                                                     |       |acc_norm      |0.2000|±  |0.1069|
|                                                                     |       |acc_norm_pmi  |0.4667|±  |0.1333|
|lighteval:global_mmlu_ca_deu_cf:professional_accounting:5            |      0|acc_norm_token|0.1111|±  |0.0531|
|                                                                     |       |acc_norm      |0.2500|±  |0.0732|
|                                                                     |       |acc_norm_pmi  |0.0556|±  |0.0387|
|lighteval:global_mmlu_ca_deu_cf:professional_law:5                   |      0|acc_norm_token|0.1538|±  |0.1042|
|                                                                     |       |acc_norm      |0.3077|±  |0.1332|
|                                                                     |       |acc_norm_pmi  |0.3077|±  |0.1332|
|lighteval:global_mmlu_ca_deu_cf:professional_medicine:5              |      0|acc_norm_token|0.3673|±  |0.0696|
|                                                                     |       |acc_norm      |0.2245|±  |0.0602|
|                                                                     |       |acc_norm_pmi  |0.3469|±  |0.0687|
|lighteval:global_mmlu_ca_deu_cf:professional_psychology:5            |      0|acc_norm_token|0.1667|±  |0.0630|
|                                                                     |       |acc_norm      |0.3056|±  |0.0779|
|                                                                     |       |acc_norm_pmi  |0.1667|±  |0.0630|
|lighteval:global_mmlu_ca_eng_cf:_average:5                           |       |acc_norm_token|0.2368|±  |0.0756|
|                                                                     |       |acc_norm      |0.2302|±  |0.0819|
|                                                                     |       |acc_norm_pmi  |0.2257|±  |0.0651|
|lighteval:global_mmlu_ca_eng_cf:college_biology:5                    |      0|acc_norm_token|0.2245|±  |0.0602|
|                                                                     |       |acc_norm      |0.1837|±  |0.0559|
|                                                                     |       |acc_norm_pmi  |0.1837|±  |0.0559|
|lighteval:global_mmlu_ca_eng_cf:college_chemistry:5                  |      0|acc_norm_token|0.2653|±  |0.0637|
|                                                                     |       |acc_norm      |0.2041|±  |0.0582|
|                                                                     |       |acc_norm_pmi  |0.2245|±  |0.0602|
|lighteval:global_mmlu_ca_eng_cf:college_computer_science:5           |      0|acc_norm_token|0.1600|±  |0.0524|
|                                                                     |       |acc_norm      |0.1200|±  |0.0464|
|                                                                     |       |acc_norm_pmi  |0.1600|±  |0.0524|
|lighteval:global_mmlu_ca_eng_cf:college_mathematics:5                |      0|acc_norm_token|0.2857|±  |0.0652|
|                                                                     |       |acc_norm      |0.1837|±  |0.0559|
|                                                                     |       |acc_norm_pmi  |0.1633|±  |0.0533|
|lighteval:global_mmlu_ca_eng_cf:college_medicine:5                   |      0|acc_norm_token|0.2041|±  |0.0582|
|                                                                     |       |acc_norm      |0.2653|±  |0.0637|
|                                                                     |       |acc_norm_pmi  |0.2449|±  |0.0621|
|lighteval:global_mmlu_ca_eng_cf:college_physics:5                    |      0|acc_norm_token|0.3400|±  |0.0677|
|                                                                     |       |acc_norm      |0.2400|±  |0.0610|
|                                                                     |       |acc_norm_pmi  |0.3000|±  |0.0655|
|lighteval:global_mmlu_ca_eng_cf:high_school_biology:5                |      0|acc_norm_token|0.2400|±  |0.0610|
|                                                                     |       |acc_norm      |0.2200|±  |0.0592|
|                                                                     |       |acc_norm_pmi  |0.2600|±  |0.0627|
|lighteval:global_mmlu_ca_eng_cf:high_school_chemistry:5              |      0|acc_norm_token|0.3061|±  |0.0665|
|                                                                     |       |acc_norm      |0.2857|±  |0.0652|
|                                                                     |       |acc_norm_pmi  |0.3061|±  |0.0665|
|lighteval:global_mmlu_ca_eng_cf:high_school_computer_science:5       |      0|acc_norm_token|0.1837|±  |0.0559|
|                                                                     |       |acc_norm      |0.3265|±  |0.0677|
|                                                                     |       |acc_norm_pmi  |0.2857|±  |0.0652|
|lighteval:global_mmlu_ca_eng_cf:high_school_european_history:5       |      0|acc_norm_token|0.2857|±  |0.1253|
|                                                                     |       |acc_norm      |0.0714|±  |0.0714|
|                                                                     |       |acc_norm_pmi  |0.1429|±  |0.0971|
|lighteval:global_mmlu_ca_eng_cf:high_school_geography:5              |      0|acc_norm_token|0.1923|±  |0.0788|
|                                                                     |       |acc_norm      |0.0000|±  |0.0000|
|                                                                     |       |acc_norm_pmi  |0.3846|±  |0.0973|
|lighteval:global_mmlu_ca_eng_cf:high_school_government_and_politics:5|      0|acc_norm_token|0.0000|±  |0.0000|
|                                                                     |       |acc_norm      |0.5000|±  |0.5000|
|                                                                     |       |acc_norm_pmi  |0.0000|±  |0.0000|
|lighteval:global_mmlu_ca_eng_cf:high_school_macroeconomics:5         |      0|acc_norm_token|0.2750|±  |0.0715|
|                                                                     |       |acc_norm      |0.3250|±  |0.0750|
|                                                                     |       |acc_norm_pmi  |0.3500|±  |0.0764|
|lighteval:global_mmlu_ca_eng_cf:high_school_mathematics:5            |      0|acc_norm_token|0.1429|±  |0.0505|
|                                                                     |       |acc_norm      |0.1429|±  |0.0505|
|                                                                     |       |acc_norm_pmi  |0.1429|±  |0.0505|
|lighteval:global_mmlu_ca_eng_cf:high_school_microeconomics:5         |      0|acc_norm_token|0.2653|±  |0.0637|
|                                                                     |       |acc_norm      |0.2857|±  |0.0652|
|                                                                     |       |acc_norm_pmi  |0.1837|±  |0.0559|
|lighteval:global_mmlu_ca_eng_cf:high_school_physics:5                |      0|acc_norm_token|0.2045|±  |0.0615|
|                                                                     |       |acc_norm      |0.2273|±  |0.0639|
|                                                                     |       |acc_norm_pmi  |0.3636|±  |0.0734|
|lighteval:global_mmlu_ca_eng_cf:high_school_psychology:5             |      0|acc_norm_token|0.2500|±  |0.0732|
|                                                                     |       |acc_norm      |0.3056|±  |0.0779|
|                                                                     |       |acc_norm_pmi  |0.2222|±  |0.0703|
|lighteval:global_mmlu_ca_eng_cf:high_school_statistics:5             |      0|acc_norm_token|0.3043|±  |0.0686|
|                                                                     |       |acc_norm      |0.2826|±  |0.0671|
|                                                                     |       |acc_norm_pmi  |0.3696|±  |0.0720|
|lighteval:global_mmlu_ca_eng_cf:high_school_us_history:5             |      0|acc_norm_token|0.4000|±  |0.2449|
|                                                                     |       |acc_norm      |0.0000|±  |0.0000|
|                                                                     |       |acc_norm_pmi  |0.0000|±  |0.0000|
|lighteval:global_mmlu_ca_eng_cf:high_school_world_history:5          |      0|acc_norm_token|0.3333|±  |0.1260|
|                                                                     |       |acc_norm      |0.2667|±  |0.1182|
|                                                                     |       |acc_norm_pmi  |0.2667|±  |0.1182|
|lighteval:global_mmlu_ca_eng_cf:professional_accounting:5            |      0|acc_norm_token|0.1944|±  |0.0669|
|                                                                     |       |acc_norm      |0.2222|±  |0.0703|
|                                                                     |       |acc_norm_pmi  |0.2500|±  |0.0732|
|lighteval:global_mmlu_ca_eng_cf:professional_law:5                   |      0|acc_norm_token|0.1538|±  |0.1042|
|                                                                     |       |acc_norm      |0.3077|±  |0.1332|
|                                                                     |       |acc_norm_pmi  |0.1538|±  |0.1042|
|lighteval:global_mmlu_ca_eng_cf:professional_medicine:5              |      0|acc_norm_token|0.3061|±  |0.0665|
|                                                                     |       |acc_norm      |0.2245|±  |0.0602|
|                                                                     |       |acc_norm_pmi  |0.2653|±  |0.0637|
|lighteval:global_mmlu_ca_eng_cf:professional_psychology:5            |      0|acc_norm_token|0.1667|±  |0.0630|
|                                                                     |       |acc_norm      |0.3333|±  |0.0797|
|                                                                     |       |acc_norm_pmi  |0.1944|±  |0.0669|
|lighteval:global_mmlu_ca_fra_cf:_average:5                           |       |acc_norm_token|0.2503|±  |0.0953|
|                                                                     |       |acc_norm      |0.2490|±  |0.0864|
|                                                                     |       |acc_norm_pmi  |0.2318|±  |0.0849|
|lighteval:global_mmlu_ca_fra_cf:college_biology:5                    |      0|acc_norm_token|0.2653|±  |0.0637|
|                                                                     |       |acc_norm      |0.1837|±  |0.0559|
|                                                                     |       |acc_norm_pmi  |0.1633|±  |0.0533|
|lighteval:global_mmlu_ca_fra_cf:college_chemistry:5                  |      0|acc_norm_token|0.2857|±  |0.0652|
|                                                                     |       |acc_norm      |0.2041|±  |0.0582|
|                                                                     |       |acc_norm_pmi  |0.2449|±  |0.0621|
|lighteval:global_mmlu_ca_fra_cf:college_computer_science:5           |      0|acc_norm_token|0.2000|±  |0.0571|
|                                                                     |       |acc_norm      |0.2400|±  |0.0610|
|                                                                     |       |acc_norm_pmi  |0.2200|±  |0.0592|
|lighteval:global_mmlu_ca_fra_cf:college_mathematics:5                |      0|acc_norm_token|0.2857|±  |0.0652|
|                                                                     |       |acc_norm      |0.1633|±  |0.0533|
|                                                                     |       |acc_norm_pmi  |0.1837|±  |0.0559|
|lighteval:global_mmlu_ca_fra_cf:college_medicine:5                   |      0|acc_norm_token|0.1429|±  |0.0505|
|                                                                     |       |acc_norm      |0.2245|±  |0.0602|
|                                                                     |       |acc_norm_pmi  |0.2041|±  |0.0582|
|lighteval:global_mmlu_ca_fra_cf:college_physics:5                    |      0|acc_norm_token|0.2800|±  |0.0641|
|                                                                     |       |acc_norm      |0.2400|±  |0.0610|
|                                                                     |       |acc_norm_pmi  |0.2600|±  |0.0627|
|lighteval:global_mmlu_ca_fra_cf:high_school_biology:5                |      0|acc_norm_token|0.2600|±  |0.0627|
|                                                                     |       |acc_norm      |0.2800|±  |0.0641|
|                                                                     |       |acc_norm_pmi  |0.3400|±  |0.0677|
|lighteval:global_mmlu_ca_fra_cf:high_school_chemistry:5              |      0|acc_norm_token|0.2653|±  |0.0637|
|                                                                     |       |acc_norm      |0.3265|±  |0.0677|
|                                                                     |       |acc_norm_pmi  |0.1633|±  |0.0533|
|lighteval:global_mmlu_ca_fra_cf:high_school_computer_science:5       |      0|acc_norm_token|0.1633|±  |0.0533|
|                                                                     |       |acc_norm      |0.2653|±  |0.0637|
|                                                                     |       |acc_norm_pmi  |0.2245|±  |0.0602|
|lighteval:global_mmlu_ca_fra_cf:high_school_european_history:5       |      0|acc_norm_token|0.1429|±  |0.0971|
|                                                                     |       |acc_norm      |0.4286|±  |0.1373|
|                                                                     |       |acc_norm_pmi  |0.2143|±  |0.1138|
|lighteval:global_mmlu_ca_fra_cf:high_school_geography:5              |      0|acc_norm_token|0.3077|±  |0.0923|
|                                                                     |       |acc_norm      |0.2308|±  |0.0843|
|                                                                     |       |acc_norm_pmi  |0.2692|±  |0.0887|
|lighteval:global_mmlu_ca_fra_cf:high_school_government_and_politics:5|      0|acc_norm_token|0.5000|±  |0.5000|
|                                                                     |       |acc_norm      |0.5000|±  |0.5000|
|                                                                     |       |acc_norm_pmi  |0.5000|±  |0.5000|
|lighteval:global_mmlu_ca_fra_cf:high_school_macroeconomics:5         |      0|acc_norm_token|0.2250|±  |0.0669|
|                                                                     |       |acc_norm      |0.2250|±  |0.0669|
|                                                                     |       |acc_norm_pmi  |0.2500|±  |0.0693|
|lighteval:global_mmlu_ca_fra_cf:high_school_mathematics:5            |      0|acc_norm_token|0.1633|±  |0.0533|
|                                                                     |       |acc_norm      |0.1429|±  |0.0505|
|                                                                     |       |acc_norm_pmi  |0.1020|±  |0.0437|
|lighteval:global_mmlu_ca_fra_cf:high_school_microeconomics:5         |      0|acc_norm_token|0.1633|±  |0.0533|
|                                                                     |       |acc_norm      |0.2449|±  |0.0621|
|                                                                     |       |acc_norm_pmi  |0.1429|±  |0.0505|
|lighteval:global_mmlu_ca_fra_cf:high_school_physics:5                |      0|acc_norm_token|0.4318|±  |0.0755|
|                                                                     |       |acc_norm      |0.3636|±  |0.0734|
|                                                                     |       |acc_norm_pmi  |0.3864|±  |0.0743|
|lighteval:global_mmlu_ca_fra_cf:high_school_psychology:5             |      0|acc_norm_token|0.2222|±  |0.0703|
|                                                                     |       |acc_norm      |0.3333|±  |0.0797|
|                                                                     |       |acc_norm_pmi  |0.2500|±  |0.0732|
|lighteval:global_mmlu_ca_fra_cf:high_school_statistics:5             |      0|acc_norm_token|0.2174|±  |0.0615|
|                                                                     |       |acc_norm      |0.3261|±  |0.0699|
|                                                                     |       |acc_norm_pmi  |0.3913|±  |0.0728|
|lighteval:global_mmlu_ca_fra_cf:high_school_us_history:5             |      0|acc_norm_token|0.4000|±  |0.2449|
|                                                                     |       |acc_norm      |0.0000|±  |0.0000|
|                                                                     |       |acc_norm_pmi  |0.0000|±  |0.0000|
|lighteval:global_mmlu_ca_fra_cf:high_school_world_history:5          |      0|acc_norm_token|0.2000|±  |0.1069|
|                                                                     |       |acc_norm      |0.1333|±  |0.0909|
|                                                                     |       |acc_norm_pmi  |0.2667|±  |0.1182|
|lighteval:global_mmlu_ca_fra_cf:professional_accounting:5            |      0|acc_norm_token|0.1667|±  |0.0630|
|                                                                     |       |acc_norm      |0.2222|±  |0.0703|
|                                                                     |       |acc_norm_pmi  |0.2222|±  |0.0703|
|lighteval:global_mmlu_ca_fra_cf:professional_law:5                   |      0|acc_norm_token|0.2308|±  |0.1216|
|                                                                     |       |acc_norm      |0.1538|±  |0.1042|
|                                                                     |       |acc_norm_pmi  |0.1538|±  |0.1042|
|lighteval:global_mmlu_ca_fra_cf:professional_medicine:5              |      0|acc_norm_token|0.2653|±  |0.0637|
|                                                                     |       |acc_norm      |0.2653|±  |0.0637|
|                                                                     |       |acc_norm_pmi  |0.2449|±  |0.0621|
|lighteval:global_mmlu_ca_fra_cf:professional_psychology:5            |      0|acc_norm_token|0.2222|±  |0.0703|
|                                                                     |       |acc_norm      |0.2778|±  |0.0757|
|                                                                     |       |acc_norm_pmi  |0.1667|±  |0.0630|
|lighteval:global_mmlu_ca_hin_cf:_average:5                           |       |acc_norm_token|0.2582|±  |0.0945|
|                                                                     |       |acc_norm      |0.2751|±  |0.0978|
|                                                                     |       |acc_norm_pmi  |0.2331|±  |0.0661|
|lighteval:global_mmlu_ca_hin_cf:college_biology:5                    |      0|acc_norm_token|0.2245|±  |0.0602|
|                                                                     |       |acc_norm      |0.2041|±  |0.0582|
|                                                                     |       |acc_norm_pmi  |0.2041|±  |0.0582|
|lighteval:global_mmlu_ca_hin_cf:college_chemistry:5                  |      0|acc_norm_token|0.2553|±  |0.0643|
|                                                                     |       |acc_norm      |0.1489|±  |0.0525|
|                                                                     |       |acc_norm_pmi  |0.3191|±  |0.0687|
|lighteval:global_mmlu_ca_hin_cf:college_computer_science:5           |      0|acc_norm_token|0.3200|±  |0.0666|
|                                                                     |       |acc_norm      |0.1800|±  |0.0549|
|                                                                     |       |acc_norm_pmi  |0.2400|±  |0.0610|
|lighteval:global_mmlu_ca_hin_cf:college_mathematics:5                |      0|acc_norm_token|0.2245|±  |0.0602|
|                                                                     |       |acc_norm      |0.1429|±  |0.0505|
|                                                                     |       |acc_norm_pmi  |0.2041|±  |0.0582|
|lighteval:global_mmlu_ca_hin_cf:college_medicine:5                   |      0|acc_norm_token|0.2857|±  |0.0652|
|                                                                     |       |acc_norm      |0.2857|±  |0.0652|
|                                                                     |       |acc_norm_pmi  |0.2857|±  |0.0652|
|lighteval:global_mmlu_ca_hin_cf:college_physics:5                    |      0|acc_norm_token|0.3333|±  |0.0688|
|                                                                     |       |acc_norm      |0.3333|±  |0.0688|
|                                                                     |       |acc_norm_pmi  |0.1667|±  |0.0544|
|lighteval:global_mmlu_ca_hin_cf:high_school_biology:5                |      0|acc_norm_token|0.3400|±  |0.0677|
|                                                                     |       |acc_norm      |0.1800|±  |0.0549|
|                                                                     |       |acc_norm_pmi  |0.3200|±  |0.0666|
|lighteval:global_mmlu_ca_hin_cf:high_school_chemistry:5              |      0|acc_norm_token|0.2500|±  |0.0632|
|                                                                     |       |acc_norm      |0.2917|±  |0.0663|
|                                                                     |       |acc_norm_pmi  |0.2292|±  |0.0613|
|lighteval:global_mmlu_ca_hin_cf:high_school_computer_science:5       |      0|acc_norm_token|0.3061|±  |0.0665|
|                                                                     |       |acc_norm      |0.3061|±  |0.0665|
|                                                                     |       |acc_norm_pmi  |0.2245|±  |0.0602|
|lighteval:global_mmlu_ca_hin_cf:high_school_european_history:5       |      0|acc_norm_token|0.1429|±  |0.0971|
|                                                                     |       |acc_norm      |0.3571|±  |0.1329|
|                                                                     |       |acc_norm_pmi  |0.0714|±  |0.0714|
|lighteval:global_mmlu_ca_hin_cf:high_school_geography:5              |      0|acc_norm_token|0.3077|±  |0.0923|
|                                                                     |       |acc_norm      |0.1538|±  |0.0722|
|                                                                     |       |acc_norm_pmi  |0.3077|±  |0.0923|
|lighteval:global_mmlu_ca_hin_cf:high_school_government_and_politics:5|      0|acc_norm_token|0.5000|±  |0.5000|
|                                                                     |       |acc_norm      |0.5000|±  |0.5000|
|                                                                     |       |acc_norm_pmi  |0.0000|±  |0.0000|
|lighteval:global_mmlu_ca_hin_cf:high_school_macroeconomics:5         |      0|acc_norm_token|0.2750|±  |0.0715|
|                                                                     |       |acc_norm      |0.2500|±  |0.0693|
|                                                                     |       |acc_norm_pmi  |0.2500|±  |0.0693|
|lighteval:global_mmlu_ca_hin_cf:high_school_mathematics:5            |      0|acc_norm_token|0.1633|±  |0.0533|
|                                                                     |       |acc_norm      |0.1837|±  |0.0559|
|                                                                     |       |acc_norm_pmi  |0.2857|±  |0.0652|
|lighteval:global_mmlu_ca_hin_cf:high_school_microeconomics:5         |      0|acc_norm_token|0.2245|±  |0.0602|
|                                                                     |       |acc_norm      |0.2041|±  |0.0582|
|                                                                     |       |acc_norm_pmi  |0.2245|±  |0.0602|
|lighteval:global_mmlu_ca_hin_cf:high_school_physics:5                |      0|acc_norm_token|0.2791|±  |0.0692|
|                                                                     |       |acc_norm      |0.1395|±  |0.0535|
|                                                                     |       |acc_norm_pmi  |0.3488|±  |0.0735|
|lighteval:global_mmlu_ca_hin_cf:high_school_psychology:5             |      0|acc_norm_token|0.2778|±  |0.0757|
|                                                                     |       |acc_norm      |0.2778|±  |0.0757|
|                                                                     |       |acc_norm_pmi  |0.1944|±  |0.0669|
|lighteval:global_mmlu_ca_hin_cf:high_school_statistics:5             |      0|acc_norm_token|0.2391|±  |0.0636|
|                                                                     |       |acc_norm      |0.3043|±  |0.0686|
|                                                                     |       |acc_norm_pmi  |0.2391|±  |0.0636|
|lighteval:global_mmlu_ca_hin_cf:high_school_us_history:5             |      0|acc_norm_token|0.2000|±  |0.2000|
|                                                                     |       |acc_norm      |0.6000|±  |0.2449|
|                                                                     |       |acc_norm_pmi  |0.0000|±  |0.0000|
|lighteval:global_mmlu_ca_hin_cf:high_school_world_history:5          |      0|acc_norm_token|0.4667|±  |0.1333|
|                                                                     |       |acc_norm      |0.3333|±  |0.1260|
|                                                                     |       |acc_norm_pmi  |0.4667|±  |0.1333|
|lighteval:global_mmlu_ca_hin_cf:professional_accounting:5            |      0|acc_norm_token|0.0556|±  |0.0387|
|                                                                     |       |acc_norm      |0.1944|±  |0.0669|
|                                                                     |       |acc_norm_pmi  |0.2222|±  |0.0703|
|lighteval:global_mmlu_ca_hin_cf:professional_law:5                   |      0|acc_norm_token|0.2308|±  |0.1216|
|                                                                     |       |acc_norm      |0.4615|±  |0.1439|
|                                                                     |       |acc_norm_pmi  |0.3077|±  |0.1332|
|lighteval:global_mmlu_ca_hin_cf:professional_medicine:5              |      0|acc_norm_token|0.1837|±  |0.0559|
|                                                                     |       |acc_norm      |0.2653|±  |0.0637|
|                                                                     |       |acc_norm_pmi  |0.2041|±  |0.0582|
|lighteval:global_mmlu_ca_hin_cf:professional_psychology:5            |      0|acc_norm_token|0.1111|±  |0.0531|
|                                                                     |       |acc_norm      |0.3056|±  |0.0779|
|                                                                     |       |acc_norm_pmi  |0.2778|±  |0.0757|
|lighteval:global_mmlu_ca_ita_cf:_average:5                           |       |acc_norm_token|0.2636|±  |0.0969|
|                                                                     |       |acc_norm      |0.2702|±  |0.0969|
|                                                                     |       |acc_norm_pmi  |0.2742|±  |0.0979|
|lighteval:global_mmlu_ca_ita_cf:college_biology:5                    |      0|acc_norm_token|0.2449|±  |0.0621|
|                                                                     |       |acc_norm      |0.2653|±  |0.0637|
|                                                                     |       |acc_norm_pmi  |0.3265|±  |0.0677|
|lighteval:global_mmlu_ca_ita_cf:college_chemistry:5                  |      0|acc_norm_token|0.2857|±  |0.0652|
|                                                                     |       |acc_norm      |0.2449|±  |0.0621|
|                                                                     |       |acc_norm_pmi  |0.2449|±  |0.0621|
|lighteval:global_mmlu_ca_ita_cf:college_computer_science:5           |      0|acc_norm_token|0.3000|±  |0.0655|
|                                                                     |       |acc_norm      |0.1200|±  |0.0464|
|                                                                     |       |acc_norm_pmi  |0.2200|±  |0.0592|
|lighteval:global_mmlu_ca_ita_cf:college_mathematics:5                |      0|acc_norm_token|0.3061|±  |0.0665|
|                                                                     |       |acc_norm      |0.2041|±  |0.0582|
|                                                                     |       |acc_norm_pmi  |0.2041|±  |0.0582|
|lighteval:global_mmlu_ca_ita_cf:college_medicine:5                   |      0|acc_norm_token|0.2245|±  |0.0602|
|                                                                     |       |acc_norm      |0.2653|±  |0.0637|
|                                                                     |       |acc_norm_pmi  |0.2041|±  |0.0582|
|lighteval:global_mmlu_ca_ita_cf:college_physics:5                    |      0|acc_norm_token|0.3400|±  |0.0677|
|                                                                     |       |acc_norm      |0.3000|±  |0.0655|
|                                                                     |       |acc_norm_pmi  |0.3000|±  |0.0655|
|lighteval:global_mmlu_ca_ita_cf:high_school_biology:5                |      0|acc_norm_token|0.2800|±  |0.0641|
|                                                                     |       |acc_norm      |0.3400|±  |0.0677|
|                                                                     |       |acc_norm_pmi  |0.2600|±  |0.0627|
|lighteval:global_mmlu_ca_ita_cf:high_school_chemistry:5              |      0|acc_norm_token|0.2245|±  |0.0602|
|                                                                     |       |acc_norm      |0.1837|±  |0.0559|
|                                                                     |       |acc_norm_pmi  |0.2653|±  |0.0637|
|lighteval:global_mmlu_ca_ita_cf:high_school_computer_science:5       |      0|acc_norm_token|0.2449|±  |0.0621|
|                                                                     |       |acc_norm      |0.3265|±  |0.0677|
|                                                                     |       |acc_norm_pmi  |0.2857|±  |0.0652|
|lighteval:global_mmlu_ca_ita_cf:high_school_european_history:5       |      0|acc_norm_token|0.2857|±  |0.1253|
|                                                                     |       |acc_norm      |0.2857|±  |0.1253|
|                                                                     |       |acc_norm_pmi  |0.1429|±  |0.0971|
|lighteval:global_mmlu_ca_ita_cf:high_school_geography:5              |      0|acc_norm_token|0.1538|±  |0.0722|
|                                                                     |       |acc_norm      |0.1923|±  |0.0788|
|                                                                     |       |acc_norm_pmi  |0.3462|±  |0.0951|
|lighteval:global_mmlu_ca_ita_cf:high_school_government_and_politics:5|      0|acc_norm_token|0.5000|±  |0.5000|
|                                                                     |       |acc_norm      |0.5000|±  |0.5000|
|                                                                     |       |acc_norm_pmi  |0.5000|±  |0.5000|
|lighteval:global_mmlu_ca_ita_cf:high_school_macroeconomics:5         |      0|acc_norm_token|0.2250|±  |0.0669|
|                                                                     |       |acc_norm      |0.3500|±  |0.0764|
|                                                                     |       |acc_norm_pmi  |0.3000|±  |0.0734|
|lighteval:global_mmlu_ca_ita_cf:high_school_mathematics:5            |      0|acc_norm_token|0.1429|±  |0.0505|
|                                                                     |       |acc_norm      |0.1429|±  |0.0505|
|                                                                     |       |acc_norm_pmi  |0.2041|±  |0.0582|
|lighteval:global_mmlu_ca_ita_cf:high_school_microeconomics:5         |      0|acc_norm_token|0.1429|±  |0.0505|
|                                                                     |       |acc_norm      |0.1837|±  |0.0559|
|                                                                     |       |acc_norm_pmi  |0.1633|±  |0.0533|
|lighteval:global_mmlu_ca_ita_cf:high_school_physics:5                |      0|acc_norm_token|0.2955|±  |0.0696|
|                                                                     |       |acc_norm      |0.2727|±  |0.0679|
|                                                                     |       |acc_norm_pmi  |0.3864|±  |0.0743|
|lighteval:global_mmlu_ca_ita_cf:high_school_psychology:5             |      0|acc_norm_token|0.1667|±  |0.0630|
|                                                                     |       |acc_norm      |0.3333|±  |0.0797|
|                                                                     |       |acc_norm_pmi  |0.1944|±  |0.0669|
|lighteval:global_mmlu_ca_ita_cf:high_school_statistics:5             |      0|acc_norm_token|0.2826|±  |0.0671|
|                                                                     |       |acc_norm      |0.2826|±  |0.0671|
|                                                                     |       |acc_norm_pmi  |0.2826|±  |0.0671|
|lighteval:global_mmlu_ca_ita_cf:high_school_us_history:5             |      0|acc_norm_token|0.4000|±  |0.2449|
|                                                                     |       |acc_norm      |0.2000|±  |0.2000|
|                                                                     |       |acc_norm_pmi  |0.4000|±  |0.2449|
|lighteval:global_mmlu_ca_ita_cf:high_school_world_history:5          |      0|acc_norm_token|0.3333|±  |0.1260|
|                                                                     |       |acc_norm      |0.2667|±  |0.1182|
|                                                                     |       |acc_norm_pmi  |0.3333|±  |0.1260|
|lighteval:global_mmlu_ca_ita_cf:professional_accounting:5            |      0|acc_norm_token|0.3056|±  |0.0779|
|                                                                     |       |acc_norm      |0.3333|±  |0.0797|
|                                                                     |       |acc_norm_pmi  |0.1944|±  |0.0669|
|lighteval:global_mmlu_ca_ita_cf:professional_law:5                   |      0|acc_norm_token|0.1538|±  |0.1042|
|                                                                     |       |acc_norm      |0.3077|±  |0.1332|
|                                                                     |       |acc_norm_pmi  |0.2308|±  |0.1216|
|lighteval:global_mmlu_ca_ita_cf:professional_medicine:5              |      0|acc_norm_token|0.2653|±  |0.0637|
|                                                                     |       |acc_norm      |0.3061|±  |0.0665|
|                                                                     |       |acc_norm_pmi  |0.2857|±  |0.0652|
|lighteval:global_mmlu_ca_ita_cf:professional_psychology:5            |      0|acc_norm_token|0.2222|±  |0.0703|
|                                                                     |       |acc_norm      |0.2778|±  |0.0757|
|                                                                     |       |acc_norm_pmi  |0.3056|±  |0.0779|
|lighteval:global_mmlu_ca_nld_cf:_average:5                           |       |acc_norm_token|0.2167|±  |0.0653|
|                                                                     |       |acc_norm      |0.2401|±  |0.0865|
|                                                                     |       |acc_norm_pmi  |0.2663|±  |0.0662|
|lighteval:global_mmlu_ca_nld_cf:college_biology:5                    |      0|acc_norm_token|0.2245|±  |0.0602|
|                                                                     |       |acc_norm      |0.2041|±  |0.0582|
|                                                                     |       |acc_norm_pmi  |0.2653|±  |0.0637|
|lighteval:global_mmlu_ca_nld_cf:college_chemistry:5                  |      0|acc_norm_token|0.1633|±  |0.0533|
|                                                                     |       |acc_norm      |0.2041|±  |0.0582|
|                                                                     |       |acc_norm_pmi  |0.2245|±  |0.0602|
|lighteval:global_mmlu_ca_nld_cf:college_computer_science:5           |      0|acc_norm_token|0.1800|±  |0.0549|
|                                                                     |       |acc_norm      |0.1800|±  |0.0549|
|                                                                     |       |acc_norm_pmi  |0.2600|±  |0.0627|
|lighteval:global_mmlu_ca_nld_cf:college_mathematics:5                |      0|acc_norm_token|0.2041|±  |0.0582|
|                                                                     |       |acc_norm      |0.1224|±  |0.0473|
|                                                                     |       |acc_norm_pmi  |0.1837|±  |0.0559|
|lighteval:global_mmlu_ca_nld_cf:college_medicine:5                   |      0|acc_norm_token|0.2857|±  |0.0652|
|                                                                     |       |acc_norm      |0.2449|±  |0.0621|
|                                                                     |       |acc_norm_pmi  |0.2041|±  |0.0582|
|lighteval:global_mmlu_ca_nld_cf:college_physics:5                    |      0|acc_norm_token|0.3200|±  |0.0666|
|                                                                     |       |acc_norm      |0.2200|±  |0.0592|
|                                                                     |       |acc_norm_pmi  |0.3400|±  |0.0677|
|lighteval:global_mmlu_ca_nld_cf:high_school_biology:5                |      0|acc_norm_token|0.3200|±  |0.0666|
|                                                                     |       |acc_norm      |0.2800|±  |0.0641|
|                                                                     |       |acc_norm_pmi  |0.2800|±  |0.0641|
|lighteval:global_mmlu_ca_nld_cf:high_school_chemistry:5              |      0|acc_norm_token|0.2041|±  |0.0582|
|                                                                     |       |acc_norm      |0.2245|±  |0.0602|
|                                                                     |       |acc_norm_pmi  |0.1429|±  |0.0505|
|lighteval:global_mmlu_ca_nld_cf:high_school_computer_science:5       |      0|acc_norm_token|0.1837|±  |0.0559|
|                                                                     |       |acc_norm      |0.1837|±  |0.0559|
|                                                                     |       |acc_norm_pmi  |0.2245|±  |0.0602|
|lighteval:global_mmlu_ca_nld_cf:high_school_european_history:5       |      0|acc_norm_token|0.2143|±  |0.1138|
|                                                                     |       |acc_norm      |0.2143|±  |0.1138|
|                                                                     |       |acc_norm_pmi  |0.2143|±  |0.1138|
|lighteval:global_mmlu_ca_nld_cf:high_school_geography:5              |      0|acc_norm_token|0.1538|±  |0.0722|
|                                                                     |       |acc_norm      |0.1923|±  |0.0788|
|                                                                     |       |acc_norm_pmi  |0.2692|±  |0.0887|
|lighteval:global_mmlu_ca_nld_cf:high_school_government_and_politics:5|      0|acc_norm_token|0.0000|±  |0.0000|
|                                                                     |       |acc_norm      |0.5000|±  |0.5000|
|                                                                     |       |acc_norm_pmi  |1.0000|±  |0.0000|
|lighteval:global_mmlu_ca_nld_cf:high_school_macroeconomics:5         |      0|acc_norm_token|0.2750|±  |0.0715|
|                                                                     |       |acc_norm      |0.2750|±  |0.0715|
|                                                                     |       |acc_norm_pmi  |0.2000|±  |0.0641|
|lighteval:global_mmlu_ca_nld_cf:high_school_mathematics:5            |      0|acc_norm_token|0.1429|±  |0.0505|
|                                                                     |       |acc_norm      |0.1429|±  |0.0505|
|                                                                     |       |acc_norm_pmi  |0.2041|±  |0.0582|
|lighteval:global_mmlu_ca_nld_cf:high_school_microeconomics:5         |      0|acc_norm_token|0.2653|±  |0.0637|
|                                                                     |       |acc_norm      |0.2449|±  |0.0621|
|                                                                     |       |acc_norm_pmi  |0.3061|±  |0.0665|
|lighteval:global_mmlu_ca_nld_cf:high_school_physics:5                |      0|acc_norm_token|0.2273|±  |0.0639|
|                                                                     |       |acc_norm      |0.2045|±  |0.0615|
|                                                                     |       |acc_norm_pmi  |0.3182|±  |0.0710|
|lighteval:global_mmlu_ca_nld_cf:high_school_psychology:5             |      0|acc_norm_token|0.2500|±  |0.0732|
|                                                                     |       |acc_norm      |0.3333|±  |0.0797|
|                                                                     |       |acc_norm_pmi  |0.2778|±  |0.0757|
|lighteval:global_mmlu_ca_nld_cf:high_school_statistics:5             |      0|acc_norm_token|0.2174|±  |0.0615|
|                                                                     |       |acc_norm      |0.3043|±  |0.0686|
|                                                                     |       |acc_norm_pmi  |0.2826|±  |0.0671|
|lighteval:global_mmlu_ca_nld_cf:high_school_us_history:5             |      0|acc_norm_token|0.0000|±  |0.0000|
|                                                                     |       |acc_norm      |0.0000|±  |0.0000|
|                                                                     |       |acc_norm_pmi  |0.0000|±  |0.0000|
|lighteval:global_mmlu_ca_nld_cf:high_school_world_history:5          |      0|acc_norm_token|0.3333|±  |0.1260|
|                                                                     |       |acc_norm      |0.2667|±  |0.1182|
|                                                                     |       |acc_norm_pmi  |0.2667|±  |0.1182|
|lighteval:global_mmlu_ca_nld_cf:professional_accounting:5            |      0|acc_norm_token|0.1667|±  |0.0630|
|                                                                     |       |acc_norm      |0.1944|±  |0.0669|
|                                                                     |       |acc_norm_pmi  |0.1111|±  |0.0531|
|lighteval:global_mmlu_ca_nld_cf:professional_law:5                   |      0|acc_norm_token|0.2308|±  |0.1216|
|                                                                     |       |acc_norm      |0.4615|±  |0.1439|
|                                                                     |       |acc_norm_pmi  |0.3077|±  |0.1332|
|lighteval:global_mmlu_ca_nld_cf:professional_medicine:5              |      0|acc_norm_token|0.3061|±  |0.0665|
|                                                                     |       |acc_norm      |0.2041|±  |0.0582|
|                                                                     |       |acc_norm_pmi  |0.2041|±  |0.0582|
|lighteval:global_mmlu_ca_nld_cf:professional_psychology:5            |      0|acc_norm_token|0.3333|±  |0.0797|
|                                                                     |       |acc_norm      |0.3611|±  |0.0812|
|                                                                     |       |acc_norm_pmi  |0.3056|±  |0.0779|
|lighteval:global_mmlu_ca_por_cf:_average:5                           |       |acc_norm_token|0.2537|±  |0.0717|
|                                                                     |       |acc_norm      |0.2449|±  |0.0746|
|                                                                     |       |acc_norm_pmi  |0.2448|±  |0.0762|
|lighteval:global_mmlu_ca_por_cf:college_biology:5                    |      0|acc_norm_token|0.2653|±  |0.0637|
|                                                                     |       |acc_norm      |0.1837|±  |0.0559|
|                                                                     |       |acc_norm_pmi  |0.1837|±  |0.0559|
|lighteval:global_mmlu_ca_por_cf:college_chemistry:5                  |      0|acc_norm_token|0.2857|±  |0.0652|
|                                                                     |       |acc_norm      |0.2653|±  |0.0637|
|                                                                     |       |acc_norm_pmi  |0.2449|±  |0.0621|
|lighteval:global_mmlu_ca_por_cf:college_computer_science:5           |      0|acc_norm_token|0.2800|±  |0.0641|
|                                                                     |       |acc_norm      |0.2000|±  |0.0571|
|                                                                     |       |acc_norm_pmi  |0.2200|±  |0.0592|
|lighteval:global_mmlu_ca_por_cf:college_mathematics:5                |      0|acc_norm_token|0.2653|±  |0.0637|
|                                                                     |       |acc_norm      |0.1633|±  |0.0533|
|                                                                     |       |acc_norm_pmi  |0.2041|±  |0.0582|
|lighteval:global_mmlu_ca_por_cf:college_medicine:5                   |      0|acc_norm_token|0.3265|±  |0.0677|
|                                                                     |       |acc_norm      |0.2245|±  |0.0602|
|                                                                     |       |acc_norm_pmi  |0.2449|±  |0.0621|
|lighteval:global_mmlu_ca_por_cf:college_physics:5                    |      0|acc_norm_token|0.3400|±  |0.0677|
|                                                                     |       |acc_norm      |0.2600|±  |0.0627|
|                                                                     |       |acc_norm_pmi  |0.3400|±  |0.0677|
|lighteval:global_mmlu_ca_por_cf:high_school_biology:5                |      0|acc_norm_token|0.3200|±  |0.0666|
|                                                                     |       |acc_norm      |0.3000|±  |0.0655|
|                                                                     |       |acc_norm_pmi  |0.2600|±  |0.0627|
|lighteval:global_mmlu_ca_por_cf:high_school_chemistry:5              |      0|acc_norm_token|0.2857|±  |0.0652|
|                                                                     |       |acc_norm      |0.3673|±  |0.0696|
|                                                                     |       |acc_norm_pmi  |0.2041|±  |0.0582|
|lighteval:global_mmlu_ca_por_cf:high_school_computer_science:5       |      0|acc_norm_token|0.2041|±  |0.0582|
|                                                                     |       |acc_norm      |0.2857|±  |0.0652|
|                                                                     |       |acc_norm_pmi  |0.3061|±  |0.0665|
|lighteval:global_mmlu_ca_por_cf:high_school_european_history:5       |      0|acc_norm_token|0.1429|±  |0.0971|
|                                                                     |       |acc_norm      |0.3571|±  |0.1329|
|                                                                     |       |acc_norm_pmi  |0.3571|±  |0.1329|
|lighteval:global_mmlu_ca_por_cf:high_school_geography:5              |      0|acc_norm_token|0.2692|±  |0.0887|
|                                                                     |       |acc_norm      |0.2692|±  |0.0887|
|                                                                     |       |acc_norm_pmi  |0.1923|±  |0.0788|
|lighteval:global_mmlu_ca_por_cf:high_school_government_and_politics:5|      0|acc_norm_token|0.0000|±  |0.0000|
|                                                                     |       |acc_norm      |0.0000|±  |0.0000|
|                                                                     |       |acc_norm_pmi  |0.0000|±  |0.0000|
|lighteval:global_mmlu_ca_por_cf:high_school_macroeconomics:5         |      0|acc_norm_token|0.3000|±  |0.0734|
|                                                                     |       |acc_norm      |0.3500|±  |0.0764|
|                                                                     |       |acc_norm_pmi  |0.1750|±  |0.0608|
|lighteval:global_mmlu_ca_por_cf:high_school_mathematics:5            |      0|acc_norm_token|0.1633|±  |0.0533|
|                                                                     |       |acc_norm      |0.1633|±  |0.0533|
|                                                                     |       |acc_norm_pmi  |0.2245|±  |0.0602|
|lighteval:global_mmlu_ca_por_cf:high_school_microeconomics:5         |      0|acc_norm_token|0.1633|±  |0.0533|
|                                                                     |       |acc_norm      |0.1837|±  |0.0559|
|                                                                     |       |acc_norm_pmi  |0.2653|±  |0.0637|
|lighteval:global_mmlu_ca_por_cf:high_school_physics:5                |      0|acc_norm_token|0.3636|±  |0.0734|
|                                                                     |       |acc_norm      |0.3182|±  |0.0710|
|                                                                     |       |acc_norm_pmi  |0.3864|±  |0.0743|
|lighteval:global_mmlu_ca_por_cf:high_school_psychology:5             |      0|acc_norm_token|0.2500|±  |0.0732|
|                                                                     |       |acc_norm      |0.2778|±  |0.0757|
|                                                                     |       |acc_norm_pmi  |0.2222|±  |0.0703|
|lighteval:global_mmlu_ca_por_cf:high_school_statistics:5             |      0|acc_norm_token|0.3478|±  |0.0710|
|                                                                     |       |acc_norm      |0.3261|±  |0.0699|
|                                                                     |       |acc_norm_pmi  |0.3913|±  |0.0728|
|lighteval:global_mmlu_ca_por_cf:high_school_us_history:5             |      0|acc_norm_token|0.6000|±  |0.2449|
|                                                                     |       |acc_norm      |0.2000|±  |0.2000|
|                                                                     |       |acc_norm_pmi  |0.4000|±  |0.2449|
|lighteval:global_mmlu_ca_por_cf:high_school_world_history:5          |      0|acc_norm_token|0.2000|±  |0.1069|
|                                                                     |       |acc_norm      |0.3333|±  |0.1260|
|                                                                     |       |acc_norm_pmi  |0.3333|±  |0.1260|
|lighteval:global_mmlu_ca_por_cf:professional_accounting:5            |      0|acc_norm_token|0.1667|±  |0.0630|
|                                                                     |       |acc_norm      |0.2500|±  |0.0732|
|                                                                     |       |acc_norm_pmi  |0.1667|±  |0.0630|
|lighteval:global_mmlu_ca_por_cf:professional_law:5                   |      0|acc_norm_token|0.0000|±  |0.0000|
|                                                                     |       |acc_norm      |0.0769|±  |0.0769|
|                                                                     |       |acc_norm_pmi  |0.1538|±  |0.1042|
|lighteval:global_mmlu_ca_por_cf:professional_medicine:5              |      0|acc_norm_token|0.2449|±  |0.0621|
|                                                                     |       |acc_norm      |0.2449|±  |0.0621|
|                                                                     |       |acc_norm_pmi  |0.2041|±  |0.0582|
|lighteval:global_mmlu_ca_por_cf:professional_psychology:5            |      0|acc_norm_token|0.3056|±  |0.0779|
|                                                                     |       |acc_norm      |0.2778|±  |0.0757|
|                                                                     |       |acc_norm_pmi  |0.1944|±  |0.0669|
|lighteval:global_mmlu_ca_rus_cf:_average:5                           |       |acc_norm_token|0.2655|±  |0.0946|
|                                                                     |       |acc_norm      |0.2786|±  |0.0981|
|                                                                     |       |acc_norm_pmi  |0.2110|±  |0.0626|
|lighteval:global_mmlu_ca_rus_cf:college_biology:5                    |      0|acc_norm_token|0.2041|±  |0.0582|
|                                                                     |       |acc_norm      |0.2041|±  |0.0582|
|                                                                     |       |acc_norm_pmi  |0.3061|±  |0.0665|
|lighteval:global_mmlu_ca_rus_cf:college_chemistry:5                  |      0|acc_norm_token|0.2500|±  |0.0632|
|                                                                     |       |acc_norm      |0.1875|±  |0.0569|
|                                                                     |       |acc_norm_pmi  |0.3125|±  |0.0676|
|lighteval:global_mmlu_ca_rus_cf:college_computer_science:5           |      0|acc_norm_token|0.2600|±  |0.0627|
|                                                                     |       |acc_norm      |0.1800|±  |0.0549|
|                                                                     |       |acc_norm_pmi  |0.1800|±  |0.0549|
|lighteval:global_mmlu_ca_rus_cf:college_mathematics:5                |      0|acc_norm_token|0.2653|±  |0.0637|
|                                                                     |       |acc_norm      |0.1837|±  |0.0559|
|                                                                     |       |acc_norm_pmi  |0.0816|±  |0.0395|
|lighteval:global_mmlu_ca_rus_cf:college_medicine:5                   |      0|acc_norm_token|0.2245|±  |0.0602|
|                                                                     |       |acc_norm      |0.2041|±  |0.0582|
|                                                                     |       |acc_norm_pmi  |0.2449|±  |0.0621|
|lighteval:global_mmlu_ca_rus_cf:college_physics:5                    |      0|acc_norm_token|0.3000|±  |0.0655|
|                                                                     |       |acc_norm      |0.2600|±  |0.0627|
|                                                                     |       |acc_norm_pmi  |0.2400|±  |0.0610|
|lighteval:global_mmlu_ca_rus_cf:high_school_biology:5                |      0|acc_norm_token|0.3200|±  |0.0666|
|                                                                     |       |acc_norm      |0.2200|±  |0.0592|
|                                                                     |       |acc_norm_pmi  |0.2200|±  |0.0592|
|lighteval:global_mmlu_ca_rus_cf:high_school_chemistry:5              |      0|acc_norm_token|0.3673|±  |0.0696|
|                                                                     |       |acc_norm      |0.3673|±  |0.0696|
|                                                                     |       |acc_norm_pmi  |0.2653|±  |0.0637|
|lighteval:global_mmlu_ca_rus_cf:high_school_computer_science:5       |      0|acc_norm_token|0.2041|±  |0.0582|
|                                                                     |       |acc_norm      |0.2857|±  |0.0652|
|                                                                     |       |acc_norm_pmi  |0.2449|±  |0.0621|
|lighteval:global_mmlu_ca_rus_cf:high_school_european_history:5       |      0|acc_norm_token|0.1429|±  |0.0971|
|                                                                     |       |acc_norm      |0.2857|±  |0.1253|
|                                                                     |       |acc_norm_pmi  |0.1429|±  |0.0971|
|lighteval:global_mmlu_ca_rus_cf:high_school_geography:5              |      0|acc_norm_token|0.3462|±  |0.0951|
|                                                                     |       |acc_norm      |0.2692|±  |0.0887|
|                                                                     |       |acc_norm_pmi  |0.2692|±  |0.0887|
|lighteval:global_mmlu_ca_rus_cf:high_school_government_and_politics:5|      0|acc_norm_token|0.5000|±  |0.5000|
|                                                                     |       |acc_norm      |0.5000|±  |0.5000|
|                                                                     |       |acc_norm_pmi  |0.0000|±  |0.0000|
|lighteval:global_mmlu_ca_rus_cf:high_school_macroeconomics:5         |      0|acc_norm_token|0.4000|±  |0.0784|
|                                                                     |       |acc_norm      |0.3750|±  |0.0775|
|                                                                     |       |acc_norm_pmi  |0.1250|±  |0.0530|
|lighteval:global_mmlu_ca_rus_cf:high_school_mathematics:5            |      0|acc_norm_token|0.1429|±  |0.0505|
|                                                                     |       |acc_norm      |0.1429|±  |0.0505|
|                                                                     |       |acc_norm_pmi  |0.1224|±  |0.0473|
|lighteval:global_mmlu_ca_rus_cf:high_school_microeconomics:5         |      0|acc_norm_token|0.2245|±  |0.0602|
|                                                                     |       |acc_norm      |0.3061|±  |0.0665|
|                                                                     |       |acc_norm_pmi  |0.2449|±  |0.0621|
|lighteval:global_mmlu_ca_rus_cf:high_school_physics:5                |      0|acc_norm_token|0.2273|±  |0.0639|
|                                                                     |       |acc_norm      |0.2045|±  |0.0615|
|                                                                     |       |acc_norm_pmi  |0.2727|±  |0.0679|
|lighteval:global_mmlu_ca_rus_cf:high_school_psychology:5             |      0|acc_norm_token|0.2500|±  |0.0732|
|                                                                     |       |acc_norm      |0.2500|±  |0.0732|
|                                                                     |       |acc_norm_pmi  |0.3611|±  |0.0812|
|lighteval:global_mmlu_ca_rus_cf:high_school_statistics:5             |      0|acc_norm_token|0.2609|±  |0.0655|
|                                                                     |       |acc_norm      |0.2826|±  |0.0671|
|                                                                     |       |acc_norm_pmi  |0.2609|±  |0.0655|
|lighteval:global_mmlu_ca_rus_cf:high_school_us_history:5             |      0|acc_norm_token|0.2000|±  |0.2000|
|                                                                     |       |acc_norm      |0.6000|±  |0.2449|
|                                                                     |       |acc_norm_pmi  |0.0000|±  |0.0000|
|lighteval:global_mmlu_ca_rus_cf:high_school_world_history:5          |      0|acc_norm_token|0.2667|±  |0.1182|
|                                                                     |       |acc_norm      |0.3333|±  |0.1260|
|                                                                     |       |acc_norm_pmi  |0.4000|±  |0.1309|
|lighteval:global_mmlu_ca_rus_cf:professional_accounting:5            |      0|acc_norm_token|0.2778|±  |0.0757|
|                                                                     |       |acc_norm      |0.3333|±  |0.0797|
|                                                                     |       |acc_norm_pmi  |0.3056|±  |0.0779|
|lighteval:global_mmlu_ca_rus_cf:professional_law:5                   |      0|acc_norm_token|0.0769|±  |0.0769|
|                                                                     |       |acc_norm      |0.2308|±  |0.1216|
|                                                                     |       |acc_norm_pmi  |0.0769|±  |0.0769|
|lighteval:global_mmlu_ca_rus_cf:professional_medicine:5              |      0|acc_norm_token|0.3265|±  |0.0677|
|                                                                     |       |acc_norm      |0.2857|±  |0.0652|
|                                                                     |       |acc_norm_pmi  |0.0816|±  |0.0395|
|lighteval:global_mmlu_ca_rus_cf:professional_psychology:5            |      0|acc_norm_token|0.3333|±  |0.0797|
|                                                                     |       |acc_norm      |0.1944|±  |0.0669|
|                                                                     |       |acc_norm_pmi  |0.3056|±  |0.0779|
|lighteval:global_mmlu_ca_spa_cf:_average:5                           |       |acc_norm_token|0.2182|±  |0.0642|
|                                                                     |       |acc_norm      |0.2290|±  |0.0735|
|                                                                     |       |acc_norm_pmi  |0.2199|±  |0.0650|
|lighteval:global_mmlu_ca_spa_cf:college_biology:5                    |      0|acc_norm_token|0.3265|±  |0.0677|
|                                                                     |       |acc_norm      |0.1429|±  |0.0505|
|                                                                     |       |acc_norm_pmi  |0.1837|±  |0.0559|
|lighteval:global_mmlu_ca_spa_cf:college_chemistry:5                  |      0|acc_norm_token|0.2653|±  |0.0637|
|                                                                     |       |acc_norm      |0.1429|±  |0.0505|
|                                                                     |       |acc_norm_pmi  |0.1633|±  |0.0533|
|lighteval:global_mmlu_ca_spa_cf:college_computer_science:5           |      0|acc_norm_token|0.2800|±  |0.0641|
|                                                                     |       |acc_norm      |0.2600|±  |0.0627|
|                                                                     |       |acc_norm_pmi  |0.3000|±  |0.0655|
|lighteval:global_mmlu_ca_spa_cf:college_mathematics:5                |      0|acc_norm_token|0.2653|±  |0.0637|
|                                                                     |       |acc_norm      |0.1429|±  |0.0505|
|                                                                     |       |acc_norm_pmi  |0.1633|±  |0.0533|
|lighteval:global_mmlu_ca_spa_cf:college_medicine:5                   |      0|acc_norm_token|0.1837|±  |0.0559|
|                                                                     |       |acc_norm      |0.2857|±  |0.0652|
|                                                                     |       |acc_norm_pmi  |0.2245|±  |0.0602|
|lighteval:global_mmlu_ca_spa_cf:college_physics:5                    |      0|acc_norm_token|0.3469|±  |0.0687|
|                                                                     |       |acc_norm      |0.2449|±  |0.0621|
|                                                                     |       |acc_norm_pmi  |0.2449|±  |0.0621|
|lighteval:global_mmlu_ca_spa_cf:high_school_biology:5                |      0|acc_norm_token|0.3000|±  |0.0655|
|                                                                     |       |acc_norm      |0.2200|±  |0.0592|
|                                                                     |       |acc_norm_pmi  |0.2400|±  |0.0610|
|lighteval:global_mmlu_ca_spa_cf:high_school_chemistry:5              |      0|acc_norm_token|0.2041|±  |0.0582|
|                                                                     |       |acc_norm      |0.2653|±  |0.0637|
|                                                                     |       |acc_norm_pmi  |0.2653|±  |0.0637|
|lighteval:global_mmlu_ca_spa_cf:high_school_computer_science:5       |      0|acc_norm_token|0.1837|±  |0.0559|
|                                                                     |       |acc_norm      |0.2449|±  |0.0621|
|                                                                     |       |acc_norm_pmi  |0.3265|±  |0.0677|
|lighteval:global_mmlu_ca_spa_cf:high_school_european_history:5       |      0|acc_norm_token|0.1429|±  |0.0971|
|                                                                     |       |acc_norm      |0.3571|±  |0.1329|
|                                                                     |       |acc_norm_pmi  |0.4286|±  |0.1373|
|lighteval:global_mmlu_ca_spa_cf:high_school_geography:5              |      0|acc_norm_token|0.3462|±  |0.0951|
|                                                                     |       |acc_norm      |0.1923|±  |0.0788|
|                                                                     |       |acc_norm_pmi  |0.2308|±  |0.0843|
|lighteval:global_mmlu_ca_spa_cf:high_school_government_and_politics:5|      0|acc_norm_token|0.0000|±  |0.0000|
|                                                                     |       |acc_norm      |0.0000|±  |0.0000|
|                                                                     |       |acc_norm_pmi  |0.0000|±  |0.0000|
|lighteval:global_mmlu_ca_spa_cf:high_school_macroeconomics:5         |      0|acc_norm_token|0.2750|±  |0.0715|
|                                                                     |       |acc_norm      |0.3000|±  |0.0734|
|                                                                     |       |acc_norm_pmi  |0.2250|±  |0.0669|
|lighteval:global_mmlu_ca_spa_cf:high_school_mathematics:5            |      0|acc_norm_token|0.1429|±  |0.0505|
|                                                                     |       |acc_norm      |0.1633|±  |0.0533|
|                                                                     |       |acc_norm_pmi  |0.1837|±  |0.0559|
|lighteval:global_mmlu_ca_spa_cf:high_school_microeconomics:5         |      0|acc_norm_token|0.1633|±  |0.0533|
|                                                                     |       |acc_norm      |0.3469|±  |0.0687|
|                                                                     |       |acc_norm_pmi  |0.1633|±  |0.0533|
|lighteval:global_mmlu_ca_spa_cf:high_school_physics:5                |      0|acc_norm_token|0.2500|±  |0.0660|
|                                                                     |       |acc_norm      |0.2500|±  |0.0660|
|                                                                     |       |acc_norm_pmi  |0.2727|±  |0.0679|
|lighteval:global_mmlu_ca_spa_cf:high_school_psychology:5             |      0|acc_norm_token|0.2500|±  |0.0732|
|                                                                     |       |acc_norm      |0.2778|±  |0.0757|
|                                                                     |       |acc_norm_pmi  |0.1667|±  |0.0630|
|lighteval:global_mmlu_ca_spa_cf:high_school_statistics:5             |      0|acc_norm_token|0.3261|±  |0.0699|
|                                                                     |       |acc_norm      |0.3478|±  |0.0710|
|                                                                     |       |acc_norm_pmi  |0.3261|±  |0.0699|
|lighteval:global_mmlu_ca_spa_cf:high_school_us_history:5             |      0|acc_norm_token|0.0000|±  |0.0000|
|                                                                     |       |acc_norm      |0.2000|±  |0.2000|
|                                                                     |       |acc_norm_pmi  |0.0000|±  |0.0000|
|lighteval:global_mmlu_ca_spa_cf:high_school_world_history:5          |      0|acc_norm_token|0.1333|±  |0.0909|
|                                                                     |       |acc_norm      |0.2000|±  |0.1069|
|                                                                     |       |acc_norm_pmi  |0.2667|±  |0.1182|
|lighteval:global_mmlu_ca_spa_cf:professional_accounting:5            |      0|acc_norm_token|0.3056|±  |0.0779|
|                                                                     |       |acc_norm      |0.3056|±  |0.0779|
|                                                                     |       |acc_norm_pmi  |0.2500|±  |0.0732|
|lighteval:global_mmlu_ca_spa_cf:professional_law:5                   |      0|acc_norm_token|0.2308|±  |0.1216|
|                                                                     |       |acc_norm      |0.1538|±  |0.1042|
|                                                                     |       |acc_norm_pmi  |0.1538|±  |0.1042|
|lighteval:global_mmlu_ca_spa_cf:professional_medicine:5              |      0|acc_norm_token|0.2041|±  |0.0582|
|                                                                     |       |acc_norm      |0.2857|±  |0.0652|
|                                                                     |       |acc_norm_pmi  |0.3878|±  |0.0703|
|lighteval:global_mmlu_ca_spa_cf:professional_psychology:5            |      0|acc_norm_token|0.1111|±  |0.0531|
|                                                                     |       |acc_norm      |0.1667|±  |0.0630|
|                                                                     |       |acc_norm_pmi  |0.1111|±  |0.0531|
|lighteval:global_mmlu_ca_swe_cf:_average:5                           |       |acc_norm_token|0.2614|±  |0.0774|
|                                                                     |       |acc_norm      |0.2902|±  |0.0976|
|                                                                     |       |acc_norm_pmi  |0.1975|±  |0.0624|
|lighteval:global_mmlu_ca_swe_cf:college_biology:5                    |      0|acc_norm_token|0.3265|±  |0.0677|
|                                                                     |       |acc_norm      |0.2653|±  |0.0637|
|                                                                     |       |acc_norm_pmi  |0.2449|±  |0.0621|
|lighteval:global_mmlu_ca_swe_cf:college_chemistry:5                  |      0|acc_norm_token|0.2857|±  |0.0652|
|                                                                     |       |acc_norm      |0.2245|±  |0.0602|
|                                                                     |       |acc_norm_pmi  |0.2245|±  |0.0602|
|lighteval:global_mmlu_ca_swe_cf:college_computer_science:5           |      0|acc_norm_token|0.2200|±  |0.0592|
|                                                                     |       |acc_norm      |0.2000|±  |0.0571|
|                                                                     |       |acc_norm_pmi  |0.1400|±  |0.0496|
|lighteval:global_mmlu_ca_swe_cf:college_mathematics:5                |      0|acc_norm_token|0.2653|±  |0.0637|
|                                                                     |       |acc_norm      |0.1837|±  |0.0559|
|                                                                     |       |acc_norm_pmi  |0.0816|±  |0.0395|
|lighteval:global_mmlu_ca_swe_cf:college_medicine:5                   |      0|acc_norm_token|0.1837|±  |0.0559|
|                                                                     |       |acc_norm      |0.2449|±  |0.0621|
|                                                                     |       |acc_norm_pmi  |0.2857|±  |0.0652|
|lighteval:global_mmlu_ca_swe_cf:college_physics:5                    |      0|acc_norm_token|0.3800|±  |0.0693|
|                                                                     |       |acc_norm      |0.2800|±  |0.0641|
|                                                                     |       |acc_norm_pmi  |0.3400|±  |0.0677|
|lighteval:global_mmlu_ca_swe_cf:high_school_biology:5                |      0|acc_norm_token|0.4000|±  |0.0700|
|                                                                     |       |acc_norm      |0.3000|±  |0.0655|
|                                                                     |       |acc_norm_pmi  |0.3200|±  |0.0666|
|lighteval:global_mmlu_ca_swe_cf:high_school_chemistry:5              |      0|acc_norm_token|0.1224|±  |0.0473|
|                                                                     |       |acc_norm      |0.2041|±  |0.0582|
|                                                                     |       |acc_norm_pmi  |0.1633|±  |0.0533|
|lighteval:global_mmlu_ca_swe_cf:high_school_computer_science:5       |      0|acc_norm_token|0.2245|±  |0.0602|
|                                                                     |       |acc_norm      |0.3061|±  |0.0665|
|                                                                     |       |acc_norm_pmi  |0.1429|±  |0.0505|
|lighteval:global_mmlu_ca_swe_cf:high_school_european_history:5       |      0|acc_norm_token|0.3571|±  |0.1329|
|                                                                     |       |acc_norm      |0.1429|±  |0.0971|
|                                                                     |       |acc_norm_pmi  |0.2857|±  |0.1253|
|lighteval:global_mmlu_ca_swe_cf:high_school_geography:5              |      0|acc_norm_token|0.2308|±  |0.0843|
|                                                                     |       |acc_norm      |0.2308|±  |0.0843|
|                                                                     |       |acc_norm_pmi  |0.3077|±  |0.0923|
|lighteval:global_mmlu_ca_swe_cf:high_school_government_and_politics:5|      0|acc_norm_token|0.0000|±  |0.0000|
|                                                                     |       |acc_norm      |0.5000|±  |0.5000|
|                                                                     |       |acc_norm_pmi  |0.0000|±  |0.0000|
|lighteval:global_mmlu_ca_swe_cf:high_school_macroeconomics:5         |      0|acc_norm_token|0.2250|±  |0.0669|
|                                                                     |       |acc_norm      |0.3500|±  |0.0764|
|                                                                     |       |acc_norm_pmi  |0.1750|±  |0.0608|
|lighteval:global_mmlu_ca_swe_cf:high_school_mathematics:5            |      0|acc_norm_token|0.1429|±  |0.0505|
|                                                                     |       |acc_norm      |0.1429|±  |0.0505|
|                                                                     |       |acc_norm_pmi  |0.1020|±  |0.0437|
|lighteval:global_mmlu_ca_swe_cf:high_school_microeconomics:5         |      0|acc_norm_token|0.2653|±  |0.0637|
|                                                                     |       |acc_norm      |0.3061|±  |0.0665|
|                                                                     |       |acc_norm_pmi  |0.2041|±  |0.0582|
|lighteval:global_mmlu_ca_swe_cf:high_school_physics:5                |      0|acc_norm_token|0.3409|±  |0.0723|
|                                                                     |       |acc_norm      |0.2955|±  |0.0696|
|                                                                     |       |acc_norm_pmi  |0.2500|±  |0.0660|
|lighteval:global_mmlu_ca_swe_cf:high_school_psychology:5             |      0|acc_norm_token|0.3333|±  |0.0797|
|                                                                     |       |acc_norm      |0.3889|±  |0.0824|
|                                                                     |       |acc_norm_pmi  |0.1389|±  |0.0585|
|lighteval:global_mmlu_ca_swe_cf:high_school_statistics:5             |      0|acc_norm_token|0.3261|±  |0.0699|
|                                                                     |       |acc_norm      |0.2391|±  |0.0636|
|                                                                     |       |acc_norm_pmi  |0.3261|±  |0.0699|
|lighteval:global_mmlu_ca_swe_cf:high_school_us_history:5             |      0|acc_norm_token|0.4000|±  |0.2449|
|                                                                     |       |acc_norm      |0.6000|±  |0.2449|
|                                                                     |       |acc_norm_pmi  |0.0000|±  |0.0000|
|lighteval:global_mmlu_ca_swe_cf:high_school_world_history:5          |      0|acc_norm_token|0.4000|±  |0.1309|
|                                                                     |       |acc_norm      |0.1333|±  |0.0909|
|                                                                     |       |acc_norm_pmi  |0.2000|±  |0.1069|
|lighteval:global_mmlu_ca_swe_cf:professional_accounting:5            |      0|acc_norm_token|0.1944|±  |0.0669|
|                                                                     |       |acc_norm      |0.2778|±  |0.0757|
|                                                                     |       |acc_norm_pmi  |0.1944|±  |0.0669|
|lighteval:global_mmlu_ca_swe_cf:professional_law:5                   |      0|acc_norm_token|0.3077|±  |0.1332|
|                                                                     |       |acc_norm      |0.5385|±  |0.1439|
|                                                                     |       |acc_norm_pmi  |0.1538|±  |0.1042|
|lighteval:global_mmlu_ca_swe_cf:professional_medicine:5              |      0|acc_norm_token|0.2857|±  |0.0652|
|                                                                     |       |acc_norm      |0.3061|±  |0.0665|
|                                                                     |       |acc_norm_pmi  |0.2653|±  |0.0637|
|lighteval:global_mmlu_ca_swe_cf:professional_psychology:5            |      0|acc_norm_token|0.0556|±  |0.0387|
|                                                                     |       |acc_norm      |0.3056|±  |0.0779|
|                                                                     |       |acc_norm_pmi  |0.1944|±  |0.0669|
|lighteval:global_mmlu_ca_tur_cf:_average:5                           |       |acc_norm_token|0.2511|±  |0.0868|
|                                                                     |       |acc_norm      |0.2410|±  |0.0914|
|                                                                     |       |acc_norm_pmi  |0.2223|±  |0.0727|
|lighteval:global_mmlu_ca_tur_cf:college_biology:5                    |      0|acc_norm_token|0.2245|±  |0.0602|
|                                                                     |       |acc_norm      |0.2245|±  |0.0602|
|                                                                     |       |acc_norm_pmi  |0.2653|±  |0.0637|
|lighteval:global_mmlu_ca_tur_cf:college_chemistry:5                  |      0|acc_norm_token|0.2653|±  |0.0637|
|                                                                     |       |acc_norm      |0.2653|±  |0.0637|
|                                                                     |       |acc_norm_pmi  |0.2245|±  |0.0602|
|lighteval:global_mmlu_ca_tur_cf:college_computer_science:5           |      0|acc_norm_token|0.2000|±  |0.0571|
|                                                                     |       |acc_norm      |0.2600|±  |0.0627|
|                                                                     |       |acc_norm_pmi  |0.1800|±  |0.0549|
|lighteval:global_mmlu_ca_tur_cf:college_mathematics:5                |      0|acc_norm_token|0.3061|±  |0.0665|
|                                                                     |       |acc_norm      |0.2449|±  |0.0621|
|                                                                     |       |acc_norm_pmi  |0.0612|±  |0.0346|
|lighteval:global_mmlu_ca_tur_cf:college_medicine:5                   |      0|acc_norm_token|0.2245|±  |0.0602|
|                                                                     |       |acc_norm      |0.3265|±  |0.0677|
|                                                                     |       |acc_norm_pmi  |0.1633|±  |0.0533|
|lighteval:global_mmlu_ca_tur_cf:college_physics:5                    |      0|acc_norm_token|0.2600|±  |0.0627|
|                                                                     |       |acc_norm      |0.3400|±  |0.0677|
|                                                                     |       |acc_norm_pmi  |0.2400|±  |0.0610|
|lighteval:global_mmlu_ca_tur_cf:high_school_biology:5                |      0|acc_norm_token|0.2600|±  |0.0627|
|                                                                     |       |acc_norm      |0.2800|±  |0.0641|
|                                                                     |       |acc_norm_pmi  |0.2200|±  |0.0592|
|lighteval:global_mmlu_ca_tur_cf:high_school_chemistry:5              |      0|acc_norm_token|0.2653|±  |0.0637|
|                                                                     |       |acc_norm      |0.2653|±  |0.0637|
|                                                                     |       |acc_norm_pmi  |0.1837|±  |0.0559|
|lighteval:global_mmlu_ca_tur_cf:high_school_computer_science:5       |      0|acc_norm_token|0.3673|±  |0.0696|
|                                                                     |       |acc_norm      |0.2857|±  |0.0652|
|                                                                     |       |acc_norm_pmi  |0.2449|±  |0.0621|
|lighteval:global_mmlu_ca_tur_cf:high_school_european_history:5       |      0|acc_norm_token|0.2143|±  |0.1138|
|                                                                     |       |acc_norm      |0.1429|±  |0.0971|
|                                                                     |       |acc_norm_pmi  |0.2857|±  |0.1253|
|lighteval:global_mmlu_ca_tur_cf:high_school_geography:5              |      0|acc_norm_token|0.1154|±  |0.0639|
|                                                                     |       |acc_norm      |0.1154|±  |0.0639|
|                                                                     |       |acc_norm_pmi  |0.3846|±  |0.0973|
|lighteval:global_mmlu_ca_tur_cf:high_school_government_and_politics:5|      0|acc_norm_token|0.5000|±  |0.5000|
|                                                                     |       |acc_norm      |0.5000|±  |0.5000|
|                                                                     |       |acc_norm_pmi  |0.0000|±  |0.0000|
|lighteval:global_mmlu_ca_tur_cf:high_school_macroeconomics:5         |      0|acc_norm_token|0.1750|±  |0.0608|
|                                                                     |       |acc_norm      |0.3750|±  |0.0775|
|                                                                     |       |acc_norm_pmi  |0.2250|±  |0.0669|
|lighteval:global_mmlu_ca_tur_cf:high_school_mathematics:5            |      0|acc_norm_token|0.1633|±  |0.0533|
|                                                                     |       |acc_norm      |0.1633|±  |0.0533|
|                                                                     |       |acc_norm_pmi  |0.1837|±  |0.0559|
|lighteval:global_mmlu_ca_tur_cf:high_school_microeconomics:5         |      0|acc_norm_token|0.2041|±  |0.0582|
|                                                                     |       |acc_norm      |0.3061|±  |0.0665|
|                                                                     |       |acc_norm_pmi  |0.3265|±  |0.0677|
|lighteval:global_mmlu_ca_tur_cf:high_school_physics:5                |      0|acc_norm_token|0.3409|±  |0.0723|
|                                                                     |       |acc_norm      |0.2500|±  |0.0660|
|                                                                     |       |acc_norm_pmi  |0.2727|±  |0.0679|
|lighteval:global_mmlu_ca_tur_cf:high_school_psychology:5             |      0|acc_norm_token|0.3056|±  |0.0779|
|                                                                     |       |acc_norm      |0.1389|±  |0.0585|
|                                                                     |       |acc_norm_pmi  |0.1944|±  |0.0669|
|lighteval:global_mmlu_ca_tur_cf:high_school_statistics:5             |      0|acc_norm_token|0.3261|±  |0.0699|
|                                                                     |       |acc_norm      |0.2174|±  |0.0615|
|                                                                     |       |acc_norm_pmi  |0.3261|±  |0.0699|
|lighteval:global_mmlu_ca_tur_cf:high_school_us_history:5             |      0|acc_norm_token|0.0000|±  |0.0000|
|                                                                     |       |acc_norm      |0.2000|±  |0.2000|
|                                                                     |       |acc_norm_pmi  |0.2000|±  |0.2000|
|lighteval:global_mmlu_ca_tur_cf:high_school_world_history:5          |      0|acc_norm_token|0.2000|±  |0.1069|
|                                                                     |       |acc_norm      |0.0667|±  |0.0667|
|                                                                     |       |acc_norm_pmi  |0.2000|±  |0.1069|
|lighteval:global_mmlu_ca_tur_cf:professional_accounting:5            |      0|acc_norm_token|0.1389|±  |0.0585|
|                                                                     |       |acc_norm      |0.1111|±  |0.0531|
|                                                                     |       |acc_norm_pmi  |0.2500|±  |0.0732|
|lighteval:global_mmlu_ca_tur_cf:professional_law:5                   |      0|acc_norm_token|0.3846|±  |0.1404|
|                                                                     |       |acc_norm      |0.3077|±  |0.1332|
|                                                                     |       |acc_norm_pmi  |0.1538|±  |0.1042|
|lighteval:global_mmlu_ca_tur_cf:professional_medicine:5              |      0|acc_norm_token|0.2245|±  |0.0602|
|                                                                     |       |acc_norm      |0.2857|±  |0.0652|
|                                                                     |       |acc_norm_pmi  |0.3265|±  |0.0677|
|lighteval:global_mmlu_ca_tur_cf:professional_psychology:5            |      0|acc_norm_token|0.3611|±  |0.0812|
|                                                                     |       |acc_norm      |0.1111|±  |0.0531|
|                                                                     |       |acc_norm_pmi  |0.2222|±  |0.0703|
|lighteval:global_mmlu_ca_zho_cf:_average:5                           |       |acc_norm_token|0.2598|±  |0.0693|
|                                                                     |       |acc_norm      |0.2749|±  |0.0980|
|                                                                     |       |acc_norm_pmi  |0.2397|±  |0.0860|
|lighteval:global_mmlu_ca_zho_cf:college_biology:5                    |      0|acc_norm_token|0.3061|±  |0.0665|
|                                                                     |       |acc_norm      |0.2041|±  |0.0582|
|                                                                     |       |acc_norm_pmi  |0.2041|±  |0.0582|
|lighteval:global_mmlu_ca_zho_cf:college_chemistry:5                  |      0|acc_norm_token|0.2041|±  |0.0582|
|                                                                     |       |acc_norm      |0.1633|±  |0.0533|
|                                                                     |       |acc_norm_pmi  |0.2653|±  |0.0637|
|lighteval:global_mmlu_ca_zho_cf:college_computer_science:5           |      0|acc_norm_token|0.2600|±  |0.0627|
|                                                                     |       |acc_norm      |0.2400|±  |0.0610|
|                                                                     |       |acc_norm_pmi  |0.2400|±  |0.0610|
|lighteval:global_mmlu_ca_zho_cf:college_mathematics:5                |      0|acc_norm_token|0.3469|±  |0.0687|
|                                                                     |       |acc_norm      |0.2449|±  |0.0621|
|                                                                     |       |acc_norm_pmi  |0.2041|±  |0.0582|
|lighteval:global_mmlu_ca_zho_cf:college_medicine:5                   |      0|acc_norm_token|0.2449|±  |0.0621|
|                                                                     |       |acc_norm      |0.1837|±  |0.0559|
|                                                                     |       |acc_norm_pmi  |0.1020|±  |0.0437|
|lighteval:global_mmlu_ca_zho_cf:college_physics:5                    |      0|acc_norm_token|0.3200|±  |0.0666|
|                                                                     |       |acc_norm      |0.2400|±  |0.0610|
|                                                                     |       |acc_norm_pmi  |0.3400|±  |0.0677|
|lighteval:global_mmlu_ca_zho_cf:high_school_biology:5                |      0|acc_norm_token|0.4200|±  |0.0705|
|                                                                     |       |acc_norm      |0.3400|±  |0.0677|
|                                                                     |       |acc_norm_pmi  |0.2200|±  |0.0592|
|lighteval:global_mmlu_ca_zho_cf:high_school_chemistry:5              |      0|acc_norm_token|0.1837|±  |0.0559|
|                                                                     |       |acc_norm      |0.2041|±  |0.0582|
|                                                                     |       |acc_norm_pmi  |0.2041|±  |0.0582|
|lighteval:global_mmlu_ca_zho_cf:high_school_computer_science:5       |      0|acc_norm_token|0.2449|±  |0.0621|
|                                                                     |       |acc_norm      |0.3061|±  |0.0665|
|                                                                     |       |acc_norm_pmi  |0.2245|±  |0.0602|
|lighteval:global_mmlu_ca_zho_cf:high_school_european_history:5       |      0|acc_norm_token|0.2857|±  |0.1253|
|                                                                     |       |acc_norm      |0.1429|±  |0.0971|
|                                                                     |       |acc_norm_pmi  |0.1429|±  |0.0971|
|lighteval:global_mmlu_ca_zho_cf:high_school_geography:5              |      0|acc_norm_token|0.3462|±  |0.0951|
|                                                                     |       |acc_norm      |0.3077|±  |0.0923|
|                                                                     |       |acc_norm_pmi  |0.2308|±  |0.0843|
|lighteval:global_mmlu_ca_zho_cf:high_school_government_and_politics:5|      0|acc_norm_token|0.0000|±  |0.0000|
|                                                                     |       |acc_norm      |0.5000|±  |0.5000|
|                                                                     |       |acc_norm_pmi  |0.5000|±  |0.5000|
|lighteval:global_mmlu_ca_zho_cf:high_school_macroeconomics:5         |      0|acc_norm_token|0.3000|±  |0.0734|
|                                                                     |       |acc_norm      |0.3750|±  |0.0775|
|                                                                     |       |acc_norm_pmi  |0.2000|±  |0.0641|
|lighteval:global_mmlu_ca_zho_cf:high_school_mathematics:5            |      0|acc_norm_token|0.1429|±  |0.0505|
|                                                                     |       |acc_norm      |0.1429|±  |0.0505|
|                                                                     |       |acc_norm_pmi  |0.1633|±  |0.0533|
|lighteval:global_mmlu_ca_zho_cf:high_school_microeconomics:5         |      0|acc_norm_token|0.1429|±  |0.0505|
|                                                                     |       |acc_norm      |0.3061|±  |0.0665|
|                                                                     |       |acc_norm_pmi  |0.2857|±  |0.0652|
|lighteval:global_mmlu_ca_zho_cf:high_school_physics:5                |      0|acc_norm_token|0.2045|±  |0.0615|
|                                                                     |       |acc_norm      |0.2045|±  |0.0615|
|                                                                     |       |acc_norm_pmi  |0.2955|±  |0.0696|
|lighteval:global_mmlu_ca_zho_cf:high_school_psychology:5             |      0|acc_norm_token|0.3056|±  |0.0779|
|                                                                     |       |acc_norm      |0.3611|±  |0.0812|
|                                                                     |       |acc_norm_pmi  |0.3056|±  |0.0779|
|lighteval:global_mmlu_ca_zho_cf:high_school_statistics:5             |      0|acc_norm_token|0.3261|±  |0.0699|
|                                                                     |       |acc_norm      |0.2391|±  |0.0636|
|                                                                     |       |acc_norm_pmi  |0.3261|±  |0.0699|
|lighteval:global_mmlu_ca_zho_cf:high_school_us_history:5             |      0|acc_norm_token|0.0000|±  |0.0000|
|                                                                     |       |acc_norm      |0.4000|±  |0.2449|
|                                                                     |       |acc_norm_pmi  |0.0000|±  |0.0000|
|lighteval:global_mmlu_ca_zho_cf:high_school_world_history:5          |      0|acc_norm_token|0.4667|±  |0.1333|
|                                                                     |       |acc_norm      |0.2667|±  |0.1182|
|                                                                     |       |acc_norm_pmi  |0.2667|±  |0.1182|
|lighteval:global_mmlu_ca_zho_cf:professional_accounting:5            |      0|acc_norm_token|0.3611|±  |0.0812|
|                                                                     |       |acc_norm      |0.3333|±  |0.0797|
|                                                                     |       |acc_norm_pmi  |0.3056|±  |0.0779|
|lighteval:global_mmlu_ca_zho_cf:professional_law:5                   |      0|acc_norm_token|0.3077|±  |0.1332|
|                                                                     |       |acc_norm      |0.3846|±  |0.1404|
|                                                                     |       |acc_norm_pmi  |0.2308|±  |0.1216|
|lighteval:global_mmlu_ca_zho_cf:professional_medicine:5              |      0|acc_norm_token|0.2653|±  |0.0637|
|                                                                     |       |acc_norm      |0.2857|±  |0.0652|
|                                                                     |       |acc_norm_pmi  |0.2449|±  |0.0621|
|lighteval:global_mmlu_ca_zho_cf:professional_psychology:5            |      0|acc_norm_token|0.2500|±  |0.0732|
|                                                                     |       |acc_norm      |0.2222|±  |0.0703|
|                                                                     |       |acc_norm_pmi  |0.2500|±  |0.0732|
|lighteval:mlmm_hellaswag_ara_cf:5                                    |      0|acc_norm_token|0.2510|±  |0.0137|
|                                                                     |       |acc_norm      |0.2400|±  |0.0135|
|lighteval:mlmm_hellaswag_deu_cf:5                                    |      0|acc_norm_token|0.2300|±  |0.0133|
|                                                                     |       |acc_norm      |0.2490|±  |0.0137|
|lighteval:mlmm_hellaswag_fra_cf:5                                    |      0|acc_norm_token|0.2480|±  |0.0137|
|                                                                     |       |acc_norm      |0.2370|±  |0.0135|
|lighteval:mlmm_hellaswag_hin_cf:5                                    |      0|acc_norm_token|0.2680|±  |0.0140|
|                                                                     |       |acc_norm      |0.2600|±  |0.0139|
|lighteval:mlmm_hellaswag_ita_cf:5                                    |      0|acc_norm_token|0.2560|±  |0.0138|
|                                                                     |       |acc_norm      |0.2770|±  |0.0142|
|lighteval:mlmm_hellaswag_nld_cf:5                                    |      0|acc_norm_token|0.2600|±  |0.0139|
|                                                                     |       |acc_norm      |0.2470|±  |0.0136|
|lighteval:mlmm_hellaswag_por_cf:5                                    |      0|acc_norm_token|0.2440|±  |0.0136|
|                                                                     |       |acc_norm      |0.2800|±  |0.0142|
|lighteval:mlmm_hellaswag_rus_cf:5                                    |      0|acc_norm_token|0.2630|±  |0.0139|
|                                                                     |       |acc_norm      |0.2510|±  |0.0137|
|lighteval:mlmm_hellaswag_spa_cf:5                                    |      0|acc_norm_token|0.2570|±  |0.0138|
|                                                                     |       |acc_norm      |0.2590|±  |0.0139|
|lighteval:mlmm_hellaswag_swe_cf:5                                    |      0|acc_norm_token|0.2130|±  |0.0130|
|                                                                     |       |acc_norm      |0.2330|±  |0.0134|
|lighteval:mlmm_hellaswag_zho_cf:5                                    |      0|acc_norm_token|0.2710|±  |0.0141|
|                                                                     |       |acc_norm      |0.2340|±  |0.0134|
|lighteval:xcsqa_ara_cf:5                                             |      0|acc_norm_token|0.1690|±  |0.0119|
|                                                                     |       |acc_norm      |0.1900|±  |0.0124|
|                                                                     |       |acc_norm_pmi  |0.1900|±  |0.0124|
|lighteval:xcsqa_deu_cf:5                                             |      0|acc_norm_token|0.2123|±  |0.0130|
|                                                                     |       |acc_norm      |0.2002|±  |0.0127|
|                                                                     |       |acc_norm_pmi  |0.1831|±  |0.0123|
|lighteval:xcsqa_eng_cf:5                                             |      0|acc_norm_token|0.1880|±  |0.0124|
|                                                                     |       |acc_norm      |0.2180|±  |0.0131|
|                                                                     |       |acc_norm_pmi  |0.1810|±  |0.0122|
|lighteval:xcsqa_fra_cf:5                                             |      0|acc_norm_token|0.1870|±  |0.0123|
|                                                                     |       |acc_norm      |0.1830|±  |0.0122|
|                                                                     |       |acc_norm_pmi  |0.2130|±  |0.0130|
|lighteval:xcsqa_hin_cf:5                                             |      0|acc_norm_token|0.1730|±  |0.0120|
|                                                                     |       |acc_norm      |0.1730|±  |0.0120|
|                                                                     |       |acc_norm_pmi  |0.2160|±  |0.0130|
|lighteval:xcsqa_ita_cf:5                                             |      0|acc_norm_token|0.1709|±  |0.0119|
|                                                                     |       |acc_norm      |0.2261|±  |0.0133|
|                                                                     |       |acc_norm_pmi  |0.1789|±  |0.0122|
|lighteval:xcsqa_nld_cf:5                                             |      0|acc_norm_token|0.1820|±  |0.0122|
|                                                                     |       |acc_norm      |0.2070|±  |0.0128|
|                                                                     |       |acc_norm_pmi  |0.1980|±  |0.0126|
|lighteval:xcsqa_por_cf:5                                             |      0|acc_norm_token|0.2160|±  |0.0130|
|                                                                     |       |acc_norm      |0.2100|±  |0.0129|
|                                                                     |       |acc_norm_pmi  |0.2090|±  |0.0129|
|lighteval:xcsqa_rus_cf:5                                             |      0|acc_norm_token|0.1968|±  |0.0127|
|                                                                     |       |acc_norm      |0.2262|±  |0.0133|
|                                                                     |       |acc_norm_pmi  |0.1734|±  |0.0121|
|lighteval:xcsqa_spa_cf:5                                             |      0|acc_norm_token|0.1930|±  |0.0125|
|                                                                     |       |acc_norm      |0.2140|±  |0.0130|
|                                                                     |       |acc_norm_pmi  |0.1960|±  |0.0126|
|lighteval:xcsqa_zho_cf:5                                             |      0|acc_norm_token|0.1830|±  |0.0122|
|                                                                     |       |acc_norm      |0.1960|±  |0.0126|
|                                                                     |       |acc_norm_pmi  |0.1970|±  |0.0126|

