Array task 25 / Model: /fnwi_fs/ivi/irlab/personal/saycock/multimerge/models/mixed-10-checkpoints/checkpoint_0025000
Task: all | Lang: all
INFO 04-17 04:55:51 [__init__.py:235] Automatically detected platform cuda.
1
lighteval|belebele_arb_Arab_cf
lighteval|belebele_deu_Latn_cf
lighteval|belebele_eng_Latn_cf
lighteval|belebele_fra_Latn_cf
lighteval|belebele_hin_Deva_cf
lighteval|belebele_ita_Latn_cf
lighteval|belebele_nld_Latn_cf
lighteval|belebele_por_Latn_cf
lighteval|belebele_rus_Cyrl_cf
lighteval|belebele_spa_Latn_cf
lighteval|belebele_swe_Latn_cf
lighteval|belebele_tur_Latn_cf
lighteval|belebele_zho_Hans_cf
lighteval|xcsqa_ara_cf
lighteval|xcsqa_deu_cf
lighteval|xcsqa_eng_cf
lighteval|xcsqa_fra_cf
lighteval|xcsqa_hin_cf
lighteval|xcsqa_ita_cf
lighteval|xcsqa_nld_cf
lighteval|xcsqa_por_cf
lighteval|xcsqa_rus_cf
lighteval|xcsqa_spa_cf
None
None
lighteval|xcsqa_zho_cf
lighteval|mlmm_hellaswag_ara_cf
lighteval|mlmm_hellaswag_deu_cf
leaderboard|hellaswag
lighteval|mlmm_hellaswag_fra_cf
lighteval|mlmm_hellaswag_hin_cf
lighteval|mlmm_hellaswag_ita_cf
lighteval|mlmm_hellaswag_nld_cf
lighteval|mlmm_hellaswag_por_cf
lighteval|mlmm_hellaswag_rus_cf
lighteval|mlmm_hellaswag_spa_cf
lighteval|mlmm_hellaswag_swe_cf
lighteval|community_hellaswag_tur_cf
lighteval|mlmm_hellaswag_zho_cf
lighteval|flores200:eng_Latn-arb_Arab
lighteval|flores200:eng_Latn-deu_Latn
lighteval|flores200:fra_Latn-eng_Latn
lighteval|flores200:eng_Latn-fra_Latn
lighteval|flores200:eng_Latn-hin_Deva
lighteval|flores200:eng_Latn-ita_Latn
lighteval|flores200:eng_Latn-nld_Latn
lighteval|flores200:eng_Latn-por_Latn
lighteval|flores200:eng_Latn-rus_Cyrl
lighteval|flores200:eng_Latn-spa_Latn
lighteval|flores200:eng_Latn-swe_Latn
lighteval|flores200:eng_Latn-tur_Latn
lighteval|flores200:eng_Latn-zho_Hans
lighteval|global_mmlu_ca_ara_cf
lighteval|global_mmlu_ca_deu_cf
lighteval|global_mmlu_ca_eng_cf
lighteval|global_mmlu_ca_fra_cf
lighteval|global_mmlu_ca_hin_cf
lighteval|global_mmlu_ca_ita_cf
lighteval|global_mmlu_ca_nld_cf
lighteval|global_mmlu_ca_por_cf
lighteval|global_mmlu_ca_rus_cf
lighteval|global_mmlu_ca_spa_cf
lighteval|global_mmlu_ca_swe_cf
lighteval|global_mmlu_ca_tur_cf
lighteval|global_mmlu_ca_zho_cf
|                                Task                                 |Version|    Metric    | Value |   |Stderr|
|---------------------------------------------------------------------|------:|--------------|------:|---|-----:|
|all                                                                  |       |acc           | 0.3550|±  |0.0151|
|                                                                     |       |acc_norm      | 0.2658|±  |0.0812|
|                                                                     |       |acc_norm_token| 0.2572|±  |0.0782|
|                                                                     |       |acc_norm_pmi  | 0.2710|±  |0.0819|
|                                                                     |       |chrf++        |24.6408|±  |0.2301|
|                                                                     |       |bleu          |14.1145|±  |0.2229|
|                                                                     |       |bleu_1        | 0.2200|±  |0.0032|
|                                                                     |       |bleu_4        | 0.0127|±  |0.0010|
|leaderboard:hellaswag:5                                              |      0|acc           | 0.3550|±  |0.0151|
|                                                                     |       |acc_norm      | 0.4230|±  |0.0156|
|lighteval:belebele_arb_Arab_cf:5                                     |      0|acc_norm_token| 0.3133|±  |0.0155|
|                                                                     |       |acc_norm      | 0.3422|±  |0.0158|
|lighteval:belebele_deu_Latn_cf:5                                     |      0|acc_norm_token| 0.3556|±  |0.0160|
|                                                                     |       |acc_norm      | 0.3700|±  |0.0161|
|lighteval:belebele_eng_Latn_cf:5                                     |      0|acc_norm_token| 0.3500|±  |0.0159|
|                                                                     |       |acc_norm      | 0.3422|±  |0.0158|
|lighteval:belebele_fra_Latn_cf:5                                     |      0|acc_norm_token| 0.3544|±  |0.0160|
|                                                                     |       |acc_norm      | 0.3611|±  |0.0160|
|lighteval:belebele_hin_Deva_cf:5                                     |      0|acc_norm_token| 0.2667|±  |0.0147|
|                                                                     |       |acc_norm      | 0.2633|±  |0.0147|
|lighteval:belebele_ita_Latn_cf:5                                     |      0|acc_norm_token| 0.3300|±  |0.0157|
|                                                                     |       |acc_norm      | 0.3356|±  |0.0157|
|lighteval:belebele_nld_Latn_cf:5                                     |      0|acc_norm_token| 0.3478|±  |0.0159|
|                                                                     |       |acc_norm      | 0.3644|±  |0.0161|
|lighteval:belebele_por_Latn_cf:5                                     |      0|acc_norm_token| 0.3322|±  |0.0157|
|                                                                     |       |acc_norm      | 0.3244|±  |0.0156|
|lighteval:belebele_rus_Cyrl_cf:5                                     |      0|acc_norm_token| 0.3256|±  |0.0156|
|                                                                     |       |acc_norm      | 0.3411|±  |0.0158|
|lighteval:belebele_spa_Latn_cf:5                                     |      0|acc_norm_token| 0.3400|±  |0.0158|
|                                                                     |       |acc_norm      | 0.3489|±  |0.0159|
|lighteval:belebele_swe_Latn_cf:5                                     |      0|acc_norm_token| 0.2989|±  |0.0153|
|                                                                     |       |acc_norm      | 0.3000|±  |0.0153|
|lighteval:belebele_tur_Latn_cf:5                                     |      0|acc_norm_token| 0.3111|±  |0.0154|
|                                                                     |       |acc_norm      | 0.3222|±  |0.0156|
|lighteval:belebele_zho_Hans_cf:5                                     |      0|acc_norm_token| 0.2589|±  |0.0146|
|                                                                     |       |acc_norm      | 0.2478|±  |0.0144|
|lighteval:community_hellaswag_tur_cf:5                               |      0|acc_norm_token| 0.3850|±  |0.0154|
|                                                                     |       |acc_norm      | 0.3740|±  |0.0153|
|lighteval:flores200:_average:5                                       |       |chrf++        |24.6408|±  |0.2301|
|                                                                     |       |bleu          |14.1145|±  |0.2229|
|                                                                     |       |bleu_1        | 0.2200|±  |0.0032|
|                                                                     |       |bleu_4        | 0.0127|±  |0.0010|
|lighteval:flores200:eng_Latn-arb_Arab:5                              |      0|chrf++        |22.9443|±  |0.1803|
|                                                                     |       |bleu          |12.9827|±  |0.1418|
|                                                                     |       |bleu_1        | 0.1676|±  |0.0028|
|                                                                     |       |bleu_4        | 0.0012|±  |0.0005|
|lighteval:flores200:eng_Latn-deu_Latn:5                              |      0|chrf++        |31.6123|±  |0.2925|
|                                                                     |       |bleu          |14.8796|±  |0.2573|
|                                                                     |       |bleu_1        | 0.2686|±  |0.0041|
|                                                                     |       |bleu_4        | 0.0122|±  |0.0013|
|lighteval:flores200:eng_Latn-fra_Latn:5                              |      0|chrf++        |25.4556|±  |0.3568|
|                                                                     |       |bleu          |23.2879|±  |0.3659|
|                                                                     |       |bleu_1        | 0.3495|±  |0.0046|
|                                                                     |       |bleu_4        | 0.0378|±  |0.0025|
|lighteval:flores200:eng_Latn-hin_Deva:5                              |      0|chrf++        |16.5784|±  |0.1275|
|                                                                     |       |bleu          |20.5567|±  |0.1396|
|                                                                     |       |bleu_1        | 0.0495|±  |0.0013|
|                                                                     |       |bleu_4        | 0.0000|±  |0.0000|
|lighteval:flores200:eng_Latn-ita_Latn:5                              |      0|chrf++        |26.4098|±  |0.2905|
|                                                                     |       |bleu          |20.5567|±  |0.2672|
|                                                                     |       |bleu_1        | 0.2930|±  |0.0041|
|                                                                     |       |bleu_4        | 0.0170|±  |0.0014|
|lighteval:flores200:eng_Latn-nld_Latn:5                              |      0|chrf++        |29.2159|±  |0.2911|
|                                                                     |       |bleu          |15.0323|±  |0.2771|
|                                                                     |       |bleu_1        | 0.3083|±  |0.0043|
|                                                                     |       |bleu_4        | 0.0161|±  |0.0016|
|lighteval:flores200:eng_Latn-por_Latn:5                              |      0|chrf++        |27.7513|±  |0.1509|
|                                                                     |       |bleu          | 8.3416|±  |0.1295|
|                                                                     |       |bleu_1        | 0.1874|±  |0.0030|
|                                                                     |       |bleu_4        | 0.0018|±  |0.0004|
|lighteval:flores200:eng_Latn-rus_Cyrl:5                              |      0|chrf++        |11.6236|±  |0.2646|
|                                                                     |       |bleu          | 1.5636|±  |0.2244|
|                                                                     |       |bleu_1        | 0.2491|±  |0.0038|
|                                                                     |       |bleu_4        | 0.0107|±  |0.0011|
|lighteval:flores200:eng_Latn-spa_Latn:5                              |      0|chrf++        |29.1842|±  |0.2826|
|                                                                     |       |bleu          | 9.6994|±  |0.2829|
|                                                                     |       |bleu_1        | 0.3431|±  |0.0040|
|                                                                     |       |bleu_4        | 0.0208|±  |0.0014|
|lighteval:flores200:eng_Latn-swe_Latn:5                              |      0|chrf++        |24.0271|±  |0.1187|
|                                                                     |       |bleu          |14.5040|±  |0.1390|
|                                                                     |       |bleu_1        | 0.0819|±  |0.0019|
|                                                                     |       |bleu_4        | 0.0007|±  |0.0003|
|lighteval:flores200:eng_Latn-tur_Latn:5                              |      0|chrf++        |42.0360|±  |0.1638|
|                                                                     |       |bleu          |10.6561|±  |0.1407|
|                                                                     |       |bleu_1        | 0.1477|±  |0.0027|
|                                                                     |       |bleu_4        | 0.0013|±  |0.0004|
|lighteval:flores200:eng_Latn-zho_Hans:5                              |      0|chrf++        | 4.8549|±  |0.0699|
|                                                                     |       |bleu          | 4.3686|±  |0.1214|
|                                                                     |       |bleu_1        | 0.0047|±  |0.0008|
|                                                                     |       |bleu_4        | 0.0000|±  |0.0000|
|lighteval:flores200:fra_Latn-eng_Latn:5                              |      0|chrf++        |28.6374|±  |0.4024|
|                                                                     |       |bleu          |27.0591|±  |0.4113|
|                                                                     |       |bleu_1        | 0.4103|±  |0.0049|
|                                                                     |       |bleu_4        | 0.0456|±  |0.0026|
|lighteval:global_mmlu_ca_ara_cf:_average:5                           |       |acc_norm_token| 0.2480|±  |0.0952|
|                                                                     |       |acc_norm      | 0.2358|±  |0.0931|
|                                                                     |       |acc_norm_pmi  | 0.2430|±  |0.0856|
|lighteval:global_mmlu_ca_ara_cf:college_biology:5                    |      0|acc_norm_token| 0.2245|±  |0.0602|
|                                                                     |       |acc_norm      | 0.1837|±  |0.0559|
|                                                                     |       |acc_norm_pmi  | 0.2857|±  |0.0652|
|lighteval:global_mmlu_ca_ara_cf:college_chemistry:5                  |      0|acc_norm_token| 0.1875|±  |0.0569|
|                                                                     |       |acc_norm      | 0.1875|±  |0.0569|
|                                                                     |       |acc_norm_pmi  | 0.2917|±  |0.0663|
|lighteval:global_mmlu_ca_ara_cf:college_computer_science:5           |      0|acc_norm_token| 0.2800|±  |0.0641|
|                                                                     |       |acc_norm      | 0.2600|±  |0.0627|
|                                                                     |       |acc_norm_pmi  | 0.1600|±  |0.0524|
|lighteval:global_mmlu_ca_ara_cf:college_mathematics:5                |      0|acc_norm_token| 0.2449|±  |0.0621|
|                                                                     |       |acc_norm      | 0.2041|±  |0.0582|
|                                                                     |       |acc_norm_pmi  | 0.0816|±  |0.0395|
|lighteval:global_mmlu_ca_ara_cf:college_medicine:5                   |      0|acc_norm_token| 0.1837|±  |0.0559|
|                                                                     |       |acc_norm      | 0.1837|±  |0.0559|
|                                                                     |       |acc_norm_pmi  | 0.2449|±  |0.0621|
|lighteval:global_mmlu_ca_ara_cf:college_physics:5                    |      0|acc_norm_token| 0.1633|±  |0.0533|
|                                                                     |       |acc_norm      | 0.1837|±  |0.0559|
|                                                                     |       |acc_norm_pmi  | 0.1633|±  |0.0533|
|lighteval:global_mmlu_ca_ara_cf:high_school_biology:5                |      0|acc_norm_token| 0.1800|±  |0.0549|
|                                                                     |       |acc_norm      | 0.2000|±  |0.0571|
|                                                                     |       |acc_norm_pmi  | 0.3000|±  |0.0655|
|lighteval:global_mmlu_ca_ara_cf:high_school_chemistry:5              |      0|acc_norm_token| 0.1875|±  |0.0569|
|                                                                     |       |acc_norm      | 0.2083|±  |0.0592|
|                                                                     |       |acc_norm_pmi  | 0.2708|±  |0.0648|
|lighteval:global_mmlu_ca_ara_cf:high_school_computer_science:5       |      0|acc_norm_token| 0.1633|±  |0.0533|
|                                                                     |       |acc_norm      | 0.1633|±  |0.0533|
|                                                                     |       |acc_norm_pmi  | 0.1837|±  |0.0559|
|lighteval:global_mmlu_ca_ara_cf:high_school_european_history:5       |      0|acc_norm_token| 0.2143|±  |0.1138|
|                                                                     |       |acc_norm      | 0.3571|±  |0.1329|
|                                                                     |       |acc_norm_pmi  | 0.1429|±  |0.0971|
|lighteval:global_mmlu_ca_ara_cf:high_school_geography:5              |      0|acc_norm_token| 0.3077|±  |0.0923|
|                                                                     |       |acc_norm      | 0.1923|±  |0.0788|
|                                                                     |       |acc_norm_pmi  | 0.3077|±  |0.0923|
|lighteval:global_mmlu_ca_ara_cf:high_school_government_and_politics:5|      0|acc_norm_token| 0.5000|±  |0.5000|
|                                                                     |       |acc_norm      | 0.5000|±  |0.5000|
|                                                                     |       |acc_norm_pmi  | 0.5000|±  |0.5000|
|lighteval:global_mmlu_ca_ara_cf:high_school_macroeconomics:5         |      0|acc_norm_token| 0.3000|±  |0.0734|
|                                                                     |       |acc_norm      | 0.2750|±  |0.0715|
|                                                                     |       |acc_norm_pmi  | 0.3250|±  |0.0750|
|lighteval:global_mmlu_ca_ara_cf:high_school_mathematics:5            |      0|acc_norm_token| 0.2245|±  |0.0602|
|                                                                     |       |acc_norm      | 0.2041|±  |0.0582|
|                                                                     |       |acc_norm_pmi  | 0.2245|±  |0.0602|
|lighteval:global_mmlu_ca_ara_cf:high_school_microeconomics:5         |      0|acc_norm_token| 0.2041|±  |0.0582|
|                                                                     |       |acc_norm      | 0.1837|±  |0.0559|
|                                                                     |       |acc_norm_pmi  | 0.3673|±  |0.0696|
|lighteval:global_mmlu_ca_ara_cf:high_school_physics:5                |      0|acc_norm_token| 0.3488|±  |0.0735|
|                                                                     |       |acc_norm      | 0.4186|±  |0.0761|
|                                                                     |       |acc_norm_pmi  | 0.3721|±  |0.0746|
|lighteval:global_mmlu_ca_ara_cf:high_school_psychology:5             |      0|acc_norm_token| 0.1667|±  |0.0630|
|                                                                     |       |acc_norm      | 0.0833|±  |0.0467|
|                                                                     |       |acc_norm_pmi  | 0.1667|±  |0.0630|
|lighteval:global_mmlu_ca_ara_cf:high_school_statistics:5             |      0|acc_norm_token| 0.2609|±  |0.0655|
|                                                                     |       |acc_norm      | 0.2609|±  |0.0655|
|                                                                     |       |acc_norm_pmi  | 0.2391|±  |0.0636|
|lighteval:global_mmlu_ca_ara_cf:high_school_us_history:5             |      0|acc_norm_token| 0.2000|±  |0.2000|
|                                                                     |       |acc_norm      | 0.2000|±  |0.2000|
|                                                                     |       |acc_norm_pmi  | 0.0000|±  |0.0000|
|lighteval:global_mmlu_ca_ara_cf:high_school_world_history:5          |      0|acc_norm_token| 0.4000|±  |0.1309|
|                                                                     |       |acc_norm      | 0.2000|±  |0.1069|
|                                                                     |       |acc_norm_pmi  | 0.3333|±  |0.1260|
|lighteval:global_mmlu_ca_ara_cf:professional_accounting:5            |      0|acc_norm_token| 0.1944|±  |0.0669|
|                                                                     |       |acc_norm      | 0.1667|±  |0.0630|
|                                                                     |       |acc_norm_pmi  | 0.2778|±  |0.0757|
|lighteval:global_mmlu_ca_ara_cf:professional_law:5                   |      0|acc_norm_token| 0.3077|±  |0.1332|
|                                                                     |       |acc_norm      | 0.2308|±  |0.1216|
|                                                                     |       |acc_norm_pmi  | 0.1538|±  |0.1042|
|lighteval:global_mmlu_ca_ara_cf:professional_medicine:5              |      0|acc_norm_token| 0.2857|±  |0.0652|
|                                                                     |       |acc_norm      | 0.2245|±  |0.0602|
|                                                                     |       |acc_norm_pmi  | 0.2449|±  |0.0621|
|lighteval:global_mmlu_ca_ara_cf:professional_psychology:5            |      0|acc_norm_token| 0.2222|±  |0.0703|
|                                                                     |       |acc_norm      | 0.3889|±  |0.0824|
|                                                                     |       |acc_norm_pmi  | 0.1944|±  |0.0669|
|lighteval:global_mmlu_ca_deu_cf:_average:5                           |       |acc_norm_token| 0.2502|±  |0.0871|
|                                                                     |       |acc_norm      | 0.2815|±  |0.0994|
|                                                                     |       |acc_norm_pmi  | 0.2933|±  |0.1002|
|lighteval:global_mmlu_ca_deu_cf:college_biology:5                    |      0|acc_norm_token| 0.2653|±  |0.0637|
|                                                                     |       |acc_norm      | 0.2245|±  |0.0602|
|                                                                     |       |acc_norm_pmi  | 0.3265|±  |0.0677|
|lighteval:global_mmlu_ca_deu_cf:college_chemistry:5                  |      0|acc_norm_token| 0.2245|±  |0.0602|
|                                                                     |       |acc_norm      | 0.2245|±  |0.0602|
|                                                                     |       |acc_norm_pmi  | 0.3469|±  |0.0687|
|lighteval:global_mmlu_ca_deu_cf:college_computer_science:5           |      0|acc_norm_token| 0.1800|±  |0.0549|
|                                                                     |       |acc_norm      | 0.2000|±  |0.0571|
|                                                                     |       |acc_norm_pmi  | 0.1800|±  |0.0549|
|lighteval:global_mmlu_ca_deu_cf:college_mathematics:5                |      0|acc_norm_token| 0.2245|±  |0.0602|
|                                                                     |       |acc_norm      | 0.2041|±  |0.0582|
|                                                                     |       |acc_norm_pmi  | 0.2245|±  |0.0602|
|lighteval:global_mmlu_ca_deu_cf:college_medicine:5                   |      0|acc_norm_token| 0.1837|±  |0.0559|
|                                                                     |       |acc_norm      | 0.2041|±  |0.0582|
|                                                                     |       |acc_norm_pmi  | 0.1633|±  |0.0533|
|lighteval:global_mmlu_ca_deu_cf:college_physics:5                    |      0|acc_norm_token| 0.1400|±  |0.0496|
|                                                                     |       |acc_norm      | 0.1800|±  |0.0549|
|                                                                     |       |acc_norm_pmi  | 0.2800|±  |0.0641|
|lighteval:global_mmlu_ca_deu_cf:high_school_biology:5                |      0|acc_norm_token| 0.2600|±  |0.0627|
|                                                                     |       |acc_norm      | 0.2600|±  |0.0627|
|                                                                     |       |acc_norm_pmi  | 0.3400|±  |0.0677|
|lighteval:global_mmlu_ca_deu_cf:high_school_chemistry:5              |      0|acc_norm_token| 0.2245|±  |0.0602|
|                                                                     |       |acc_norm      | 0.3061|±  |0.0665|
|                                                                     |       |acc_norm_pmi  | 0.2653|±  |0.0637|
|lighteval:global_mmlu_ca_deu_cf:high_school_computer_science:5       |      0|acc_norm_token| 0.0816|±  |0.0395|
|                                                                     |       |acc_norm      | 0.1429|±  |0.0505|
|                                                                     |       |acc_norm_pmi  | 0.2245|±  |0.0602|
|lighteval:global_mmlu_ca_deu_cf:high_school_european_history:5       |      0|acc_norm_token| 0.1429|±  |0.0971|
|                                                                     |       |acc_norm      | 0.3571|±  |0.1329|
|                                                                     |       |acc_norm_pmi  | 0.2857|±  |0.1253|
|lighteval:global_mmlu_ca_deu_cf:high_school_geography:5              |      0|acc_norm_token| 0.3077|±  |0.0923|
|                                                                     |       |acc_norm      | 0.2308|±  |0.0843|
|                                                                     |       |acc_norm_pmi  | 0.3077|±  |0.0923|
|lighteval:global_mmlu_ca_deu_cf:high_school_government_and_politics:5|      0|acc_norm_token| 0.5000|±  |0.5000|
|                                                                     |       |acc_norm      | 0.5000|±  |0.5000|
|                                                                     |       |acc_norm_pmi  | 0.5000|±  |0.5000|
|lighteval:global_mmlu_ca_deu_cf:high_school_macroeconomics:5         |      0|acc_norm_token| 0.2500|±  |0.0693|
|                                                                     |       |acc_norm      | 0.3500|±  |0.0764|
|                                                                     |       |acc_norm_pmi  | 0.2750|±  |0.0715|
|lighteval:global_mmlu_ca_deu_cf:high_school_mathematics:5            |      0|acc_norm_token| 0.2449|±  |0.0621|
|                                                                     |       |acc_norm      | 0.2041|±  |0.0582|
|                                                                     |       |acc_norm_pmi  | 0.1429|±  |0.0505|
|lighteval:global_mmlu_ca_deu_cf:high_school_microeconomics:5         |      0|acc_norm_token| 0.3061|±  |0.0665|
|                                                                     |       |acc_norm      | 0.3265|±  |0.0677|
|                                                                     |       |acc_norm_pmi  | 0.2449|±  |0.0621|
|lighteval:global_mmlu_ca_deu_cf:high_school_physics:5                |      0|acc_norm_token| 0.3636|±  |0.0734|
|                                                                     |       |acc_norm      | 0.3409|±  |0.0723|
|                                                                     |       |acc_norm_pmi  | 0.3636|±  |0.0734|
|lighteval:global_mmlu_ca_deu_cf:high_school_psychology:5             |      0|acc_norm_token| 0.2222|±  |0.0703|
|                                                                     |       |acc_norm      | 0.2222|±  |0.0703|
|                                                                     |       |acc_norm_pmi  | 0.3056|±  |0.0779|
|lighteval:global_mmlu_ca_deu_cf:high_school_statistics:5             |      0|acc_norm_token| 0.3043|±  |0.0686|
|                                                                     |       |acc_norm      | 0.3043|±  |0.0686|
|                                                                     |       |acc_norm_pmi  | 0.2609|±  |0.0655|
|lighteval:global_mmlu_ca_deu_cf:high_school_us_history:5             |      0|acc_norm_token| 0.0000|±  |0.0000|
|                                                                     |       |acc_norm      | 0.4000|±  |0.2449|
|                                                                     |       |acc_norm_pmi  | 0.4000|±  |0.2449|
|lighteval:global_mmlu_ca_deu_cf:high_school_world_history:5          |      0|acc_norm_token| 0.4000|±  |0.1309|
|                                                                     |       |acc_norm      | 0.3333|±  |0.1260|
|                                                                     |       |acc_norm_pmi  | 0.4667|±  |0.1333|
|lighteval:global_mmlu_ca_deu_cf:professional_accounting:5            |      0|acc_norm_token| 0.3056|±  |0.0779|
|                                                                     |       |acc_norm      | 0.3333|±  |0.0797|
|                                                                     |       |acc_norm_pmi  | 0.2500|±  |0.0732|
|lighteval:global_mmlu_ca_deu_cf:professional_law:5                   |      0|acc_norm_token| 0.3846|±  |0.1404|
|                                                                     |       |acc_norm      | 0.3077|±  |0.1332|
|                                                                     |       |acc_norm_pmi  | 0.3077|±  |0.1332|
|lighteval:global_mmlu_ca_deu_cf:professional_medicine:5              |      0|acc_norm_token| 0.1837|±  |0.0559|
|                                                                     |       |acc_norm      | 0.2653|±  |0.0637|
|                                                                     |       |acc_norm_pmi  | 0.2449|±  |0.0621|
|lighteval:global_mmlu_ca_deu_cf:professional_psychology:5            |      0|acc_norm_token| 0.3056|±  |0.0779|
|                                                                     |       |acc_norm      | 0.3333|±  |0.0797|
|                                                                     |       |acc_norm_pmi  | 0.3333|±  |0.0797|
|lighteval:global_mmlu_ca_eng_cf:_average:5                           |       |acc_norm_token| 0.2439|±  |0.0758|
|                                                                     |       |acc_norm      | 0.2448|±  |0.0750|
|                                                                     |       |acc_norm_pmi  | 0.2864|±  |0.0771|
|lighteval:global_mmlu_ca_eng_cf:college_biology:5                    |      0|acc_norm_token| 0.3265|±  |0.0677|
|                                                                     |       |acc_norm      | 0.3265|±  |0.0677|
|                                                                     |       |acc_norm_pmi  | 0.3878|±  |0.0703|
|lighteval:global_mmlu_ca_eng_cf:college_chemistry:5                  |      0|acc_norm_token| 0.3265|±  |0.0677|
|                                                                     |       |acc_norm      | 0.2449|±  |0.0621|
|                                                                     |       |acc_norm_pmi  | 0.2857|±  |0.0652|
|lighteval:global_mmlu_ca_eng_cf:college_computer_science:5           |      0|acc_norm_token| 0.2400|±  |0.0610|
|                                                                     |       |acc_norm      | 0.2200|±  |0.0592|
|                                                                     |       |acc_norm_pmi  | 0.2200|±  |0.0592|
|lighteval:global_mmlu_ca_eng_cf:college_mathematics:5                |      0|acc_norm_token| 0.2653|±  |0.0637|
|                                                                     |       |acc_norm      | 0.2449|±  |0.0621|
|                                                                     |       |acc_norm_pmi  | 0.2245|±  |0.0602|
|lighteval:global_mmlu_ca_eng_cf:college_medicine:5                   |      0|acc_norm_token| 0.2245|±  |0.0602|
|                                                                     |       |acc_norm      | 0.2245|±  |0.0602|
|                                                                     |       |acc_norm_pmi  | 0.2653|±  |0.0637|
|lighteval:global_mmlu_ca_eng_cf:college_physics:5                    |      0|acc_norm_token| 0.1800|±  |0.0549|
|                                                                     |       |acc_norm      | 0.1800|±  |0.0549|
|                                                                     |       |acc_norm_pmi  | 0.3000|±  |0.0655|
|lighteval:global_mmlu_ca_eng_cf:high_school_biology:5                |      0|acc_norm_token| 0.3000|±  |0.0655|
|                                                                     |       |acc_norm      | 0.3000|±  |0.0655|
|                                                                     |       |acc_norm_pmi  | 0.3200|±  |0.0666|
|lighteval:global_mmlu_ca_eng_cf:high_school_chemistry:5              |      0|acc_norm_token| 0.2449|±  |0.0621|
|                                                                     |       |acc_norm      | 0.2857|±  |0.0652|
|                                                                     |       |acc_norm_pmi  | 0.2449|±  |0.0621|
|lighteval:global_mmlu_ca_eng_cf:high_school_computer_science:5       |      0|acc_norm_token| 0.1224|±  |0.0473|
|                                                                     |       |acc_norm      | 0.1633|±  |0.0533|
|                                                                     |       |acc_norm_pmi  | 0.2245|±  |0.0602|
|lighteval:global_mmlu_ca_eng_cf:high_school_european_history:5       |      0|acc_norm_token| 0.2857|±  |0.1253|
|                                                                     |       |acc_norm      | 0.2143|±  |0.1138|
|                                                                     |       |acc_norm_pmi  | 0.2143|±  |0.1138|
|lighteval:global_mmlu_ca_eng_cf:high_school_geography:5              |      0|acc_norm_token| 0.3077|±  |0.0923|
|                                                                     |       |acc_norm      | 0.3462|±  |0.0951|
|                                                                     |       |acc_norm_pmi  | 0.3846|±  |0.0973|
|lighteval:global_mmlu_ca_eng_cf:high_school_government_and_politics:5|      0|acc_norm_token| 0.0000|±  |0.0000|
|                                                                     |       |acc_norm      | 0.0000|±  |0.0000|
|                                                                     |       |acc_norm_pmi  | 0.0000|±  |0.0000|
|lighteval:global_mmlu_ca_eng_cf:high_school_macroeconomics:5         |      0|acc_norm_token| 0.1750|±  |0.0608|
|                                                                     |       |acc_norm      | 0.2750|±  |0.0715|
|                                                                     |       |acc_norm_pmi  | 0.2500|±  |0.0693|
|lighteval:global_mmlu_ca_eng_cf:high_school_mathematics:5            |      0|acc_norm_token| 0.2245|±  |0.0602|
|                                                                     |       |acc_norm      | 0.2041|±  |0.0582|
|                                                                     |       |acc_norm_pmi  | 0.1429|±  |0.0505|
|lighteval:global_mmlu_ca_eng_cf:high_school_microeconomics:5         |      0|acc_norm_token| 0.2653|±  |0.0637|
|                                                                     |       |acc_norm      | 0.3061|±  |0.0665|
|                                                                     |       |acc_norm_pmi  | 0.2041|±  |0.0582|
|lighteval:global_mmlu_ca_eng_cf:high_school_physics:5                |      0|acc_norm_token| 0.2727|±  |0.0679|
|                                                                     |       |acc_norm      | 0.2500|±  |0.0660|
|                                                                     |       |acc_norm_pmi  | 0.3636|±  |0.0734|
|lighteval:global_mmlu_ca_eng_cf:high_school_psychology:5             |      0|acc_norm_token| 0.2778|±  |0.0757|
|                                                                     |       |acc_norm      | 0.2778|±  |0.0757|
|                                                                     |       |acc_norm_pmi  | 0.2500|±  |0.0732|
|lighteval:global_mmlu_ca_eng_cf:high_school_statistics:5             |      0|acc_norm_token| 0.2826|±  |0.0671|
|                                                                     |       |acc_norm      | 0.3478|±  |0.0710|
|                                                                     |       |acc_norm_pmi  | 0.3696|±  |0.0720|
|lighteval:global_mmlu_ca_eng_cf:high_school_us_history:5             |      0|acc_norm_token| 0.2000|±  |0.2000|
|                                                                     |       |acc_norm      | 0.2000|±  |0.2000|
|                                                                     |       |acc_norm_pmi  | 0.8000|±  |0.2000|
|lighteval:global_mmlu_ca_eng_cf:high_school_world_history:5          |      0|acc_norm_token| 0.2667|±  |0.1182|
|                                                                     |       |acc_norm      | 0.2000|±  |0.1069|
|                                                                     |       |acc_norm_pmi  | 0.3333|±  |0.1260|
|lighteval:global_mmlu_ca_eng_cf:professional_accounting:5            |      0|acc_norm_token| 0.2778|±  |0.0757|
|                                                                     |       |acc_norm      | 0.3056|±  |0.0779|
|                                                                     |       |acc_norm_pmi  | 0.2778|±  |0.0757|
|lighteval:global_mmlu_ca_eng_cf:professional_law:5                   |      0|acc_norm_token| 0.2308|±  |0.1216|
|                                                                     |       |acc_norm      | 0.1538|±  |0.1042|
|                                                                     |       |acc_norm_pmi  | 0.3077|±  |0.1332|
|lighteval:global_mmlu_ca_eng_cf:professional_medicine:5              |      0|acc_norm_token| 0.3061|±  |0.0665|
|                                                                     |       |acc_norm      | 0.3265|±  |0.0677|
|                                                                     |       |acc_norm_pmi  | 0.2245|±  |0.0602|
|lighteval:global_mmlu_ca_eng_cf:professional_psychology:5            |      0|acc_norm_token| 0.2500|±  |0.0732|
|                                                                     |       |acc_norm      | 0.2778|±  |0.0757|
|                                                                     |       |acc_norm_pmi  | 0.2778|±  |0.0757|
|lighteval:global_mmlu_ca_fra_cf:_average:5                           |       |acc_norm_token| 0.2681|±  |0.0967|
|                                                                     |       |acc_norm      | 0.2649|±  |0.0960|
|                                                                     |       |acc_norm_pmi  | 0.2989|±  |0.0797|
|lighteval:global_mmlu_ca_fra_cf:college_biology:5                    |      0|acc_norm_token| 0.2653|±  |0.0637|
|                                                                     |       |acc_norm      | 0.3061|±  |0.0665|
|                                                                     |       |acc_norm_pmi  | 0.4082|±  |0.0709|
|lighteval:global_mmlu_ca_fra_cf:college_chemistry:5                  |      0|acc_norm_token| 0.2449|±  |0.0621|
|                                                                     |       |acc_norm      | 0.2041|±  |0.0582|
|                                                                     |       |acc_norm_pmi  | 0.2653|±  |0.0637|
|lighteval:global_mmlu_ca_fra_cf:college_computer_science:5           |      0|acc_norm_token| 0.1800|±  |0.0549|
|                                                                     |       |acc_norm      | 0.2200|±  |0.0592|
|                                                                     |       |acc_norm_pmi  | 0.2800|±  |0.0641|
|lighteval:global_mmlu_ca_fra_cf:college_mathematics:5                |      0|acc_norm_token| 0.2449|±  |0.0621|
|                                                                     |       |acc_norm      | 0.1837|±  |0.0559|
|                                                                     |       |acc_norm_pmi  | 0.3061|±  |0.0665|
|lighteval:global_mmlu_ca_fra_cf:college_medicine:5                   |      0|acc_norm_token| 0.2041|±  |0.0582|
|                                                                     |       |acc_norm      | 0.2041|±  |0.0582|
|                                                                     |       |acc_norm_pmi  | 0.2449|±  |0.0621|
|lighteval:global_mmlu_ca_fra_cf:college_physics:5                    |      0|acc_norm_token| 0.1800|±  |0.0549|
|                                                                     |       |acc_norm      | 0.1600|±  |0.0524|
|                                                                     |       |acc_norm_pmi  | 0.2800|±  |0.0641|
|lighteval:global_mmlu_ca_fra_cf:high_school_biology:5                |      0|acc_norm_token| 0.3200|±  |0.0666|
|                                                                     |       |acc_norm      | 0.3000|±  |0.0655|
|                                                                     |       |acc_norm_pmi  | 0.3200|±  |0.0666|
|lighteval:global_mmlu_ca_fra_cf:high_school_chemistry:5              |      0|acc_norm_token| 0.1633|±  |0.0533|
|                                                                     |       |acc_norm      | 0.2449|±  |0.0621|
|                                                                     |       |acc_norm_pmi  | 0.2041|±  |0.0582|
|lighteval:global_mmlu_ca_fra_cf:high_school_computer_science:5       |      0|acc_norm_token| 0.1224|±  |0.0473|
|                                                                     |       |acc_norm      | 0.1633|±  |0.0533|
|                                                                     |       |acc_norm_pmi  | 0.2245|±  |0.0602|
|lighteval:global_mmlu_ca_fra_cf:high_school_european_history:5       |      0|acc_norm_token| 0.4286|±  |0.1373|
|                                                                     |       |acc_norm      | 0.2857|±  |0.1253|
|                                                                     |       |acc_norm_pmi  | 0.4286|±  |0.1373|
|lighteval:global_mmlu_ca_fra_cf:high_school_geography:5              |      0|acc_norm_token| 0.3846|±  |0.0973|
|                                                                     |       |acc_norm      | 0.0769|±  |0.0533|
|                                                                     |       |acc_norm_pmi  | 0.1538|±  |0.0722|
|lighteval:global_mmlu_ca_fra_cf:high_school_government_and_politics:5|      0|acc_norm_token| 0.5000|±  |0.5000|
|                                                                     |       |acc_norm      | 0.5000|±  |0.5000|
|                                                                     |       |acc_norm_pmi  | 0.0000|±  |0.0000|
|lighteval:global_mmlu_ca_fra_cf:high_school_macroeconomics:5         |      0|acc_norm_token| 0.2250|±  |0.0669|
|                                                                     |       |acc_norm      | 0.2000|±  |0.0641|
|                                                                     |       |acc_norm_pmi  | 0.3250|±  |0.0750|
|lighteval:global_mmlu_ca_fra_cf:high_school_mathematics:5            |      0|acc_norm_token| 0.2041|±  |0.0582|
|                                                                     |       |acc_norm      | 0.2041|±  |0.0582|
|                                                                     |       |acc_norm_pmi  | 0.2245|±  |0.0602|
|lighteval:global_mmlu_ca_fra_cf:high_school_microeconomics:5         |      0|acc_norm_token| 0.2449|±  |0.0621|
|                                                                     |       |acc_norm      | 0.2653|±  |0.0637|
|                                                                     |       |acc_norm_pmi  | 0.2653|±  |0.0637|
|lighteval:global_mmlu_ca_fra_cf:high_school_physics:5                |      0|acc_norm_token| 0.4318|±  |0.0755|
|                                                                     |       |acc_norm      | 0.3636|±  |0.0734|
|                                                                     |       |acc_norm_pmi  | 0.3182|±  |0.0710|
|lighteval:global_mmlu_ca_fra_cf:high_school_psychology:5             |      0|acc_norm_token| 0.1667|±  |0.0630|
|                                                                     |       |acc_norm      | 0.3056|±  |0.0779|
|                                                                     |       |acc_norm_pmi  | 0.2500|±  |0.0732|
|lighteval:global_mmlu_ca_fra_cf:high_school_statistics:5             |      0|acc_norm_token| 0.3261|±  |0.0699|
|                                                                     |       |acc_norm      | 0.3696|±  |0.0720|
|                                                                     |       |acc_norm_pmi  | 0.1957|±  |0.0591|
|lighteval:global_mmlu_ca_fra_cf:high_school_us_history:5             |      0|acc_norm_token| 0.2000|±  |0.2000|
|                                                                     |       |acc_norm      | 0.2000|±  |0.2000|
|                                                                     |       |acc_norm_pmi  | 0.6000|±  |0.2449|
|lighteval:global_mmlu_ca_fra_cf:high_school_world_history:5          |      0|acc_norm_token| 0.3333|±  |0.1260|
|                                                                     |       |acc_norm      | 0.3333|±  |0.1260|
|                                                                     |       |acc_norm_pmi  | 0.6667|±  |0.1260|
|lighteval:global_mmlu_ca_fra_cf:professional_accounting:5            |      0|acc_norm_token| 0.2222|±  |0.0703|
|                                                                     |       |acc_norm      | 0.3056|±  |0.0779|
|                                                                     |       |acc_norm_pmi  | 0.3056|±  |0.0779|
|lighteval:global_mmlu_ca_fra_cf:professional_law:5                   |      0|acc_norm_token| 0.3077|±  |0.1332|
|                                                                     |       |acc_norm      | 0.3846|±  |0.1404|
|                                                                     |       |acc_norm_pmi  | 0.3077|±  |0.1332|
|lighteval:global_mmlu_ca_fra_cf:professional_medicine:5              |      0|acc_norm_token| 0.2857|±  |0.0652|
|                                                                     |       |acc_norm      | 0.3265|±  |0.0677|
|                                                                     |       |acc_norm_pmi  | 0.2653|±  |0.0637|
|lighteval:global_mmlu_ca_fra_cf:professional_psychology:5            |      0|acc_norm_token| 0.2500|±  |0.0732|
|                                                                     |       |acc_norm      | 0.2500|±  |0.0732|
|                                                                     |       |acc_norm_pmi  | 0.3333|±  |0.0797|
|lighteval:global_mmlu_ca_hin_cf:_average:5                           |       |acc_norm_token| 0.2274|±  |0.0732|
|                                                                     |       |acc_norm      | 0.2705|±  |0.0976|
|                                                                     |       |acc_norm_pmi  | 0.2565|±  |0.0956|
|lighteval:global_mmlu_ca_hin_cf:college_biology:5                    |      0|acc_norm_token| 0.3061|±  |0.0665|
|                                                                     |       |acc_norm      | 0.2449|±  |0.0621|
|                                                                     |       |acc_norm_pmi  | 0.2857|±  |0.0652|
|lighteval:global_mmlu_ca_hin_cf:college_chemistry:5                  |      0|acc_norm_token| 0.2979|±  |0.0674|
|                                                                     |       |acc_norm      | 0.2128|±  |0.0603|
|                                                                     |       |acc_norm_pmi  | 0.2553|±  |0.0643|
|lighteval:global_mmlu_ca_hin_cf:college_computer_science:5           |      0|acc_norm_token| 0.2000|±  |0.0571|
|                                                                     |       |acc_norm      | 0.2200|±  |0.0592|
|                                                                     |       |acc_norm_pmi  | 0.2000|±  |0.0571|
|lighteval:global_mmlu_ca_hin_cf:college_mathematics:5                |      0|acc_norm_token| 0.2245|±  |0.0602|
|                                                                     |       |acc_norm      | 0.0816|±  |0.0395|
|                                                                     |       |acc_norm_pmi  | 0.1837|±  |0.0559|
|lighteval:global_mmlu_ca_hin_cf:college_medicine:5                   |      0|acc_norm_token| 0.1837|±  |0.0559|
|                                                                     |       |acc_norm      | 0.2041|±  |0.0582|
|                                                                     |       |acc_norm_pmi  | 0.2245|±  |0.0602|
|lighteval:global_mmlu_ca_hin_cf:college_physics:5                    |      0|acc_norm_token| 0.1250|±  |0.0482|
|                                                                     |       |acc_norm      | 0.2500|±  |0.0632|
|                                                                     |       |acc_norm_pmi  | 0.2292|±  |0.0613|
|lighteval:global_mmlu_ca_hin_cf:high_school_biology:5                |      0|acc_norm_token| 0.2400|±  |0.0610|
|                                                                     |       |acc_norm      | 0.2600|±  |0.0627|
|                                                                     |       |acc_norm_pmi  | 0.1800|±  |0.0549|
|lighteval:global_mmlu_ca_hin_cf:high_school_chemistry:5              |      0|acc_norm_token| 0.2292|±  |0.0613|
|                                                                     |       |acc_norm      | 0.2083|±  |0.0592|
|                                                                     |       |acc_norm_pmi  | 0.1667|±  |0.0544|
|lighteval:global_mmlu_ca_hin_cf:high_school_computer_science:5       |      0|acc_norm_token| 0.2857|±  |0.0652|
|                                                                     |       |acc_norm      | 0.2653|±  |0.0637|
|                                                                     |       |acc_norm_pmi  | 0.1633|±  |0.0533|
|lighteval:global_mmlu_ca_hin_cf:high_school_european_history:5       |      0|acc_norm_token| 0.3571|±  |0.1329|
|                                                                     |       |acc_norm      | 0.3571|±  |0.1329|
|                                                                     |       |acc_norm_pmi  | 0.3571|±  |0.1329|
|lighteval:global_mmlu_ca_hin_cf:high_school_geography:5              |      0|acc_norm_token| 0.3462|±  |0.0951|
|                                                                     |       |acc_norm      | 0.1538|±  |0.0722|
|                                                                     |       |acc_norm_pmi  | 0.2308|±  |0.0843|
|lighteval:global_mmlu_ca_hin_cf:high_school_government_and_politics:5|      0|acc_norm_token| 0.0000|±  |0.0000|
|                                                                     |       |acc_norm      | 0.5000|±  |0.5000|
|                                                                     |       |acc_norm_pmi  | 0.5000|±  |0.5000|
|lighteval:global_mmlu_ca_hin_cf:high_school_macroeconomics:5         |      0|acc_norm_token| 0.1250|±  |0.0530|
|                                                                     |       |acc_norm      | 0.2500|±  |0.0693|
|                                                                     |       |acc_norm_pmi  | 0.2000|±  |0.0641|
|lighteval:global_mmlu_ca_hin_cf:high_school_mathematics:5            |      0|acc_norm_token| 0.1020|±  |0.0437|
|                                                                     |       |acc_norm      | 0.0816|±  |0.0395|
|                                                                     |       |acc_norm_pmi  | 0.1429|±  |0.0505|
|lighteval:global_mmlu_ca_hin_cf:high_school_microeconomics:5         |      0|acc_norm_token| 0.2857|±  |0.0652|
|                                                                     |       |acc_norm      | 0.2653|±  |0.0637|
|                                                                     |       |acc_norm_pmi  | 0.3673|±  |0.0696|
|lighteval:global_mmlu_ca_hin_cf:high_school_physics:5                |      0|acc_norm_token| 0.3256|±  |0.0723|
|                                                                     |       |acc_norm      | 0.2558|±  |0.0673|
|                                                                     |       |acc_norm_pmi  | 0.3721|±  |0.0746|
|lighteval:global_mmlu_ca_hin_cf:high_school_psychology:5             |      0|acc_norm_token| 0.3056|±  |0.0779|
|                                                                     |       |acc_norm      | 0.2778|±  |0.0757|
|                                                                     |       |acc_norm_pmi  | 0.3333|±  |0.0797|
|lighteval:global_mmlu_ca_hin_cf:high_school_statistics:5             |      0|acc_norm_token| 0.3261|±  |0.0699|
|                                                                     |       |acc_norm      | 0.3696|±  |0.0720|
|                                                                     |       |acc_norm_pmi  | 0.3043|±  |0.0686|
|lighteval:global_mmlu_ca_hin_cf:high_school_us_history:5             |      0|acc_norm_token| 0.2000|±  |0.2000|
|                                                                     |       |acc_norm      | 0.4000|±  |0.2449|
|                                                                     |       |acc_norm_pmi  | 0.2000|±  |0.2000|
|lighteval:global_mmlu_ca_hin_cf:high_school_world_history:5          |      0|acc_norm_token| 0.2000|±  |0.1069|
|                                                                     |       |acc_norm      | 0.2667|±  |0.1182|
|                                                                     |       |acc_norm_pmi  | 0.4000|±  |0.1309|
|lighteval:global_mmlu_ca_hin_cf:professional_accounting:5            |      0|acc_norm_token| 0.1667|±  |0.0630|
|                                                                     |       |acc_norm      | 0.3056|±  |0.0779|
|                                                                     |       |acc_norm_pmi  | 0.1389|±  |0.0585|
|lighteval:global_mmlu_ca_hin_cf:professional_law:5                   |      0|acc_norm_token| 0.1538|±  |0.1042|
|                                                                     |       |acc_norm      | 0.5385|±  |0.1439|
|                                                                     |       |acc_norm_pmi  | 0.2308|±  |0.1216|
|lighteval:global_mmlu_ca_hin_cf:professional_medicine:5              |      0|acc_norm_token| 0.3061|±  |0.0665|
|                                                                     |       |acc_norm      | 0.2449|±  |0.0621|
|                                                                     |       |acc_norm_pmi  | 0.1837|±  |0.0559|
|lighteval:global_mmlu_ca_hin_cf:professional_psychology:5            |      0|acc_norm_token| 0.1667|±  |0.0630|
|                                                                     |       |acc_norm      | 0.2778|±  |0.0757|
|                                                                     |       |acc_norm_pmi  | 0.3056|±  |0.0779|
|lighteval:global_mmlu_ca_ita_cf:_average:5                           |       |acc_norm_token| 0.2695|±  |0.0890|
|                                                                     |       |acc_norm      | 0.2813|±  |0.0676|
|                                                                     |       |acc_norm_pmi  | 0.2846|±  |0.0784|
|lighteval:global_mmlu_ca_ita_cf:college_biology:5                    |      0|acc_norm_token| 0.3878|±  |0.0703|
|                                                                     |       |acc_norm      | 0.3061|±  |0.0665|
|                                                                     |       |acc_norm_pmi  | 0.3469|±  |0.0687|
|lighteval:global_mmlu_ca_ita_cf:college_chemistry:5                  |      0|acc_norm_token| 0.2653|±  |0.0637|
|                                                                     |       |acc_norm      | 0.2653|±  |0.0637|
|                                                                     |       |acc_norm_pmi  | 0.3061|±  |0.0665|
|lighteval:global_mmlu_ca_ita_cf:college_computer_science:5           |      0|acc_norm_token| 0.3800|±  |0.0693|
|                                                                     |       |acc_norm      | 0.2600|±  |0.0627|
|                                                                     |       |acc_norm_pmi  | 0.2600|±  |0.0627|
|lighteval:global_mmlu_ca_ita_cf:college_mathematics:5                |      0|acc_norm_token| 0.1837|±  |0.0559|
|                                                                     |       |acc_norm      | 0.2041|±  |0.0582|
|                                                                     |       |acc_norm_pmi  | 0.2653|±  |0.0637|
|lighteval:global_mmlu_ca_ita_cf:college_medicine:5                   |      0|acc_norm_token| 0.2449|±  |0.0621|
|                                                                     |       |acc_norm      | 0.2449|±  |0.0621|
|                                                                     |       |acc_norm_pmi  | 0.2041|±  |0.0582|
|lighteval:global_mmlu_ca_ita_cf:college_physics:5                    |      0|acc_norm_token| 0.2000|±  |0.0571|
|                                                                     |       |acc_norm      | 0.1400|±  |0.0496|
|                                                                     |       |acc_norm_pmi  | 0.3600|±  |0.0686|
|lighteval:global_mmlu_ca_ita_cf:high_school_biology:5                |      0|acc_norm_token| 0.2800|±  |0.0641|
|                                                                     |       |acc_norm      | 0.3400|±  |0.0677|
|                                                                     |       |acc_norm_pmi  | 0.3000|±  |0.0655|
|lighteval:global_mmlu_ca_ita_cf:high_school_chemistry:5              |      0|acc_norm_token| 0.2245|±  |0.0602|
|                                                                     |       |acc_norm      | 0.2245|±  |0.0602|
|                                                                     |       |acc_norm_pmi  | 0.2857|±  |0.0652|
|lighteval:global_mmlu_ca_ita_cf:high_school_computer_science:5       |      0|acc_norm_token| 0.1429|±  |0.0505|
|                                                                     |       |acc_norm      | 0.1429|±  |0.0505|
|                                                                     |       |acc_norm_pmi  | 0.2245|±  |0.0602|
|lighteval:global_mmlu_ca_ita_cf:high_school_european_history:5       |      0|acc_norm_token| 0.2143|±  |0.1138|
|                                                                     |       |acc_norm      | 0.3571|±  |0.1329|
|                                                                     |       |acc_norm_pmi  | 0.2857|±  |0.1253|
|lighteval:global_mmlu_ca_ita_cf:high_school_geography:5              |      0|acc_norm_token| 0.3462|±  |0.0951|
|                                                                     |       |acc_norm      | 0.2308|±  |0.0843|
|                                                                     |       |acc_norm_pmi  | 0.5769|±  |0.0988|
|lighteval:global_mmlu_ca_ita_cf:high_school_government_and_politics:5|      0|acc_norm_token| 0.5000|±  |0.5000|
|                                                                     |       |acc_norm      | 1.0000|±  |0.0000|
|                                                                     |       |acc_norm_pmi  | 0.0000|±  |0.0000|
|lighteval:global_mmlu_ca_ita_cf:high_school_macroeconomics:5         |      0|acc_norm_token| 0.2250|±  |0.0669|
|                                                                     |       |acc_norm      | 0.2500|±  |0.0693|
|                                                                     |       |acc_norm_pmi  | 0.3250|±  |0.0750|
|lighteval:global_mmlu_ca_ita_cf:high_school_mathematics:5            |      0|acc_norm_token| 0.2653|±  |0.0637|
|                                                                     |       |acc_norm      | 0.2245|±  |0.0602|
|                                                                     |       |acc_norm_pmi  | 0.2449|±  |0.0621|
|lighteval:global_mmlu_ca_ita_cf:high_school_microeconomics:5         |      0|acc_norm_token| 0.1837|±  |0.0559|
|                                                                     |       |acc_norm      | 0.2653|±  |0.0637|
|                                                                     |       |acc_norm_pmi  | 0.2857|±  |0.0652|
|lighteval:global_mmlu_ca_ita_cf:high_school_physics:5                |      0|acc_norm_token| 0.3636|±  |0.0734|
|                                                                     |       |acc_norm      | 0.3182|±  |0.0710|
|                                                                     |       |acc_norm_pmi  | 0.3636|±  |0.0734|
|lighteval:global_mmlu_ca_ita_cf:high_school_psychology:5             |      0|acc_norm_token| 0.1944|±  |0.0669|
|                                                                     |       |acc_norm      | 0.2778|±  |0.0757|
|                                                                     |       |acc_norm_pmi  | 0.1944|±  |0.0669|
|lighteval:global_mmlu_ca_ita_cf:high_school_statistics:5             |      0|acc_norm_token| 0.3261|±  |0.0699|
|                                                                     |       |acc_norm      | 0.4130|±  |0.0734|
|                                                                     |       |acc_norm_pmi  | 0.4130|±  |0.0734|
|lighteval:global_mmlu_ca_ita_cf:high_school_us_history:5             |      0|acc_norm_token| 0.0000|±  |0.0000|
|                                                                     |       |acc_norm      | 0.0000|±  |0.0000|
|                                                                     |       |acc_norm_pmi  | 0.2000|±  |0.2000|
|lighteval:global_mmlu_ca_ita_cf:high_school_world_history:5          |      0|acc_norm_token| 0.2667|±  |0.1182|
|                                                                     |       |acc_norm      | 0.2000|±  |0.1069|
|                                                                     |       |acc_norm_pmi  | 0.4000|±  |0.1309|
|lighteval:global_mmlu_ca_ita_cf:professional_accounting:5            |      0|acc_norm_token| 0.2500|±  |0.0732|
|                                                                     |       |acc_norm      | 0.2222|±  |0.0703|
|                                                                     |       |acc_norm_pmi  | 0.2222|±  |0.0703|
|lighteval:global_mmlu_ca_ita_cf:professional_law:5                   |      0|acc_norm_token| 0.3846|±  |0.1404|
|                                                                     |       |acc_norm      | 0.3077|±  |0.1332|
|                                                                     |       |acc_norm_pmi  | 0.2308|±  |0.1216|
|lighteval:global_mmlu_ca_ita_cf:professional_medicine:5              |      0|acc_norm_token| 0.3061|±  |0.0665|
|                                                                     |       |acc_norm      | 0.3061|±  |0.0665|
|                                                                     |       |acc_norm_pmi  | 0.2857|±  |0.0652|
|lighteval:global_mmlu_ca_ita_cf:professional_psychology:5            |      0|acc_norm_token| 0.3333|±  |0.0797|
|                                                                     |       |acc_norm      | 0.2500|±  |0.0732|
|                                                                     |       |acc_norm_pmi  | 0.2500|±  |0.0732|
|lighteval:global_mmlu_ca_nld_cf:_average:5                           |       |acc_norm_token| 0.2306|±  |0.0669|
|                                                                     |       |acc_norm      | 0.2591|±  |0.0957|
|                                                                     |       |acc_norm_pmi  | 0.2579|±  |0.0764|
|lighteval:global_mmlu_ca_nld_cf:college_biology:5                    |      0|acc_norm_token| 0.3265|±  |0.0677|
|                                                                     |       |acc_norm      | 0.3061|±  |0.0665|
|                                                                     |       |acc_norm_pmi  | 0.4082|±  |0.0709|
|lighteval:global_mmlu_ca_nld_cf:college_chemistry:5                  |      0|acc_norm_token| 0.2245|±  |0.0602|
|                                                                     |       |acc_norm      | 0.2653|±  |0.0637|
|                                                                     |       |acc_norm_pmi  | 0.2245|±  |0.0602|
|lighteval:global_mmlu_ca_nld_cf:college_computer_science:5           |      0|acc_norm_token| 0.1800|±  |0.0549|
|                                                                     |       |acc_norm      | 0.2000|±  |0.0571|
|                                                                     |       |acc_norm_pmi  | 0.2000|±  |0.0571|
|lighteval:global_mmlu_ca_nld_cf:college_mathematics:5                |      0|acc_norm_token| 0.2245|±  |0.0602|
|                                                                     |       |acc_norm      | 0.2653|±  |0.0637|
|                                                                     |       |acc_norm_pmi  | 0.3265|±  |0.0677|
|lighteval:global_mmlu_ca_nld_cf:college_medicine:5                   |      0|acc_norm_token| 0.2653|±  |0.0637|
|                                                                     |       |acc_norm      | 0.2857|±  |0.0652|
|                                                                     |       |acc_norm_pmi  | 0.2449|±  |0.0621|
|lighteval:global_mmlu_ca_nld_cf:college_physics:5                    |      0|acc_norm_token| 0.2200|±  |0.0592|
|                                                                     |       |acc_norm      | 0.1600|±  |0.0524|
|                                                                     |       |acc_norm_pmi  | 0.2400|±  |0.0610|
|lighteval:global_mmlu_ca_nld_cf:high_school_biology:5                |      0|acc_norm_token| 0.2200|±  |0.0592|
|                                                                     |       |acc_norm      | 0.2200|±  |0.0592|
|                                                                     |       |acc_norm_pmi  | 0.3600|±  |0.0686|
|lighteval:global_mmlu_ca_nld_cf:high_school_chemistry:5              |      0|acc_norm_token| 0.2245|±  |0.0602|
|                                                                     |       |acc_norm      | 0.2653|±  |0.0637|
|                                                                     |       |acc_norm_pmi  | 0.1429|±  |0.0505|
|lighteval:global_mmlu_ca_nld_cf:high_school_computer_science:5       |      0|acc_norm_token| 0.1429|±  |0.0505|
|                                                                     |       |acc_norm      | 0.2041|±  |0.0582|
|                                                                     |       |acc_norm_pmi  | 0.2653|±  |0.0637|
|lighteval:global_mmlu_ca_nld_cf:high_school_european_history:5       |      0|acc_norm_token| 0.2857|±  |0.1253|
|                                                                     |       |acc_norm      | 0.2143|±  |0.1138|
|                                                                     |       |acc_norm_pmi  | 0.4286|±  |0.1373|
|lighteval:global_mmlu_ca_nld_cf:high_school_geography:5              |      0|acc_norm_token| 0.2692|±  |0.0887|
|                                                                     |       |acc_norm      | 0.2308|±  |0.0843|
|                                                                     |       |acc_norm_pmi  | 0.2692|±  |0.0887|
|lighteval:global_mmlu_ca_nld_cf:high_school_government_and_politics:5|      0|acc_norm_token| 0.0000|±  |0.0000|
|                                                                     |       |acc_norm      | 0.5000|±  |0.5000|
|                                                                     |       |acc_norm_pmi  | 0.0000|±  |0.0000|
|lighteval:global_mmlu_ca_nld_cf:high_school_macroeconomics:5         |      0|acc_norm_token| 0.1750|±  |0.0608|
|                                                                     |       |acc_norm      | 0.2500|±  |0.0693|
|                                                                     |       |acc_norm_pmi  | 0.2500|±  |0.0693|
|lighteval:global_mmlu_ca_nld_cf:high_school_mathematics:5            |      0|acc_norm_token| 0.2449|±  |0.0621|
|                                                                     |       |acc_norm      | 0.1837|±  |0.0559|
|                                                                     |       |acc_norm_pmi  | 0.2041|±  |0.0582|
|lighteval:global_mmlu_ca_nld_cf:high_school_microeconomics:5         |      0|acc_norm_token| 0.2653|±  |0.0637|
|                                                                     |       |acc_norm      | 0.3061|±  |0.0665|
|                                                                     |       |acc_norm_pmi  | 0.2653|±  |0.0637|
|lighteval:global_mmlu_ca_nld_cf:high_school_physics:5                |      0|acc_norm_token| 0.3409|±  |0.0723|
|                                                                     |       |acc_norm      | 0.2500|±  |0.0660|
|                                                                     |       |acc_norm_pmi  | 0.2727|±  |0.0679|
|lighteval:global_mmlu_ca_nld_cf:high_school_psychology:5             |      0|acc_norm_token| 0.1667|±  |0.0630|
|                                                                     |       |acc_norm      | 0.1389|±  |0.0585|
|                                                                     |       |acc_norm_pmi  | 0.1389|±  |0.0585|
|lighteval:global_mmlu_ca_nld_cf:high_school_statistics:5             |      0|acc_norm_token| 0.3261|±  |0.0699|
|                                                                     |       |acc_norm      | 0.3478|±  |0.0710|
|                                                                     |       |acc_norm_pmi  | 0.3478|±  |0.0710|
|lighteval:global_mmlu_ca_nld_cf:high_school_us_history:5             |      0|acc_norm_token| 0.0000|±  |0.0000|
|                                                                     |       |acc_norm      | 0.2000|±  |0.2000|
|                                                                     |       |acc_norm_pmi  | 0.2000|±  |0.2000|
|lighteval:global_mmlu_ca_nld_cf:high_school_world_history:5          |      0|acc_norm_token| 0.3333|±  |0.1260|
|                                                                     |       |acc_norm      | 0.2000|±  |0.1069|
|                                                                     |       |acc_norm_pmi  | 0.4667|±  |0.1333|
|lighteval:global_mmlu_ca_nld_cf:professional_accounting:5            |      0|acc_norm_token| 0.2222|±  |0.0703|
|                                                                     |       |acc_norm      | 0.2778|±  |0.0757|
|                                                                     |       |acc_norm_pmi  | 0.1667|±  |0.0630|
|lighteval:global_mmlu_ca_nld_cf:professional_law:5                   |      0|acc_norm_token| 0.2308|±  |0.1216|
|                                                                     |       |acc_norm      | 0.3077|±  |0.1332|
|                                                                     |       |acc_norm_pmi  | 0.2308|±  |0.1216|
|lighteval:global_mmlu_ca_nld_cf:professional_medicine:5              |      0|acc_norm_token| 0.2857|±  |0.0652|
|                                                                     |       |acc_norm      | 0.3061|±  |0.0665|
|                                                                     |       |acc_norm_pmi  | 0.2857|±  |0.0652|
|lighteval:global_mmlu_ca_nld_cf:professional_psychology:5            |      0|acc_norm_token| 0.3611|±  |0.0812|
|                                                                     |       |acc_norm      | 0.3333|±  |0.0797|
|                                                                     |       |acc_norm_pmi  | 0.2500|±  |0.0732|
|lighteval:global_mmlu_ca_por_cf:_average:5                           |       |acc_norm_token| 0.2491|±  |0.0754|
|                                                                     |       |acc_norm      | 0.2404|±  |0.0748|
|                                                                     |       |acc_norm_pmi  | 0.2848|±  |0.0984|
|lighteval:global_mmlu_ca_por_cf:college_biology:5                    |      0|acc_norm_token| 0.2653|±  |0.0637|
|                                                                     |       |acc_norm      | 0.1429|±  |0.0505|
|                                                                     |       |acc_norm_pmi  | 0.3061|±  |0.0665|
|lighteval:global_mmlu_ca_por_cf:college_chemistry:5                  |      0|acc_norm_token| 0.2449|±  |0.0621|
|                                                                     |       |acc_norm      | 0.2653|±  |0.0637|
|                                                                     |       |acc_norm_pmi  | 0.3265|±  |0.0677|
|lighteval:global_mmlu_ca_por_cf:college_computer_science:5           |      0|acc_norm_token| 0.2400|±  |0.0610|
|                                                                     |       |acc_norm      | 0.2800|±  |0.0641|
|                                                                     |       |acc_norm_pmi  | 0.2400|±  |0.0610|
|lighteval:global_mmlu_ca_por_cf:college_mathematics:5                |      0|acc_norm_token| 0.2857|±  |0.0652|
|                                                                     |       |acc_norm      | 0.3265|±  |0.0677|
|                                                                     |       |acc_norm_pmi  | 0.3061|±  |0.0665|
|lighteval:global_mmlu_ca_por_cf:college_medicine:5                   |      0|acc_norm_token| 0.3061|±  |0.0665|
|                                                                     |       |acc_norm      | 0.2653|±  |0.0637|
|                                                                     |       |acc_norm_pmi  | 0.3673|±  |0.0696|
|lighteval:global_mmlu_ca_por_cf:college_physics:5                    |      0|acc_norm_token| 0.2000|±  |0.0571|
|                                                                     |       |acc_norm      | 0.1600|±  |0.0524|
|                                                                     |       |acc_norm_pmi  | 0.1600|±  |0.0524|
|lighteval:global_mmlu_ca_por_cf:high_school_biology:5                |      0|acc_norm_token| 0.3000|±  |0.0655|
|                                                                     |       |acc_norm      | 0.2200|±  |0.0592|
|                                                                     |       |acc_norm_pmi  | 0.3600|±  |0.0686|
|lighteval:global_mmlu_ca_por_cf:high_school_chemistry:5              |      0|acc_norm_token| 0.2041|±  |0.0582|
|                                                                     |       |acc_norm      | 0.3265|±  |0.0677|
|                                                                     |       |acc_norm_pmi  | 0.1633|±  |0.0533|
|lighteval:global_mmlu_ca_por_cf:high_school_computer_science:5       |      0|acc_norm_token| 0.1020|±  |0.0437|
|                                                                     |       |acc_norm      | 0.1429|±  |0.0505|
|                                                                     |       |acc_norm_pmi  | 0.1633|±  |0.0533|
|lighteval:global_mmlu_ca_por_cf:high_school_european_history:5       |      0|acc_norm_token| 0.1429|±  |0.0971|
|                                                                     |       |acc_norm      | 0.2857|±  |0.1253|
|                                                                     |       |acc_norm_pmi  | 0.2857|±  |0.1253|
|lighteval:global_mmlu_ca_por_cf:high_school_geography:5              |      0|acc_norm_token| 0.1923|±  |0.0788|
|                                                                     |       |acc_norm      | 0.2308|±  |0.0843|
|                                                                     |       |acc_norm_pmi  | 0.1923|±  |0.0788|
|lighteval:global_mmlu_ca_por_cf:high_school_government_and_politics:5|      0|acc_norm_token| 0.0000|±  |0.0000|
|                                                                     |       |acc_norm      | 0.0000|±  |0.0000|
|                                                                     |       |acc_norm_pmi  | 0.5000|±  |0.5000|
|lighteval:global_mmlu_ca_por_cf:high_school_macroeconomics:5         |      0|acc_norm_token| 0.2250|±  |0.0669|
|                                                                     |       |acc_norm      | 0.2500|±  |0.0693|
|                                                                     |       |acc_norm_pmi  | 0.2750|±  |0.0715|
|lighteval:global_mmlu_ca_por_cf:high_school_mathematics:5            |      0|acc_norm_token| 0.2245|±  |0.0602|
|                                                                     |       |acc_norm      | 0.1837|±  |0.0559|
|                                                                     |       |acc_norm_pmi  | 0.2245|±  |0.0602|
|lighteval:global_mmlu_ca_por_cf:high_school_microeconomics:5         |      0|acc_norm_token| 0.1837|±  |0.0559|
|                                                                     |       |acc_norm      | 0.1837|±  |0.0559|
|                                                                     |       |acc_norm_pmi  | 0.3878|±  |0.0703|
|lighteval:global_mmlu_ca_por_cf:high_school_physics:5                |      0|acc_norm_token| 0.2955|±  |0.0696|
|                                                                     |       |acc_norm      | 0.2273|±  |0.0639|
|                                                                     |       |acc_norm_pmi  | 0.3182|±  |0.0710|
|lighteval:global_mmlu_ca_por_cf:high_school_psychology:5             |      0|acc_norm_token| 0.2500|±  |0.0732|
|                                                                     |       |acc_norm      | 0.3056|±  |0.0779|
|                                                                     |       |acc_norm_pmi  | 0.2222|±  |0.0703|
|lighteval:global_mmlu_ca_por_cf:high_school_statistics:5             |      0|acc_norm_token| 0.4348|±  |0.0739|
|                                                                     |       |acc_norm      | 0.4130|±  |0.0734|
|                                                                     |       |acc_norm_pmi  | 0.3913|±  |0.0728|
|lighteval:global_mmlu_ca_por_cf:high_school_us_history:5             |      0|acc_norm_token| 0.4000|±  |0.2449|
|                                                                     |       |acc_norm      | 0.2000|±  |0.2000|
|                                                                     |       |acc_norm_pmi  | 0.4000|±  |0.2449|
|lighteval:global_mmlu_ca_por_cf:high_school_world_history:5          |      0|acc_norm_token| 0.1333|±  |0.0909|
|                                                                     |       |acc_norm      | 0.2000|±  |0.1069|
|                                                                     |       |acc_norm_pmi  | 0.3333|±  |0.1260|
|lighteval:global_mmlu_ca_por_cf:professional_accounting:5            |      0|acc_norm_token| 0.4167|±  |0.0833|
|                                                                     |       |acc_norm      | 0.3611|±  |0.0812|
|                                                                     |       |acc_norm_pmi  | 0.1944|±  |0.0669|
|lighteval:global_mmlu_ca_por_cf:professional_law:5                   |      0|acc_norm_token| 0.3077|±  |0.1332|
|                                                                     |       |acc_norm      | 0.2308|±  |0.1216|
|                                                                     |       |acc_norm_pmi  | 0.1538|±  |0.1042|
|lighteval:global_mmlu_ca_por_cf:professional_medicine:5              |      0|acc_norm_token| 0.4286|±  |0.0714|
|                                                                     |       |acc_norm      | 0.3469|±  |0.0687|
|                                                                     |       |acc_norm_pmi  | 0.2857|±  |0.0652|
|lighteval:global_mmlu_ca_por_cf:professional_psychology:5            |      0|acc_norm_token| 0.1944|±  |0.0669|
|                                                                     |       |acc_norm      | 0.2222|±  |0.0703|
|                                                                     |       |acc_norm_pmi  | 0.2778|±  |0.0757|
|lighteval:global_mmlu_ca_rus_cf:_average:5                           |       |acc_norm_token| 0.2627|±  |0.0958|
|                                                                     |       |acc_norm      | 0.2591|±  |0.0967|
|                                                                     |       |acc_norm_pmi  | 0.2855|±  |0.0788|
|lighteval:global_mmlu_ca_rus_cf:college_biology:5                    |      0|acc_norm_token| 0.2245|±  |0.0602|
|                                                                     |       |acc_norm      | 0.1837|±  |0.0559|
|                                                                     |       |acc_norm_pmi  | 0.2857|±  |0.0652|
|lighteval:global_mmlu_ca_rus_cf:college_chemistry:5                  |      0|acc_norm_token| 0.2292|±  |0.0613|
|                                                                     |       |acc_norm      | 0.2500|±  |0.0632|
|                                                                     |       |acc_norm_pmi  | 0.2500|±  |0.0632|
|lighteval:global_mmlu_ca_rus_cf:college_computer_science:5           |      0|acc_norm_token| 0.3000|±  |0.0655|
|                                                                     |       |acc_norm      | 0.2600|±  |0.0627|
|                                                                     |       |acc_norm_pmi  | 0.2000|±  |0.0571|
|lighteval:global_mmlu_ca_rus_cf:college_mathematics:5                |      0|acc_norm_token| 0.2245|±  |0.0602|
|                                                                     |       |acc_norm      | 0.2245|±  |0.0602|
|                                                                     |       |acc_norm_pmi  | 0.2653|±  |0.0637|
|lighteval:global_mmlu_ca_rus_cf:college_medicine:5                   |      0|acc_norm_token| 0.2245|±  |0.0602|
|                                                                     |       |acc_norm      | 0.2041|±  |0.0582|
|                                                                     |       |acc_norm_pmi  | 0.1837|±  |0.0559|
|lighteval:global_mmlu_ca_rus_cf:college_physics:5                    |      0|acc_norm_token| 0.2000|±  |0.0571|
|                                                                     |       |acc_norm      | 0.1800|±  |0.0549|
|                                                                     |       |acc_norm_pmi  | 0.1600|±  |0.0524|
|lighteval:global_mmlu_ca_rus_cf:high_school_biology:5                |      0|acc_norm_token| 0.3400|±  |0.0677|
|                                                                     |       |acc_norm      | 0.2600|±  |0.0627|
|                                                                     |       |acc_norm_pmi  | 0.4200|±  |0.0705|
|lighteval:global_mmlu_ca_rus_cf:high_school_chemistry:5              |      0|acc_norm_token| 0.2449|±  |0.0621|
|                                                                     |       |acc_norm      | 0.2653|±  |0.0637|
|                                                                     |       |acc_norm_pmi  | 0.3878|±  |0.0703|
|lighteval:global_mmlu_ca_rus_cf:high_school_computer_science:5       |      0|acc_norm_token| 0.1633|±  |0.0533|
|                                                                     |       |acc_norm      | 0.1633|±  |0.0533|
|                                                                     |       |acc_norm_pmi  | 0.1837|±  |0.0559|
|lighteval:global_mmlu_ca_rus_cf:high_school_european_history:5       |      0|acc_norm_token| 0.2857|±  |0.1253|
|                                                                     |       |acc_norm      | 0.2143|±  |0.1138|
|                                                                     |       |acc_norm_pmi  | 0.2857|±  |0.1253|
|lighteval:global_mmlu_ca_rus_cf:high_school_geography:5              |      0|acc_norm_token| 0.3846|±  |0.0973|
|                                                                     |       |acc_norm      | 0.2308|±  |0.0843|
|                                                                     |       |acc_norm_pmi  | 0.3846|±  |0.0973|
|lighteval:global_mmlu_ca_rus_cf:high_school_government_and_politics:5|      0|acc_norm_token| 0.5000|±  |0.5000|
|                                                                     |       |acc_norm      | 0.5000|±  |0.5000|
|                                                                     |       |acc_norm_pmi  | 0.0000|±  |0.0000|
|lighteval:global_mmlu_ca_rus_cf:high_school_macroeconomics:5         |      0|acc_norm_token| 0.2750|±  |0.0715|
|                                                                     |       |acc_norm      | 0.2750|±  |0.0715|
|                                                                     |       |acc_norm_pmi  | 0.3750|±  |0.0775|
|lighteval:global_mmlu_ca_rus_cf:high_school_mathematics:5            |      0|acc_norm_token| 0.1837|±  |0.0559|
|                                                                     |       |acc_norm      | 0.1837|±  |0.0559|
|                                                                     |       |acc_norm_pmi  | 0.2857|±  |0.0652|
|lighteval:global_mmlu_ca_rus_cf:high_school_microeconomics:5         |      0|acc_norm_token| 0.1224|±  |0.0473|
|                                                                     |       |acc_norm      | 0.2857|±  |0.0652|
|                                                                     |       |acc_norm_pmi  | 0.3265|±  |0.0677|
|lighteval:global_mmlu_ca_rus_cf:high_school_physics:5                |      0|acc_norm_token| 0.2955|±  |0.0696|
|                                                                     |       |acc_norm      | 0.2955|±  |0.0696|
|                                                                     |       |acc_norm_pmi  | 0.3409|±  |0.0723|
|lighteval:global_mmlu_ca_rus_cf:high_school_psychology:5             |      0|acc_norm_token| 0.1667|±  |0.0630|
|                                                                     |       |acc_norm      | 0.1111|±  |0.0531|
|                                                                     |       |acc_norm_pmi  | 0.2778|±  |0.0757|
|lighteval:global_mmlu_ca_rus_cf:high_school_statistics:5             |      0|acc_norm_token| 0.3043|±  |0.0686|
|                                                                     |       |acc_norm      | 0.3478|±  |0.0710|
|                                                                     |       |acc_norm_pmi  | 0.2826|±  |0.0671|
|lighteval:global_mmlu_ca_rus_cf:high_school_us_history:5             |      0|acc_norm_token| 0.2000|±  |0.2000|
|                                                                     |       |acc_norm      | 0.4000|±  |0.2449|
|                                                                     |       |acc_norm_pmi  | 0.6000|±  |0.2449|
|lighteval:global_mmlu_ca_rus_cf:high_school_world_history:5          |      0|acc_norm_token| 0.1333|±  |0.0909|
|                                                                     |       |acc_norm      | 0.2000|±  |0.1069|
|                                                                     |       |acc_norm_pmi  | 0.4667|±  |0.1333|
|lighteval:global_mmlu_ca_rus_cf:professional_accounting:5            |      0|acc_norm_token| 0.3056|±  |0.0779|
|                                                                     |       |acc_norm      | 0.2778|±  |0.0757|
|                                                                     |       |acc_norm_pmi  | 0.2222|±  |0.0703|
|lighteval:global_mmlu_ca_rus_cf:professional_law:5                   |      0|acc_norm_token| 0.3846|±  |0.1404|
|                                                                     |       |acc_norm      | 0.3846|±  |0.1404|
|                                                                     |       |acc_norm_pmi  | 0.1538|±  |0.1042|
|lighteval:global_mmlu_ca_rus_cf:professional_medicine:5              |      0|acc_norm_token| 0.3061|±  |0.0665|
|                                                                     |       |acc_norm      | 0.3265|±  |0.0677|
|                                                                     |       |acc_norm_pmi  | 0.2653|±  |0.0637|
|lighteval:global_mmlu_ca_rus_cf:professional_psychology:5            |      0|acc_norm_token| 0.3056|±  |0.0779|
|                                                                     |       |acc_norm      | 0.1944|±  |0.0669|
|                                                                     |       |acc_norm_pmi  | 0.2500|±  |0.0732|
|lighteval:global_mmlu_ca_spa_cf:_average:5                           |       |acc_norm_token| 0.2407|±  |0.0930|
|                                                                     |       |acc_norm      | 0.2434|±  |0.0939|
|                                                                     |       |acc_norm_pmi  | 0.2593|±  |0.0765|
|lighteval:global_mmlu_ca_spa_cf:college_biology:5                    |      0|acc_norm_token| 0.3469|±  |0.0687|
|                                                                     |       |acc_norm      | 0.2245|±  |0.0602|
|                                                                     |       |acc_norm_pmi  | 0.3878|±  |0.0703|
|lighteval:global_mmlu_ca_spa_cf:college_chemistry:5                  |      0|acc_norm_token| 0.2653|±  |0.0637|
|                                                                     |       |acc_norm      | 0.2245|±  |0.0602|
|                                                                     |       |acc_norm_pmi  | 0.2653|±  |0.0637|
|lighteval:global_mmlu_ca_spa_cf:college_computer_science:5           |      0|acc_norm_token| 0.2400|±  |0.0610|
|                                                                     |       |acc_norm      | 0.1800|±  |0.0549|
|                                                                     |       |acc_norm_pmi  | 0.2600|±  |0.0627|
|lighteval:global_mmlu_ca_spa_cf:college_mathematics:5                |      0|acc_norm_token| 0.2041|±  |0.0582|
|                                                                     |       |acc_norm      | 0.1837|±  |0.0559|
|                                                                     |       |acc_norm_pmi  | 0.2653|±  |0.0637|
|lighteval:global_mmlu_ca_spa_cf:college_medicine:5                   |      0|acc_norm_token| 0.2041|±  |0.0582|
|                                                                     |       |acc_norm      | 0.2653|±  |0.0637|
|                                                                     |       |acc_norm_pmi  | 0.1837|±  |0.0559|
|lighteval:global_mmlu_ca_spa_cf:college_physics:5                    |      0|acc_norm_token| 0.1224|±  |0.0473|
|                                                                     |       |acc_norm      | 0.1020|±  |0.0437|
|                                                                     |       |acc_norm_pmi  | 0.1633|±  |0.0533|
|lighteval:global_mmlu_ca_spa_cf:high_school_biology:5                |      0|acc_norm_token| 0.2400|±  |0.0610|
|                                                                     |       |acc_norm      | 0.2600|±  |0.0627|
|                                                                     |       |acc_norm_pmi  | 0.3400|±  |0.0677|
|lighteval:global_mmlu_ca_spa_cf:high_school_chemistry:5              |      0|acc_norm_token| 0.1837|±  |0.0559|
|                                                                     |       |acc_norm      | 0.2041|±  |0.0582|
|                                                                     |       |acc_norm_pmi  | 0.2245|±  |0.0602|
|lighteval:global_mmlu_ca_spa_cf:high_school_computer_science:5       |      0|acc_norm_token| 0.1020|±  |0.0437|
|                                                                     |       |acc_norm      | 0.1429|±  |0.0505|
|                                                                     |       |acc_norm_pmi  | 0.2245|±  |0.0602|
|lighteval:global_mmlu_ca_spa_cf:high_school_european_history:5       |      0|acc_norm_token| 0.2143|±  |0.1138|
|                                                                     |       |acc_norm      | 0.3571|±  |0.1329|
|                                                                     |       |acc_norm_pmi  | 0.2143|±  |0.1138|
|lighteval:global_mmlu_ca_spa_cf:high_school_geography:5              |      0|acc_norm_token| 0.3077|±  |0.0923|
|                                                                     |       |acc_norm      | 0.1923|±  |0.0788|
|                                                                     |       |acc_norm_pmi  | 0.3462|±  |0.0951|
|lighteval:global_mmlu_ca_spa_cf:high_school_government_and_politics:5|      0|acc_norm_token| 0.5000|±  |0.5000|
|                                                                     |       |acc_norm      | 0.5000|±  |0.5000|
|                                                                     |       |acc_norm_pmi  | 0.0000|±  |0.0000|
|lighteval:global_mmlu_ca_spa_cf:high_school_macroeconomics:5         |      0|acc_norm_token| 0.2750|±  |0.0715|
|                                                                     |       |acc_norm      | 0.3250|±  |0.0750|
|                                                                     |       |acc_norm_pmi  | 0.4750|±  |0.0800|
|lighteval:global_mmlu_ca_spa_cf:high_school_mathematics:5            |      0|acc_norm_token| 0.2245|±  |0.0602|
|                                                                     |       |acc_norm      | 0.2245|±  |0.0602|
|                                                                     |       |acc_norm_pmi  | 0.2245|±  |0.0602|
|lighteval:global_mmlu_ca_spa_cf:high_school_microeconomics:5         |      0|acc_norm_token| 0.1633|±  |0.0533|
|                                                                     |       |acc_norm      | 0.2653|±  |0.0637|
|                                                                     |       |acc_norm_pmi  | 0.3061|±  |0.0665|
|lighteval:global_mmlu_ca_spa_cf:high_school_physics:5                |      0|acc_norm_token| 0.2500|±  |0.0660|
|                                                                     |       |acc_norm      | 0.2045|±  |0.0615|
|                                                                     |       |acc_norm_pmi  | 0.3182|±  |0.0710|
|lighteval:global_mmlu_ca_spa_cf:high_school_psychology:5             |      0|acc_norm_token| 0.1667|±  |0.0630|
|                                                                     |       |acc_norm      | 0.1667|±  |0.0630|
|                                                                     |       |acc_norm_pmi  | 0.2500|±  |0.0732|
|lighteval:global_mmlu_ca_spa_cf:high_school_statistics:5             |      0|acc_norm_token| 0.4130|±  |0.0734|
|                                                                     |       |acc_norm      | 0.4130|±  |0.0734|
|                                                                     |       |acc_norm_pmi  | 0.2826|±  |0.0671|
|lighteval:global_mmlu_ca_spa_cf:high_school_us_history:5             |      0|acc_norm_token| 0.2000|±  |0.2000|
|                                                                     |       |acc_norm      | 0.2000|±  |0.2000|
|                                                                     |       |acc_norm_pmi  | 0.2000|±  |0.2000|
|lighteval:global_mmlu_ca_spa_cf:high_school_world_history:5          |      0|acc_norm_token| 0.2000|±  |0.1069|
|                                                                     |       |acc_norm      | 0.2667|±  |0.1182|
|                                                                     |       |acc_norm_pmi  | 0.4000|±  |0.1309|
|lighteval:global_mmlu_ca_spa_cf:professional_accounting:5            |      0|acc_norm_token| 0.1944|±  |0.0669|
|                                                                     |       |acc_norm      | 0.2500|±  |0.0732|
|                                                                     |       |acc_norm_pmi  | 0.2222|±  |0.0703|
|lighteval:global_mmlu_ca_spa_cf:professional_law:5                   |      0|acc_norm_token| 0.1538|±  |0.1042|
|                                                                     |       |acc_norm      | 0.1538|±  |0.1042|
|                                                                     |       |acc_norm_pmi  | 0.2308|±  |0.1216|
|lighteval:global_mmlu_ca_spa_cf:professional_medicine:5              |      0|acc_norm_token| 0.3265|±  |0.0677|
|                                                                     |       |acc_norm      | 0.2857|±  |0.0652|
|                                                                     |       |acc_norm_pmi  | 0.2449|±  |0.0621|
|lighteval:global_mmlu_ca_spa_cf:professional_psychology:5            |      0|acc_norm_token| 0.2778|±  |0.0757|
|                                                                     |       |acc_norm      | 0.2500|±  |0.0732|
|                                                                     |       |acc_norm_pmi  | 0.1944|±  |0.0669|
|lighteval:global_mmlu_ca_swe_cf:_average:5                           |       |acc_norm_token| 0.2330|±  |0.0737|
|                                                                     |       |acc_norm      | 0.2701|±  |0.0949|
|                                                                     |       |acc_norm_pmi  | 0.2336|±  |0.0745|
|lighteval:global_mmlu_ca_swe_cf:college_biology:5                    |      0|acc_norm_token| 0.3469|±  |0.0687|
|                                                                     |       |acc_norm      | 0.3265|±  |0.0677|
|                                                                     |       |acc_norm_pmi  | 0.3265|±  |0.0677|
|lighteval:global_mmlu_ca_swe_cf:college_chemistry:5                  |      0|acc_norm_token| 0.2245|±  |0.0602|
|                                                                     |       |acc_norm      | 0.2857|±  |0.0652|
|                                                                     |       |acc_norm_pmi  | 0.2449|±  |0.0621|
|lighteval:global_mmlu_ca_swe_cf:college_computer_science:5           |      0|acc_norm_token| 0.2600|±  |0.0627|
|                                                                     |       |acc_norm      | 0.2600|±  |0.0627|
|                                                                     |       |acc_norm_pmi  | 0.2200|±  |0.0592|
|lighteval:global_mmlu_ca_swe_cf:college_mathematics:5                |      0|acc_norm_token| 0.2857|±  |0.0652|
|                                                                     |       |acc_norm      | 0.2449|±  |0.0621|
|                                                                     |       |acc_norm_pmi  | 0.2245|±  |0.0602|
|lighteval:global_mmlu_ca_swe_cf:college_medicine:5                   |      0|acc_norm_token| 0.1429|±  |0.0505|
|                                                                     |       |acc_norm      | 0.2857|±  |0.0652|
|                                                                     |       |acc_norm_pmi  | 0.2245|±  |0.0602|
|lighteval:global_mmlu_ca_swe_cf:college_physics:5                    |      0|acc_norm_token| 0.1600|±  |0.0524|
|                                                                     |       |acc_norm      | 0.1600|±  |0.0524|
|                                                                     |       |acc_norm_pmi  | 0.1800|±  |0.0549|
|lighteval:global_mmlu_ca_swe_cf:high_school_biology:5                |      0|acc_norm_token| 0.3200|±  |0.0666|
|                                                                     |       |acc_norm      | 0.3200|±  |0.0666|
|                                                                     |       |acc_norm_pmi  | 0.3600|±  |0.0686|
|lighteval:global_mmlu_ca_swe_cf:high_school_chemistry:5              |      0|acc_norm_token| 0.2857|±  |0.0652|
|                                                                     |       |acc_norm      | 0.3265|±  |0.0677|
|                                                                     |       |acc_norm_pmi  | 0.3265|±  |0.0677|
|lighteval:global_mmlu_ca_swe_cf:high_school_computer_science:5       |      0|acc_norm_token| 0.0816|±  |0.0395|
|                                                                     |       |acc_norm      | 0.2449|±  |0.0621|
|                                                                     |       |acc_norm_pmi  | 0.1633|±  |0.0533|
|lighteval:global_mmlu_ca_swe_cf:high_school_european_history:5       |      0|acc_norm_token| 0.2857|±  |0.1253|
|                                                                     |       |acc_norm      | 0.0714|±  |0.0714|
|                                                                     |       |acc_norm_pmi  | 0.2857|±  |0.1253|
|lighteval:global_mmlu_ca_swe_cf:high_school_geography:5              |      0|acc_norm_token| 0.1154|±  |0.0639|
|                                                                     |       |acc_norm      | 0.2308|±  |0.0843|
|                                                                     |       |acc_norm_pmi  | 0.2692|±  |0.0887|
|lighteval:global_mmlu_ca_swe_cf:high_school_government_and_politics:5|      0|acc_norm_token| 0.0000|±  |0.0000|
|                                                                     |       |acc_norm      | 0.5000|±  |0.5000|
|                                                                     |       |acc_norm_pmi  | 0.0000|±  |0.0000|
|lighteval:global_mmlu_ca_swe_cf:high_school_macroeconomics:5         |      0|acc_norm_token| 0.3750|±  |0.0775|
|                                                                     |       |acc_norm      | 0.3000|±  |0.0734|
|                                                                     |       |acc_norm_pmi  | 0.1750|±  |0.0608|
|lighteval:global_mmlu_ca_swe_cf:high_school_mathematics:5            |      0|acc_norm_token| 0.2041|±  |0.0582|
|                                                                     |       |acc_norm      | 0.1633|±  |0.0533|
|                                                                     |       |acc_norm_pmi  | 0.1633|±  |0.0533|
|lighteval:global_mmlu_ca_swe_cf:high_school_microeconomics:5         |      0|acc_norm_token| 0.2857|±  |0.0652|
|                                                                     |       |acc_norm      | 0.3673|±  |0.0696|
|                                                                     |       |acc_norm_pmi  | 0.2245|±  |0.0602|
|lighteval:global_mmlu_ca_swe_cf:high_school_physics:5                |      0|acc_norm_token| 0.3182|±  |0.0710|
|                                                                     |       |acc_norm      | 0.3182|±  |0.0710|
|                                                                     |       |acc_norm_pmi  | 0.3409|±  |0.0723|
|lighteval:global_mmlu_ca_swe_cf:high_school_psychology:5             |      0|acc_norm_token| 0.1667|±  |0.0630|
|                                                                     |       |acc_norm      | 0.2222|±  |0.0703|
|                                                                     |       |acc_norm_pmi  | 0.2222|±  |0.0703|
|lighteval:global_mmlu_ca_swe_cf:high_school_statistics:5             |      0|acc_norm_token| 0.3043|±  |0.0686|
|                                                                     |       |acc_norm      | 0.2826|±  |0.0671|
|                                                                     |       |acc_norm_pmi  | 0.3478|±  |0.0710|
|lighteval:global_mmlu_ca_swe_cf:high_school_us_history:5             |      0|acc_norm_token| 0.2000|±  |0.2000|
|                                                                     |       |acc_norm      | 0.2000|±  |0.2000|
|                                                                     |       |acc_norm_pmi  | 0.2000|±  |0.2000|
|lighteval:global_mmlu_ca_swe_cf:high_school_world_history:5          |      0|acc_norm_token| 0.2667|±  |0.1182|
|                                                                     |       |acc_norm      | 0.1333|±  |0.0909|
|                                                                     |       |acc_norm_pmi  | 0.2000|±  |0.1069|
|lighteval:global_mmlu_ca_swe_cf:professional_accounting:5            |      0|acc_norm_token| 0.3333|±  |0.0797|
|                                                                     |       |acc_norm      | 0.3333|±  |0.0797|
|                                                                     |       |acc_norm_pmi  | 0.1944|±  |0.0669|
|lighteval:global_mmlu_ca_swe_cf:professional_law:5                   |      0|acc_norm_token| 0.2308|±  |0.1216|
|                                                                     |       |acc_norm      | 0.3846|±  |0.1404|
|                                                                     |       |acc_norm_pmi  | 0.3077|±  |0.1332|
|lighteval:global_mmlu_ca_swe_cf:professional_medicine:5              |      0|acc_norm_token| 0.2041|±  |0.0582|
|                                                                     |       |acc_norm      | 0.3265|±  |0.0677|
|                                                                     |       |acc_norm_pmi  | 0.1837|±  |0.0559|
|lighteval:global_mmlu_ca_swe_cf:professional_psychology:5            |      0|acc_norm_token| 0.1944|±  |0.0669|
|                                                                     |       |acc_norm      | 0.1944|±  |0.0669|
|                                                                     |       |acc_norm_pmi  | 0.2222|±  |0.0703|
|lighteval:global_mmlu_ca_tur_cf:_average:5                           |       |acc_norm_token| 0.2643|±  |0.0970|
|                                                                     |       |acc_norm      | 0.2637|±  |0.0965|
|                                                                     |       |acc_norm_pmi  | 0.2728|±  |0.0977|
|lighteval:global_mmlu_ca_tur_cf:college_biology:5                    |      0|acc_norm_token| 0.1837|±  |0.0559|
|                                                                     |       |acc_norm      | 0.2653|±  |0.0637|
|                                                                     |       |acc_norm_pmi  | 0.2449|±  |0.0621|
|lighteval:global_mmlu_ca_tur_cf:college_chemistry:5                  |      0|acc_norm_token| 0.2449|±  |0.0621|
|                                                                     |       |acc_norm      | 0.2653|±  |0.0637|
|                                                                     |       |acc_norm_pmi  | 0.2857|±  |0.0652|
|lighteval:global_mmlu_ca_tur_cf:college_computer_science:5           |      0|acc_norm_token| 0.2200|±  |0.0592|
|                                                                     |       |acc_norm      | 0.2400|±  |0.0610|
|                                                                     |       |acc_norm_pmi  | 0.2000|±  |0.0571|
|lighteval:global_mmlu_ca_tur_cf:college_mathematics:5                |      0|acc_norm_token| 0.2449|±  |0.0621|
|                                                                     |       |acc_norm      | 0.2245|±  |0.0602|
|                                                                     |       |acc_norm_pmi  | 0.3061|±  |0.0665|
|lighteval:global_mmlu_ca_tur_cf:college_medicine:5                   |      0|acc_norm_token| 0.2041|±  |0.0582|
|                                                                     |       |acc_norm      | 0.1837|±  |0.0559|
|                                                                     |       |acc_norm_pmi  | 0.1837|±  |0.0559|
|lighteval:global_mmlu_ca_tur_cf:college_physics:5                    |      0|acc_norm_token| 0.2800|±  |0.0641|
|                                                                     |       |acc_norm      | 0.2200|±  |0.0592|
|                                                                     |       |acc_norm_pmi  | 0.2400|±  |0.0610|
|lighteval:global_mmlu_ca_tur_cf:high_school_biology:5                |      0|acc_norm_token| 0.2800|±  |0.0641|
|                                                                     |       |acc_norm      | 0.3000|±  |0.0655|
|                                                                     |       |acc_norm_pmi  | 0.2600|±  |0.0627|
|lighteval:global_mmlu_ca_tur_cf:high_school_chemistry:5              |      0|acc_norm_token| 0.2449|±  |0.0621|
|                                                                     |       |acc_norm      | 0.2449|±  |0.0621|
|                                                                     |       |acc_norm_pmi  | 0.2857|±  |0.0652|
|lighteval:global_mmlu_ca_tur_cf:high_school_computer_science:5       |      0|acc_norm_token| 0.1224|±  |0.0473|
|                                                                     |       |acc_norm      | 0.1633|±  |0.0533|
|                                                                     |       |acc_norm_pmi  | 0.2245|±  |0.0602|
|lighteval:global_mmlu_ca_tur_cf:high_school_european_history:5       |      0|acc_norm_token| 0.1429|±  |0.0971|
|                                                                     |       |acc_norm      | 0.2857|±  |0.1253|
|                                                                     |       |acc_norm_pmi  | 0.2857|±  |0.1253|
|lighteval:global_mmlu_ca_tur_cf:high_school_geography:5              |      0|acc_norm_token| 0.2692|±  |0.0887|
|                                                                     |       |acc_norm      | 0.2692|±  |0.0887|
|                                                                     |       |acc_norm_pmi  | 0.3462|±  |0.0951|
|lighteval:global_mmlu_ca_tur_cf:high_school_government_and_politics:5|      0|acc_norm_token| 0.5000|±  |0.5000|
|                                                                     |       |acc_norm      | 0.5000|±  |0.5000|
|                                                                     |       |acc_norm_pmi  | 0.5000|±  |0.5000|
|lighteval:global_mmlu_ca_tur_cf:high_school_macroeconomics:5         |      0|acc_norm_token| 0.2500|±  |0.0693|
|                                                                     |       |acc_norm      | 0.2250|±  |0.0669|
|                                                                     |       |acc_norm_pmi  | 0.2500|±  |0.0693|
|lighteval:global_mmlu_ca_tur_cf:high_school_mathematics:5            |      0|acc_norm_token| 0.1837|±  |0.0559|
|                                                                     |       |acc_norm      | 0.1429|±  |0.0505|
|                                                                     |       |acc_norm_pmi  | 0.1837|±  |0.0559|
|lighteval:global_mmlu_ca_tur_cf:high_school_microeconomics:5         |      0|acc_norm_token| 0.2449|±  |0.0621|
|                                                                     |       |acc_norm      | 0.2041|±  |0.0582|
|                                                                     |       |acc_norm_pmi  | 0.2449|±  |0.0621|
|lighteval:global_mmlu_ca_tur_cf:high_school_physics:5                |      0|acc_norm_token| 0.2955|±  |0.0696|
|                                                                     |       |acc_norm      | 0.3864|±  |0.0743|
|                                                                     |       |acc_norm_pmi  | 0.2727|±  |0.0679|
|lighteval:global_mmlu_ca_tur_cf:high_school_psychology:5             |      0|acc_norm_token| 0.2222|±  |0.0703|
|                                                                     |       |acc_norm      | 0.1667|±  |0.0630|
|                                                                     |       |acc_norm_pmi  | 0.2222|±  |0.0703|
|lighteval:global_mmlu_ca_tur_cf:high_school_statistics:5             |      0|acc_norm_token| 0.2391|±  |0.0636|
|                                                                     |       |acc_norm      | 0.2609|±  |0.0655|
|                                                                     |       |acc_norm_pmi  | 0.2391|±  |0.0636|
|lighteval:global_mmlu_ca_tur_cf:high_school_us_history:5             |      0|acc_norm_token| 0.4000|±  |0.2449|
|                                                                     |       |acc_norm      | 0.2000|±  |0.2000|
|                                                                     |       |acc_norm_pmi  | 0.2000|±  |0.2000|
|lighteval:global_mmlu_ca_tur_cf:high_school_world_history:5          |      0|acc_norm_token| 0.2000|±  |0.1069|
|                                                                     |       |acc_norm      | 0.2667|±  |0.1182|
|                                                                     |       |acc_norm_pmi  | 0.4000|±  |0.1309|
|lighteval:global_mmlu_ca_tur_cf:professional_accounting:5            |      0|acc_norm_token| 0.2500|±  |0.0732|
|                                                                     |       |acc_norm      | 0.3056|±  |0.0779|
|                                                                     |       |acc_norm_pmi  | 0.2222|±  |0.0703|
|lighteval:global_mmlu_ca_tur_cf:professional_law:5                   |      0|acc_norm_token| 0.3846|±  |0.1404|
|                                                                     |       |acc_norm      | 0.3077|±  |0.1332|
|                                                                     |       |acc_norm_pmi  | 0.4615|±  |0.1439|
|lighteval:global_mmlu_ca_tur_cf:professional_medicine:5              |      0|acc_norm_token| 0.3469|±  |0.0687|
|                                                                     |       |acc_norm      | 0.3673|±  |0.0696|
|                                                                     |       |acc_norm_pmi  | 0.2653|±  |0.0637|
|lighteval:global_mmlu_ca_tur_cf:professional_psychology:5            |      0|acc_norm_token| 0.3889|±  |0.0824|
|                                                                     |       |acc_norm      | 0.3333|±  |0.0797|
|                                                                     |       |acc_norm_pmi  | 0.2222|±  |0.0703|
|lighteval:global_mmlu_ca_zho_cf:_average:5                           |       |acc_norm_token| 0.2612|±  |0.0932|
|                                                                     |       |acc_norm      | 0.2491|±  |0.0764|
|                                                                     |       |acc_norm_pmi  | 0.2412|±  |0.0764|
|lighteval:global_mmlu_ca_zho_cf:college_biology:5                    |      0|acc_norm_token| 0.1429|±  |0.0505|
|                                                                     |       |acc_norm      | 0.1633|±  |0.0533|
|                                                                     |       |acc_norm_pmi  | 0.2041|±  |0.0582|
|lighteval:global_mmlu_ca_zho_cf:college_chemistry:5                  |      0|acc_norm_token| 0.3061|±  |0.0665|
|                                                                     |       |acc_norm      | 0.3061|±  |0.0665|
|                                                                     |       |acc_norm_pmi  | 0.3061|±  |0.0665|
|lighteval:global_mmlu_ca_zho_cf:college_computer_science:5           |      0|acc_norm_token| 0.2800|±  |0.0641|
|                                                                     |       |acc_norm      | 0.2400|±  |0.0610|
|                                                                     |       |acc_norm_pmi  | 0.2600|±  |0.0627|
|lighteval:global_mmlu_ca_zho_cf:college_mathematics:5                |      0|acc_norm_token| 0.3265|±  |0.0677|
|                                                                     |       |acc_norm      | 0.2653|±  |0.0637|
|                                                                     |       |acc_norm_pmi  | 0.2041|±  |0.0582|
|lighteval:global_mmlu_ca_zho_cf:college_medicine:5                   |      0|acc_norm_token| 0.2449|±  |0.0621|
|                                                                     |       |acc_norm      | 0.1837|±  |0.0559|
|                                                                     |       |acc_norm_pmi  | 0.2245|±  |0.0602|
|lighteval:global_mmlu_ca_zho_cf:college_physics:5                    |      0|acc_norm_token| 0.2600|±  |0.0627|
|                                                                     |       |acc_norm      | 0.1400|±  |0.0496|
|                                                                     |       |acc_norm_pmi  | 0.2400|±  |0.0610|
|lighteval:global_mmlu_ca_zho_cf:high_school_biology:5                |      0|acc_norm_token| 0.3200|±  |0.0666|
|                                                                     |       |acc_norm      | 0.2600|±  |0.0627|
|                                                                     |       |acc_norm_pmi  | 0.2800|±  |0.0641|
|lighteval:global_mmlu_ca_zho_cf:high_school_chemistry:5              |      0|acc_norm_token| 0.1837|±  |0.0559|
|                                                                     |       |acc_norm      | 0.2041|±  |0.0582|
|                                                                     |       |acc_norm_pmi  | 0.2041|±  |0.0582|
|lighteval:global_mmlu_ca_zho_cf:high_school_computer_science:5       |      0|acc_norm_token| 0.2449|±  |0.0621|
|                                                                     |       |acc_norm      | 0.2245|±  |0.0602|
|                                                                     |       |acc_norm_pmi  | 0.1429|±  |0.0505|
|lighteval:global_mmlu_ca_zho_cf:high_school_european_history:5       |      0|acc_norm_token| 0.2143|±  |0.1138|
|                                                                     |       |acc_norm      | 0.2143|±  |0.1138|
|                                                                     |       |acc_norm_pmi  | 0.2857|±  |0.1253|
|lighteval:global_mmlu_ca_zho_cf:high_school_geography:5              |      0|acc_norm_token| 0.2692|±  |0.0887|
|                                                                     |       |acc_norm      | 0.3077|±  |0.0923|
|                                                                     |       |acc_norm_pmi  | 0.3077|±  |0.0923|
|lighteval:global_mmlu_ca_zho_cf:high_school_government_and_politics:5|      0|acc_norm_token| 0.5000|±  |0.5000|
|                                                                     |       |acc_norm      | 0.0000|±  |0.0000|
|                                                                     |       |acc_norm_pmi  | 0.0000|±  |0.0000|
|lighteval:global_mmlu_ca_zho_cf:high_school_macroeconomics:5         |      0|acc_norm_token| 0.2750|±  |0.0715|
|                                                                     |       |acc_norm      | 0.2500|±  |0.0693|
|                                                                     |       |acc_norm_pmi  | 0.2000|±  |0.0641|
|lighteval:global_mmlu_ca_zho_cf:high_school_mathematics:5            |      0|acc_norm_token| 0.1429|±  |0.0505|
|                                                                     |       |acc_norm      | 0.1224|±  |0.0473|
|                                                                     |       |acc_norm_pmi  | 0.2245|±  |0.0602|
|lighteval:global_mmlu_ca_zho_cf:high_school_microeconomics:5         |      0|acc_norm_token| 0.2245|±  |0.0602|
|                                                                     |       |acc_norm      | 0.2857|±  |0.0652|
|                                                                     |       |acc_norm_pmi  | 0.2245|±  |0.0602|
|lighteval:global_mmlu_ca_zho_cf:high_school_physics:5                |      0|acc_norm_token| 0.3409|±  |0.0723|
|                                                                     |       |acc_norm      | 0.2727|±  |0.0679|
|                                                                     |       |acc_norm_pmi  | 0.2045|±  |0.0615|
|lighteval:global_mmlu_ca_zho_cf:high_school_psychology:5             |      0|acc_norm_token| 0.2222|±  |0.0703|
|                                                                     |       |acc_norm      | 0.3056|±  |0.0779|
|                                                                     |       |acc_norm_pmi  | 0.3333|±  |0.0797|
|lighteval:global_mmlu_ca_zho_cf:high_school_statistics:5             |      0|acc_norm_token| 0.3478|±  |0.0710|
|                                                                     |       |acc_norm      | 0.3261|±  |0.0699|
|                                                                     |       |acc_norm_pmi  | 0.3043|±  |0.0686|
|lighteval:global_mmlu_ca_zho_cf:high_school_us_history:5             |      0|acc_norm_token| 0.4000|±  |0.2449|
|                                                                     |       |acc_norm      | 0.4000|±  |0.2449|
|                                                                     |       |acc_norm_pmi  | 0.4000|±  |0.2449|
|lighteval:global_mmlu_ca_zho_cf:high_school_world_history:5          |      0|acc_norm_token| 0.0000|±  |0.0000|
|                                                                     |       |acc_norm      | 0.2000|±  |0.1069|
|                                                                     |       |acc_norm_pmi  | 0.3333|±  |0.1260|
|lighteval:global_mmlu_ca_zho_cf:professional_accounting:5            |      0|acc_norm_token| 0.2500|±  |0.0732|
|                                                                     |       |acc_norm      | 0.2500|±  |0.0732|
|                                                                     |       |acc_norm_pmi  | 0.1944|±  |0.0669|
|lighteval:global_mmlu_ca_zho_cf:professional_law:5                   |      0|acc_norm_token| 0.2308|±  |0.1216|
|                                                                     |       |acc_norm      | 0.2308|±  |0.1216|
|                                                                     |       |acc_norm_pmi  | 0.1538|±  |0.1042|
|lighteval:global_mmlu_ca_zho_cf:professional_medicine:5              |      0|acc_norm_token| 0.2653|±  |0.0637|
|                                                                     |       |acc_norm      | 0.3265|±  |0.0677|
|                                                                     |       |acc_norm_pmi  | 0.2245|±  |0.0602|
|lighteval:global_mmlu_ca_zho_cf:professional_psychology:5            |      0|acc_norm_token| 0.2778|±  |0.0757|
|                                                                     |       |acc_norm      | 0.5000|±  |0.0845|
|                                                                     |       |acc_norm_pmi  | 0.3333|±  |0.0797|
|lighteval:mlmm_hellaswag_ara_cf:5                                    |      0|acc_norm_token| 0.3350|±  |0.0149|
|                                                                     |       |acc_norm      | 0.3150|±  |0.0147|
|lighteval:mlmm_hellaswag_deu_cf:5                                    |      0|acc_norm_token| 0.3550|±  |0.0151|
|                                                                     |       |acc_norm      | 0.3630|±  |0.0152|
|lighteval:mlmm_hellaswag_fra_cf:5                                    |      0|acc_norm_token| 0.3880|±  |0.0154|
|                                                                     |       |acc_norm      | 0.3820|±  |0.0154|
|lighteval:mlmm_hellaswag_hin_cf:5                                    |      0|acc_norm_token| 0.2740|±  |0.0141|
|                                                                     |       |acc_norm      | 0.2440|±  |0.0136|
|lighteval:mlmm_hellaswag_ita_cf:5                                    |      0|acc_norm_token| 0.3710|±  |0.0153|
|                                                                     |       |acc_norm      | 0.3590|±  |0.0152|
|lighteval:mlmm_hellaswag_nld_cf:5                                    |      0|acc_norm_token| 0.3810|±  |0.0154|
|                                                                     |       |acc_norm      | 0.3530|±  |0.0151|
|lighteval:mlmm_hellaswag_por_cf:5                                    |      0|acc_norm_token| 0.2990|±  |0.0145|
|                                                                     |       |acc_norm      | 0.3130|±  |0.0147|
|lighteval:mlmm_hellaswag_rus_cf:5                                    |      0|acc_norm_token| 0.3520|±  |0.0151|
|                                                                     |       |acc_norm      | 0.3620|±  |0.0152|
|lighteval:mlmm_hellaswag_spa_cf:5                                    |      0|acc_norm_token| 0.3850|±  |0.0154|
|                                                                     |       |acc_norm      | 0.3890|±  |0.0154|
|lighteval:mlmm_hellaswag_swe_cf:5                                    |      0|acc_norm_token| 0.2670|±  |0.0140|
|                                                                     |       |acc_norm      | 0.2750|±  |0.0141|
|lighteval:mlmm_hellaswag_zho_cf:5                                    |      0|acc_norm_token| 0.2950|±  |0.0144|
|                                                                     |       |acc_norm      | 0.2900|±  |0.0144|
|lighteval:xcsqa_ara_cf:5                                             |      0|acc_norm_token| 0.3110|±  |0.0146|
|                                                                     |       |acc_norm      | 0.2900|±  |0.0144|
|                                                                     |       |acc_norm_pmi  | 0.3250|±  |0.0148|
|lighteval:xcsqa_deu_cf:5                                             |      0|acc_norm_token| 0.3290|±  |0.0149|
|                                                                     |       |acc_norm      | 0.3390|±  |0.0150|
|                                                                     |       |acc_norm_pmi  | 0.3783|±  |0.0154|
|lighteval:xcsqa_eng_cf:5                                             |      0|acc_norm_token| 0.4050|±  |0.0155|
|                                                                     |       |acc_norm      | 0.3920|±  |0.0154|
|                                                                     |       |acc_norm_pmi  | 0.4380|±  |0.0157|
|lighteval:xcsqa_fra_cf:5                                             |      0|acc_norm_token| 0.3110|±  |0.0146|
|                                                                     |       |acc_norm      | 0.3250|±  |0.0148|
|                                                                     |       |acc_norm_pmi  | 0.3350|±  |0.0149|
|lighteval:xcsqa_hin_cf:5                                             |      0|acc_norm_token| 0.2000|±  |0.0127|
|                                                                     |       |acc_norm      | 0.1910|±  |0.0124|
|                                                                     |       |acc_norm_pmi  | 0.2120|±  |0.0129|
|lighteval:xcsqa_ita_cf:5                                             |      0|acc_norm_token| 0.3236|±  |0.0148|
|                                                                     |       |acc_norm      | 0.3317|±  |0.0149|
|                                                                     |       |acc_norm_pmi  | 0.3698|±  |0.0153|
|lighteval:xcsqa_nld_cf:5                                             |      0|acc_norm_token| 0.3140|±  |0.0147|
|                                                                     |       |acc_norm      | 0.3350|±  |0.0149|
|                                                                     |       |acc_norm_pmi  | 0.3310|±  |0.0149|
|lighteval:xcsqa_por_cf:5                                             |      0|acc_norm_token| 0.2580|±  |0.0138|
|                                                                     |       |acc_norm      | 0.2690|±  |0.0140|
|                                                                     |       |acc_norm_pmi  | 0.2670|±  |0.0140|
|lighteval:xcsqa_rus_cf:5                                             |      0|acc_norm_token| 0.2890|±  |0.0144|
|                                                                     |       |acc_norm      | 0.3053|±  |0.0147|
|                                                                     |       |acc_norm_pmi  | 0.3306|±  |0.0150|
|lighteval:xcsqa_spa_cf:5                                             |      0|acc_norm_token| 0.2990|±  |0.0145|
|                                                                     |       |acc_norm      | 0.3310|±  |0.0149|
|                                                                     |       |acc_norm_pmi  | 0.3590|±  |0.0152|
|lighteval:xcsqa_zho_cf:5                                             |      0|acc_norm_token| 0.2250|±  |0.0132|
|                                                                     |       |acc_norm      | 0.2190|±  |0.0131|
|                                                                     |       |acc_norm_pmi  | 0.2470|±  |0.0136|

