Array task 8 / Model: /fnwi_fs/ivi/irlab/personal/saycock/multimerge/models/mixed-10-checkpoints/checkpoint_0008000
Task: all | Lang: all
INFO 04-16 23:03:33 [__init__.py:235] Automatically detected platform cuda.
1
lighteval|belebele_arb_Arab_cf
lighteval|belebele_deu_Latn_cf
lighteval|belebele_eng_Latn_cf
lighteval|belebele_fra_Latn_cf
lighteval|belebele_hin_Deva_cf
lighteval|belebele_ita_Latn_cf
lighteval|belebele_nld_Latn_cf
lighteval|belebele_por_Latn_cf
lighteval|belebele_rus_Cyrl_cf
lighteval|belebele_spa_Latn_cf
lighteval|belebele_swe_Latn_cf
lighteval|belebele_tur_Latn_cf
lighteval|belebele_zho_Hans_cf
lighteval|xcsqa_ara_cf
lighteval|xcsqa_deu_cf
lighteval|xcsqa_eng_cf
lighteval|xcsqa_fra_cf
lighteval|xcsqa_hin_cf
lighteval|xcsqa_ita_cf
lighteval|xcsqa_nld_cf
lighteval|xcsqa_por_cf
lighteval|xcsqa_rus_cf
lighteval|xcsqa_spa_cf
None
None
lighteval|xcsqa_zho_cf
lighteval|mlmm_hellaswag_ara_cf
lighteval|mlmm_hellaswag_deu_cf
leaderboard|hellaswag
lighteval|mlmm_hellaswag_fra_cf
lighteval|mlmm_hellaswag_hin_cf
lighteval|mlmm_hellaswag_ita_cf
lighteval|mlmm_hellaswag_nld_cf
lighteval|mlmm_hellaswag_por_cf
lighteval|mlmm_hellaswag_rus_cf
lighteval|mlmm_hellaswag_spa_cf
lighteval|mlmm_hellaswag_swe_cf
lighteval|community_hellaswag_tur_cf
lighteval|mlmm_hellaswag_zho_cf
lighteval|flores200:eng_Latn-arb_Arab
lighteval|flores200:eng_Latn-deu_Latn
lighteval|flores200:fra_Latn-eng_Latn
lighteval|flores200:eng_Latn-fra_Latn
lighteval|flores200:eng_Latn-hin_Deva
lighteval|flores200:eng_Latn-ita_Latn
lighteval|flores200:eng_Latn-nld_Latn
lighteval|flores200:eng_Latn-por_Latn
lighteval|flores200:eng_Latn-rus_Cyrl
lighteval|flores200:eng_Latn-spa_Latn
lighteval|flores200:eng_Latn-swe_Latn
lighteval|flores200:eng_Latn-tur_Latn
lighteval|flores200:eng_Latn-zho_Hans
lighteval|global_mmlu_ca_ara_cf
lighteval|global_mmlu_ca_deu_cf
lighteval|global_mmlu_ca_eng_cf
lighteval|global_mmlu_ca_fra_cf
lighteval|global_mmlu_ca_hin_cf
lighteval|global_mmlu_ca_ita_cf
lighteval|global_mmlu_ca_nld_cf
lighteval|global_mmlu_ca_por_cf
lighteval|global_mmlu_ca_rus_cf
lighteval|global_mmlu_ca_spa_cf
lighteval|global_mmlu_ca_swe_cf
lighteval|global_mmlu_ca_tur_cf
lighteval|global_mmlu_ca_zho_cf
|                                Task                                 |Version|    Metric    | Value |   |Stderr|
|---------------------------------------------------------------------|------:|--------------|------:|---|-----:|
|all                                                                  |       |acc           | 0.3080|±  |0.0146|
|                                                                     |       |acc_norm      | 0.2679|±  |0.0816|
|                                                                     |       |acc_norm_token| 0.2492|±  |0.0749|
|                                                                     |       |acc_norm_pmi  | 0.2578|±  |0.0765|
|                                                                     |       |chrf++        |16.0106|±  |0.1360|
|                                                                     |       |bleu          | 6.3317|±  |0.1225|
|                                                                     |       |bleu_1        | 0.0791|±  |0.0018|
|                                                                     |       |bleu_4        | 0.0009|±  |0.0002|
|leaderboard:hellaswag:5                                              |      0|acc           | 0.3080|±  |0.0146|
|                                                                     |       |acc_norm      | 0.3520|±  |0.0151|
|lighteval:belebele_arb_Arab_cf:5                                     |      0|acc_norm_token| 0.2933|±  |0.0152|
|                                                                     |       |acc_norm      | 0.3133|±  |0.0155|
|lighteval:belebele_deu_Latn_cf:5                                     |      0|acc_norm_token| 0.3100|±  |0.0154|
|                                                                     |       |acc_norm      | 0.3133|±  |0.0155|
|lighteval:belebele_eng_Latn_cf:5                                     |      0|acc_norm_token| 0.3056|±  |0.0154|
|                                                                     |       |acc_norm      | 0.3022|±  |0.0153|
|lighteval:belebele_fra_Latn_cf:5                                     |      0|acc_norm_token| 0.3322|±  |0.0157|
|                                                                     |       |acc_norm      | 0.3189|±  |0.0155|
|lighteval:belebele_hin_Deva_cf:5                                     |      0|acc_norm_token| 0.2456|±  |0.0144|
|                                                                     |       |acc_norm      | 0.2567|±  |0.0146|
|lighteval:belebele_ita_Latn_cf:5                                     |      0|acc_norm_token| 0.3011|±  |0.0153|
|                                                                     |       |acc_norm      | 0.3022|±  |0.0153|
|lighteval:belebele_nld_Latn_cf:5                                     |      0|acc_norm_token| 0.3133|±  |0.0155|
|                                                                     |       |acc_norm      | 0.3256|±  |0.0156|
|lighteval:belebele_por_Latn_cf:5                                     |      0|acc_norm_token| 0.2900|±  |0.0151|
|                                                                     |       |acc_norm      | 0.2911|±  |0.0152|
|lighteval:belebele_rus_Cyrl_cf:5                                     |      0|acc_norm_token| 0.3044|±  |0.0153|
|                                                                     |       |acc_norm      | 0.3033|±  |0.0153|
|lighteval:belebele_spa_Latn_cf:5                                     |      0|acc_norm_token| 0.3144|±  |0.0155|
|                                                                     |       |acc_norm      | 0.3022|±  |0.0153|
|lighteval:belebele_swe_Latn_cf:5                                     |      0|acc_norm_token| 0.3022|±  |0.0153|
|                                                                     |       |acc_norm      | 0.2989|±  |0.0153|
|lighteval:belebele_tur_Latn_cf:5                                     |      0|acc_norm_token| 0.2944|±  |0.0152|
|                                                                     |       |acc_norm      | 0.3133|±  |0.0155|
|lighteval:belebele_zho_Hans_cf:5                                     |      0|acc_norm_token| 0.2533|±  |0.0145|
|                                                                     |       |acc_norm      | 0.2467|±  |0.0144|
|lighteval:community_hellaswag_tur_cf:5                               |      0|acc_norm_token| 0.3320|±  |0.0149|
|                                                                     |       |acc_norm      | 0.3150|±  |0.0147|
|lighteval:flores200:_average:5                                       |       |chrf++        |16.0106|±  |0.1360|
|                                                                     |       |bleu          | 6.3317|±  |0.1225|
|                                                                     |       |bleu_1        | 0.0791|±  |0.0018|
|                                                                     |       |bleu_4        | 0.0009|±  |0.0002|
|lighteval:flores200:eng_Latn-arb_Arab:5                              |      0|chrf++        | 5.2229|±  |0.1745|
|                                                                     |       |bleu          | 2.7157|±  |0.0987|
|                                                                     |       |bleu_1        | 0.0466|±  |0.0009|
|                                                                     |       |bleu_4        | 0.0000|±  |0.0000|
|lighteval:flores200:eng_Latn-deu_Latn:5                              |      0|chrf++        |26.0394|±  |0.1257|
|                                                                     |       |bleu          |13.9508|±  |0.1372|
|                                                                     |       |bleu_1        | 0.1217|±  |0.0023|
|                                                                     |       |bleu_4        | 0.0005|±  |0.0002|
|lighteval:flores200:eng_Latn-fra_Latn:5                              |      0|chrf++        |23.4895|±  |0.1672|
|                                                                     |       |bleu          |18.1377|±  |0.1858|
|                                                                     |       |bleu_1        | 0.1264|±  |0.0026|
|                                                                     |       |bleu_4        | 0.0009|±  |0.0002|
|lighteval:flores200:eng_Latn-hin_Deva:5                              |      0|chrf++        | 9.5926|±  |0.0790|
|                                                                     |       |bleu          | 0.0000|±  |0.1212|
|                                                                     |       |bleu_1        | 0.0169|±  |0.0008|
|                                                                     |       |bleu_4        | 0.0000|±  |0.0000|
|lighteval:flores200:eng_Latn-ita_Latn:5                              |      0|chrf++        |14.7116|±  |0.1582|
|                                                                     |       |bleu          | 4.0654|±  |0.1717|
|                                                                     |       |bleu_1        | 0.1095|±  |0.0025|
|                                                                     |       |bleu_4        | 0.0015|±  |0.0006|
|lighteval:flores200:eng_Latn-nld_Latn:5                              |      0|chrf++        |18.1004|±  |0.1068|
|                                                                     |       |bleu          | 8.8218|±  |0.0718|
|                                                                     |       |bleu_1        | 0.0658|±  |0.0015|
|                                                                     |       |bleu_4        | 0.0005|±  |0.0002|
|lighteval:flores200:eng_Latn-por_Latn:5                              |      0|chrf++        |15.3466|±  |0.1115|
|                                                                     |       |bleu          | 5.2375|±  |0.0849|
|                                                                     |       |bleu_1        | 0.0718|±  |0.0016|
|                                                                     |       |bleu_4        | 0.0002|±  |0.0002|
|lighteval:flores200:eng_Latn-rus_Cyrl:5                              |      0|chrf++        | 4.0601|±  |0.2541|
|                                                                     |       |bleu          | 0.6796|±  |0.0924|
|                                                                     |       |bleu_1        | 0.0403|±  |0.0011|
|                                                                     |       |bleu_4        | 0.0001|±  |0.0000|
|lighteval:flores200:eng_Latn-spa_Latn:5                              |      0|chrf++        |28.2277|±  |0.1626|
|                                                                     |       |bleu          |19.0520|±  |0.1865|
|                                                                     |       |bleu_1        | 0.1582|±  |0.0029|
|                                                                     |       |bleu_4        | 0.0012|±  |0.0003|
|lighteval:flores200:eng_Latn-swe_Latn:5                              |      0|chrf++        |18.8303|±  |0.0722|
|                                                                     |       |bleu          | 0.5936|±  |0.0541|
|                                                                     |       |bleu_1        | 0.0361|±  |0.0010|
|                                                                     |       |bleu_4        | 0.0001|±  |0.0000|
|lighteval:flores200:eng_Latn-tur_Latn:5                              |      0|chrf++        |15.7124|±  |0.0793|
|                                                                     |       |bleu          | 1.8771|±  |0.0471|
|                                                                     |       |bleu_1        | 0.0543|±  |0.0011|
|                                                                     |       |bleu_4        | 0.0001|±  |0.0001|
|lighteval:flores200:eng_Latn-zho_Hans:5                              |      0|chrf++        | 3.7629|±  |0.0521|
|                                                                     |       |bleu          | 1.0649|±  |0.1218|
|                                                                     |       |bleu_1        | 0.0025|±  |0.0007|
|                                                                     |       |bleu_4        | 0.0000|±  |0.0000|
|lighteval:flores200:fra_Latn-eng_Latn:5                              |      0|chrf++        |25.0414|±  |0.2252|
|                                                                     |       |bleu          | 6.1155|±  |0.2192|
|                                                                     |       |bleu_1        | 0.1787|±  |0.0039|
|                                                                     |       |bleu_4        | 0.0072|±  |0.0009|
|lighteval:global_mmlu_ca_ara_cf:_average:5                           |       |acc_norm_token| 0.2480|±  |0.0942|
|                                                                     |       |acc_norm      | 0.2406|±  |0.0942|
|                                                                     |       |acc_norm_pmi  | 0.2330|±  |0.0656|
|lighteval:global_mmlu_ca_ara_cf:college_biology:5                    |      0|acc_norm_token| 0.2041|±  |0.0582|
|                                                                     |       |acc_norm      | 0.2245|±  |0.0602|
|                                                                     |       |acc_norm_pmi  | 0.1837|±  |0.0559|
|lighteval:global_mmlu_ca_ara_cf:college_chemistry:5                  |      0|acc_norm_token| 0.2500|±  |0.0632|
|                                                                     |       |acc_norm      | 0.2292|±  |0.0613|
|                                                                     |       |acc_norm_pmi  | 0.1667|±  |0.0544|
|lighteval:global_mmlu_ca_ara_cf:college_computer_science:5           |      0|acc_norm_token| 0.2600|±  |0.0627|
|                                                                     |       |acc_norm      | 0.2000|±  |0.0571|
|                                                                     |       |acc_norm_pmi  | 0.1800|±  |0.0549|
|lighteval:global_mmlu_ca_ara_cf:college_mathematics:5                |      0|acc_norm_token| 0.2245|±  |0.0602|
|                                                                     |       |acc_norm      | 0.2245|±  |0.0602|
|                                                                     |       |acc_norm_pmi  | 0.2245|±  |0.0602|
|lighteval:global_mmlu_ca_ara_cf:college_medicine:5                   |      0|acc_norm_token| 0.1633|±  |0.0533|
|                                                                     |       |acc_norm      | 0.1429|±  |0.0505|
|                                                                     |       |acc_norm_pmi  | 0.2245|±  |0.0602|
|lighteval:global_mmlu_ca_ara_cf:college_physics:5                    |      0|acc_norm_token| 0.2653|±  |0.0637|
|                                                                     |       |acc_norm      | 0.2653|±  |0.0637|
|                                                                     |       |acc_norm_pmi  | 0.1224|±  |0.0473|
|lighteval:global_mmlu_ca_ara_cf:high_school_biology:5                |      0|acc_norm_token| 0.2000|±  |0.0571|
|                                                                     |       |acc_norm      | 0.1800|±  |0.0549|
|                                                                     |       |acc_norm_pmi  | 0.3000|±  |0.0655|
|lighteval:global_mmlu_ca_ara_cf:high_school_chemistry:5              |      0|acc_norm_token| 0.1667|±  |0.0544|
|                                                                     |       |acc_norm      | 0.2083|±  |0.0592|
|                                                                     |       |acc_norm_pmi  | 0.3750|±  |0.0706|
|lighteval:global_mmlu_ca_ara_cf:high_school_computer_science:5       |      0|acc_norm_token| 0.1224|±  |0.0473|
|                                                                     |       |acc_norm      | 0.1429|±  |0.0505|
|                                                                     |       |acc_norm_pmi  | 0.1633|±  |0.0533|
|lighteval:global_mmlu_ca_ara_cf:high_school_european_history:5       |      0|acc_norm_token| 0.1429|±  |0.0971|
|                                                                     |       |acc_norm      | 0.2857|±  |0.1253|
|                                                                     |       |acc_norm_pmi  | 0.2143|±  |0.1138|
|lighteval:global_mmlu_ca_ara_cf:high_school_geography:5              |      0|acc_norm_token| 0.3462|±  |0.0951|
|                                                                     |       |acc_norm      | 0.1923|±  |0.0788|
|                                                                     |       |acc_norm_pmi  | 0.2308|±  |0.0843|
|lighteval:global_mmlu_ca_ara_cf:high_school_government_and_politics:5|      0|acc_norm_token| 0.5000|±  |0.5000|
|                                                                     |       |acc_norm      | 0.5000|±  |0.5000|
|                                                                     |       |acc_norm_pmi  | 0.0000|±  |0.0000|
|lighteval:global_mmlu_ca_ara_cf:high_school_macroeconomics:5         |      0|acc_norm_token| 0.2500|±  |0.0693|
|                                                                     |       |acc_norm      | 0.2250|±  |0.0669|
|                                                                     |       |acc_norm_pmi  | 0.2500|±  |0.0693|
|lighteval:global_mmlu_ca_ara_cf:high_school_mathematics:5            |      0|acc_norm_token| 0.2041|±  |0.0582|
|                                                                     |       |acc_norm      | 0.1837|±  |0.0559|
|                                                                     |       |acc_norm_pmi  | 0.1633|±  |0.0533|
|lighteval:global_mmlu_ca_ara_cf:high_school_microeconomics:5         |      0|acc_norm_token| 0.1837|±  |0.0559|
|                                                                     |       |acc_norm      | 0.1633|±  |0.0533|
|                                                                     |       |acc_norm_pmi  | 0.3469|±  |0.0687|
|lighteval:global_mmlu_ca_ara_cf:high_school_physics:5                |      0|acc_norm_token| 0.4419|±  |0.0766|
|                                                                     |       |acc_norm      | 0.4186|±  |0.0761|
|                                                                     |       |acc_norm_pmi  | 0.3256|±  |0.0723|
|lighteval:global_mmlu_ca_ara_cf:high_school_psychology:5             |      0|acc_norm_token| 0.1667|±  |0.0630|
|                                                                     |       |acc_norm      | 0.0556|±  |0.0387|
|                                                                     |       |acc_norm_pmi  | 0.1389|±  |0.0585|
|lighteval:global_mmlu_ca_ara_cf:high_school_statistics:5             |      0|acc_norm_token| 0.2391|±  |0.0636|
|                                                                     |       |acc_norm      | 0.2826|±  |0.0671|
|                                                                     |       |acc_norm_pmi  | 0.3478|±  |0.0710|
|lighteval:global_mmlu_ca_ara_cf:high_school_us_history:5             |      0|acc_norm_token| 0.2000|±  |0.2000|
|                                                                     |       |acc_norm      | 0.4000|±  |0.2449|
|                                                                     |       |acc_norm_pmi  | 0.0000|±  |0.0000|
|lighteval:global_mmlu_ca_ara_cf:high_school_world_history:5          |      0|acc_norm_token| 0.2667|±  |0.1182|
|                                                                     |       |acc_norm      | 0.2000|±  |0.1069|
|                                                                     |       |acc_norm_pmi  | 0.6000|±  |0.1309|
|lighteval:global_mmlu_ca_ara_cf:professional_accounting:5            |      0|acc_norm_token| 0.1667|±  |0.0630|
|                                                                     |       |acc_norm      | 0.1389|±  |0.0585|
|                                                                     |       |acc_norm_pmi  | 0.2222|±  |0.0703|
|lighteval:global_mmlu_ca_ara_cf:professional_law:5                   |      0|acc_norm_token| 0.3077|±  |0.1332|
|                                                                     |       |acc_norm      | 0.2308|±  |0.1216|
|                                                                     |       |acc_norm_pmi  | 0.2308|±  |0.1216|
|lighteval:global_mmlu_ca_ara_cf:professional_medicine:5              |      0|acc_norm_token| 0.3469|±  |0.0687|
|                                                                     |       |acc_norm      | 0.3469|±  |0.0687|
|                                                                     |       |acc_norm_pmi  | 0.3878|±  |0.0703|
|lighteval:global_mmlu_ca_ara_cf:professional_psychology:5            |      0|acc_norm_token| 0.3333|±  |0.0797|
|                                                                     |       |acc_norm      | 0.3333|±  |0.0797|
|                                                                     |       |acc_norm_pmi  | 0.1944|±  |0.0669|
|lighteval:global_mmlu_ca_deu_cf:_average:5                           |       |acc_norm_token| 0.2600|±  |0.0961|
|                                                                     |       |acc_norm      | 0.3061|±  |0.0777|
|                                                                     |       |acc_norm_pmi  | 0.2724|±  |0.0972|
|lighteval:global_mmlu_ca_deu_cf:college_biology:5                    |      0|acc_norm_token| 0.3061|±  |0.0665|
|                                                                     |       |acc_norm      | 0.2653|±  |0.0637|
|                                                                     |       |acc_norm_pmi  | 0.2449|±  |0.0621|
|lighteval:global_mmlu_ca_deu_cf:college_chemistry:5                  |      0|acc_norm_token| 0.2449|±  |0.0621|
|                                                                     |       |acc_norm      | 0.2245|±  |0.0602|
|                                                                     |       |acc_norm_pmi  | 0.2653|±  |0.0637|
|lighteval:global_mmlu_ca_deu_cf:college_computer_science:5           |      0|acc_norm_token| 0.1800|±  |0.0549|
|                                                                     |       |acc_norm      | 0.1800|±  |0.0549|
|                                                                     |       |acc_norm_pmi  | 0.2000|±  |0.0571|
|lighteval:global_mmlu_ca_deu_cf:college_mathematics:5                |      0|acc_norm_token| 0.2449|±  |0.0621|
|                                                                     |       |acc_norm      | 0.2245|±  |0.0602|
|                                                                     |       |acc_norm_pmi  | 0.2245|±  |0.0602|
|lighteval:global_mmlu_ca_deu_cf:college_medicine:5                   |      0|acc_norm_token| 0.2041|±  |0.0582|
|                                                                     |       |acc_norm      | 0.2449|±  |0.0621|
|                                                                     |       |acc_norm_pmi  | 0.3265|±  |0.0677|
|lighteval:global_mmlu_ca_deu_cf:college_physics:5                    |      0|acc_norm_token| 0.2200|±  |0.0592|
|                                                                     |       |acc_norm      | 0.2600|±  |0.0627|
|                                                                     |       |acc_norm_pmi  | 0.2600|±  |0.0627|
|lighteval:global_mmlu_ca_deu_cf:high_school_biology:5                |      0|acc_norm_token| 0.2000|±  |0.0571|
|                                                                     |       |acc_norm      | 0.2000|±  |0.0571|
|                                                                     |       |acc_norm_pmi  | 0.3200|±  |0.0666|
|lighteval:global_mmlu_ca_deu_cf:high_school_chemistry:5              |      0|acc_norm_token| 0.2041|±  |0.0582|
|                                                                     |       |acc_norm      | 0.2449|±  |0.0621|
|                                                                     |       |acc_norm_pmi  | 0.2857|±  |0.0652|
|lighteval:global_mmlu_ca_deu_cf:high_school_computer_science:5       |      0|acc_norm_token| 0.1020|±  |0.0437|
|                                                                     |       |acc_norm      | 0.1633|±  |0.0533|
|                                                                     |       |acc_norm_pmi  | 0.2449|±  |0.0621|
|lighteval:global_mmlu_ca_deu_cf:high_school_european_history:5       |      0|acc_norm_token| 0.2143|±  |0.1138|
|                                                                     |       |acc_norm      | 0.4286|±  |0.1373|
|                                                                     |       |acc_norm_pmi  | 0.2857|±  |0.1253|
|lighteval:global_mmlu_ca_deu_cf:high_school_geography:5              |      0|acc_norm_token| 0.3846|±  |0.0973|
|                                                                     |       |acc_norm      | 0.3846|±  |0.0973|
|                                                                     |       |acc_norm_pmi  | 0.2308|±  |0.0843|
|lighteval:global_mmlu_ca_deu_cf:high_school_government_and_politics:5|      0|acc_norm_token| 0.5000|±  |0.5000|
|                                                                     |       |acc_norm      | 1.0000|±  |0.0000|
|                                                                     |       |acc_norm_pmi  | 0.5000|±  |0.5000|
|lighteval:global_mmlu_ca_deu_cf:high_school_macroeconomics:5         |      0|acc_norm_token| 0.3000|±  |0.0734|
|                                                                     |       |acc_norm      | 0.2500|±  |0.0693|
|                                                                     |       |acc_norm_pmi  | 0.2750|±  |0.0715|
|lighteval:global_mmlu_ca_deu_cf:high_school_mathematics:5            |      0|acc_norm_token| 0.2449|±  |0.0621|
|                                                                     |       |acc_norm      | 0.2041|±  |0.0582|
|                                                                     |       |acc_norm_pmi  | 0.1633|±  |0.0533|
|lighteval:global_mmlu_ca_deu_cf:high_school_microeconomics:5         |      0|acc_norm_token| 0.2449|±  |0.0621|
|                                                                     |       |acc_norm      | 0.3469|±  |0.0687|
|                                                                     |       |acc_norm_pmi  | 0.2653|±  |0.0637|
|lighteval:global_mmlu_ca_deu_cf:high_school_physics:5                |      0|acc_norm_token| 0.3636|±  |0.0734|
|                                                                     |       |acc_norm      | 0.3182|±  |0.0710|
|                                                                     |       |acc_norm_pmi  | 0.3636|±  |0.0734|
|lighteval:global_mmlu_ca_deu_cf:high_school_psychology:5             |      0|acc_norm_token| 0.2222|±  |0.0703|
|                                                                     |       |acc_norm      | 0.1667|±  |0.0630|
|                                                                     |       |acc_norm_pmi  | 0.3056|±  |0.0779|
|lighteval:global_mmlu_ca_deu_cf:high_school_statistics:5             |      0|acc_norm_token| 0.2826|±  |0.0671|
|                                                                     |       |acc_norm      | 0.3261|±  |0.0699|
|                                                                     |       |acc_norm_pmi  | 0.3696|±  |0.0720|
|lighteval:global_mmlu_ca_deu_cf:high_school_us_history:5             |      0|acc_norm_token| 0.2000|±  |0.2000|
|                                                                     |       |acc_norm      | 0.6000|±  |0.2449|
|                                                                     |       |acc_norm_pmi  | 0.2000|±  |0.2000|
|lighteval:global_mmlu_ca_deu_cf:high_school_world_history:5          |      0|acc_norm_token| 0.2667|±  |0.1182|
|                                                                     |       |acc_norm      | 0.2000|±  |0.1069|
|                                                                     |       |acc_norm_pmi  | 0.2667|±  |0.1182|
|lighteval:global_mmlu_ca_deu_cf:professional_accounting:5            |      0|acc_norm_token| 0.2500|±  |0.0732|
|                                                                     |       |acc_norm      | 0.3333|±  |0.0797|
|                                                                     |       |acc_norm_pmi  | 0.1944|±  |0.0669|
|lighteval:global_mmlu_ca_deu_cf:professional_law:5                   |      0|acc_norm_token| 0.3846|±  |0.1404|
|                                                                     |       |acc_norm      | 0.2308|±  |0.1216|
|                                                                     |       |acc_norm_pmi  | 0.2308|±  |0.1216|
|lighteval:global_mmlu_ca_deu_cf:professional_medicine:5              |      0|acc_norm_token| 0.2245|±  |0.0602|
|                                                                     |       |acc_norm      | 0.2449|±  |0.0621|
|                                                                     |       |acc_norm_pmi  | 0.2653|±  |0.0637|
|lighteval:global_mmlu_ca_deu_cf:professional_psychology:5            |      0|acc_norm_token| 0.2500|±  |0.0732|
|                                                                     |       |acc_norm      | 0.3056|±  |0.0779|
|                                                                     |       |acc_norm_pmi  | 0.2500|±  |0.0732|
|lighteval:global_mmlu_ca_eng_cf:_average:5                           |       |acc_norm_token| 0.2348|±  |0.0749|
|                                                                     |       |acc_norm      | 0.2861|±  |0.0984|
|                                                                     |       |acc_norm_pmi  | 0.3015|±  |0.0776|
|lighteval:global_mmlu_ca_eng_cf:college_biology:5                    |      0|acc_norm_token| 0.2041|±  |0.0582|
|                                                                     |       |acc_norm      | 0.2245|±  |0.0602|
|                                                                     |       |acc_norm_pmi  | 0.1633|±  |0.0533|
|lighteval:global_mmlu_ca_eng_cf:college_chemistry:5                  |      0|acc_norm_token| 0.2245|±  |0.0602|
|                                                                     |       |acc_norm      | 0.2857|±  |0.0652|
|                                                                     |       |acc_norm_pmi  | 0.2857|±  |0.0652|
|lighteval:global_mmlu_ca_eng_cf:college_computer_science:5           |      0|acc_norm_token| 0.2400|±  |0.0610|
|                                                                     |       |acc_norm      | 0.2200|±  |0.0592|
|                                                                     |       |acc_norm_pmi  | 0.2200|±  |0.0592|
|lighteval:global_mmlu_ca_eng_cf:college_mathematics:5                |      0|acc_norm_token| 0.2653|±  |0.0637|
|                                                                     |       |acc_norm      | 0.2653|±  |0.0637|
|                                                                     |       |acc_norm_pmi  | 0.1837|±  |0.0559|
|lighteval:global_mmlu_ca_eng_cf:college_medicine:5                   |      0|acc_norm_token| 0.2041|±  |0.0582|
|                                                                     |       |acc_norm      | 0.3061|±  |0.0665|
|                                                                     |       |acc_norm_pmi  | 0.2653|±  |0.0637|
|lighteval:global_mmlu_ca_eng_cf:college_physics:5                    |      0|acc_norm_token| 0.2200|±  |0.0592|
|                                                                     |       |acc_norm      | 0.2200|±  |0.0592|
|                                                                     |       |acc_norm_pmi  | 0.1800|±  |0.0549|
|lighteval:global_mmlu_ca_eng_cf:high_school_biology:5                |      0|acc_norm_token| 0.2200|±  |0.0592|
|                                                                     |       |acc_norm      | 0.2200|±  |0.0592|
|                                                                     |       |acc_norm_pmi  | 0.2000|±  |0.0571|
|lighteval:global_mmlu_ca_eng_cf:high_school_chemistry:5              |      0|acc_norm_token| 0.2041|±  |0.0582|
|                                                                     |       |acc_norm      | 0.1837|±  |0.0559|
|                                                                     |       |acc_norm_pmi  | 0.2857|±  |0.0652|
|lighteval:global_mmlu_ca_eng_cf:high_school_computer_science:5       |      0|acc_norm_token| 0.1020|±  |0.0437|
|                                                                     |       |acc_norm      | 0.1224|±  |0.0473|
|                                                                     |       |acc_norm_pmi  | 0.2245|±  |0.0602|
|lighteval:global_mmlu_ca_eng_cf:high_school_european_history:5       |      0|acc_norm_token| 0.2143|±  |0.1138|
|                                                                     |       |acc_norm      | 0.2143|±  |0.1138|
|                                                                     |       |acc_norm_pmi  | 0.3571|±  |0.1329|
|lighteval:global_mmlu_ca_eng_cf:high_school_geography:5              |      0|acc_norm_token| 0.3077|±  |0.0923|
|                                                                     |       |acc_norm      | 0.2692|±  |0.0887|
|                                                                     |       |acc_norm_pmi  | 0.3846|±  |0.0973|
|lighteval:global_mmlu_ca_eng_cf:high_school_government_and_politics:5|      0|acc_norm_token| 0.0000|±  |0.0000|
|                                                                     |       |acc_norm      | 0.5000|±  |0.5000|
|                                                                     |       |acc_norm_pmi  | 1.0000|±  |0.0000|
|lighteval:global_mmlu_ca_eng_cf:high_school_macroeconomics:5         |      0|acc_norm_token| 0.2000|±  |0.0641|
|                                                                     |       |acc_norm      | 0.3250|±  |0.0750|
|                                                                     |       |acc_norm_pmi  | 0.2250|±  |0.0669|
|lighteval:global_mmlu_ca_eng_cf:high_school_mathematics:5            |      0|acc_norm_token| 0.2041|±  |0.0582|
|                                                                     |       |acc_norm      | 0.1837|±  |0.0559|
|                                                                     |       |acc_norm_pmi  | 0.1224|±  |0.0473|
|lighteval:global_mmlu_ca_eng_cf:high_school_microeconomics:5         |      0|acc_norm_token| 0.2245|±  |0.0602|
|                                                                     |       |acc_norm      | 0.3469|±  |0.0687|
|                                                                     |       |acc_norm_pmi  | 0.2245|±  |0.0602|
|lighteval:global_mmlu_ca_eng_cf:high_school_physics:5                |      0|acc_norm_token| 0.3182|±  |0.0710|
|                                                                     |       |acc_norm      | 0.3864|±  |0.0743|
|                                                                     |       |acc_norm_pmi  | 0.2727|±  |0.0679|
|lighteval:global_mmlu_ca_eng_cf:high_school_psychology:5             |      0|acc_norm_token| 0.2500|±  |0.0732|
|                                                                     |       |acc_norm      | 0.2222|±  |0.0703|
|                                                                     |       |acc_norm_pmi  | 0.1944|±  |0.0669|
|lighteval:global_mmlu_ca_eng_cf:high_school_statistics:5             |      0|acc_norm_token| 0.3261|±  |0.0699|
|                                                                     |       |acc_norm      | 0.4348|±  |0.0739|
|                                                                     |       |acc_norm_pmi  | 0.3478|±  |0.0710|
|lighteval:global_mmlu_ca_eng_cf:high_school_us_history:5             |      0|acc_norm_token| 0.2000|±  |0.2000|
|                                                                     |       |acc_norm      | 0.4000|±  |0.2449|
|                                                                     |       |acc_norm_pmi  | 0.6000|±  |0.2449|
|lighteval:global_mmlu_ca_eng_cf:high_school_world_history:5          |      0|acc_norm_token| 0.2667|±  |0.1182|
|                                                                     |       |acc_norm      | 0.2000|±  |0.1069|
|                                                                     |       |acc_norm_pmi  | 0.4667|±  |0.1333|
|lighteval:global_mmlu_ca_eng_cf:professional_accounting:5            |      0|acc_norm_token| 0.3333|±  |0.0797|
|                                                                     |       |acc_norm      | 0.4167|±  |0.0833|
|                                                                     |       |acc_norm_pmi  | 0.1944|±  |0.0669|
|lighteval:global_mmlu_ca_eng_cf:professional_law:5                   |      0|acc_norm_token| 0.3077|±  |0.1332|
|                                                                     |       |acc_norm      | 0.2308|±  |0.1216|
|                                                                     |       |acc_norm_pmi  | 0.3077|±  |0.1332|
|lighteval:global_mmlu_ca_eng_cf:professional_medicine:5              |      0|acc_norm_token| 0.2653|±  |0.0637|
|                                                                     |       |acc_norm      | 0.3265|±  |0.0677|
|                                                                     |       |acc_norm_pmi  | 0.2245|±  |0.0602|
|lighteval:global_mmlu_ca_eng_cf:professional_psychology:5            |      0|acc_norm_token| 0.3333|±  |0.0797|
|                                                                     |       |acc_norm      | 0.3611|±  |0.0812|
|                                                                     |       |acc_norm_pmi  | 0.3056|±  |0.0779|
|lighteval:global_mmlu_ca_fra_cf:_average:5                           |       |acc_norm_token| 0.2559|±  |0.0881|
|                                                                     |       |acc_norm      | 0.2524|±  |0.0943|
|                                                                     |       |acc_norm_pmi  | 0.2757|±  |0.0788|
|lighteval:global_mmlu_ca_fra_cf:college_biology:5                    |      0|acc_norm_token| 0.3061|±  |0.0665|
|                                                                     |       |acc_norm      | 0.3265|±  |0.0677|
|                                                                     |       |acc_norm_pmi  | 0.3673|±  |0.0696|
|lighteval:global_mmlu_ca_fra_cf:college_chemistry:5                  |      0|acc_norm_token| 0.2245|±  |0.0602|
|                                                                     |       |acc_norm      | 0.1633|±  |0.0533|
|                                                                     |       |acc_norm_pmi  | 0.1837|±  |0.0559|
|lighteval:global_mmlu_ca_fra_cf:college_computer_science:5           |      0|acc_norm_token| 0.1800|±  |0.0549|
|                                                                     |       |acc_norm      | 0.1200|±  |0.0464|
|                                                                     |       |acc_norm_pmi  | 0.2600|±  |0.0627|
|lighteval:global_mmlu_ca_fra_cf:college_mathematics:5                |      0|acc_norm_token| 0.2857|±  |0.0652|
|                                                                     |       |acc_norm      | 0.2449|±  |0.0621|
|                                                                     |       |acc_norm_pmi  | 0.2857|±  |0.0652|
|lighteval:global_mmlu_ca_fra_cf:college_medicine:5                   |      0|acc_norm_token| 0.2041|±  |0.0582|
|                                                                     |       |acc_norm      | 0.3673|±  |0.0696|
|                                                                     |       |acc_norm_pmi  | 0.2245|±  |0.0602|
|lighteval:global_mmlu_ca_fra_cf:college_physics:5                    |      0|acc_norm_token| 0.2200|±  |0.0592|
|                                                                     |       |acc_norm      | 0.1800|±  |0.0549|
|                                                                     |       |acc_norm_pmi  | 0.2000|±  |0.0571|
|lighteval:global_mmlu_ca_fra_cf:high_school_biology:5                |      0|acc_norm_token| 0.2600|±  |0.0627|
|                                                                     |       |acc_norm      | 0.1600|±  |0.0524|
|                                                                     |       |acc_norm_pmi  | 0.3000|±  |0.0655|
|lighteval:global_mmlu_ca_fra_cf:high_school_chemistry:5              |      0|acc_norm_token| 0.1224|±  |0.0473|
|                                                                     |       |acc_norm      | 0.1633|±  |0.0533|
|                                                                     |       |acc_norm_pmi  | 0.1429|±  |0.0505|
|lighteval:global_mmlu_ca_fra_cf:high_school_computer_science:5       |      0|acc_norm_token| 0.1633|±  |0.0533|
|                                                                     |       |acc_norm      | 0.1633|±  |0.0533|
|                                                                     |       |acc_norm_pmi  | 0.2857|±  |0.0652|
|lighteval:global_mmlu_ca_fra_cf:high_school_european_history:5       |      0|acc_norm_token| 0.5000|±  |0.1387|
|                                                                     |       |acc_norm      | 0.4286|±  |0.1373|
|                                                                     |       |acc_norm_pmi  | 0.3571|±  |0.1329|
|lighteval:global_mmlu_ca_fra_cf:high_school_geography:5              |      0|acc_norm_token| 0.3077|±  |0.0923|
|                                                                     |       |acc_norm      | 0.0769|±  |0.0533|
|                                                                     |       |acc_norm_pmi  | 0.3077|±  |0.0923|
|lighteval:global_mmlu_ca_fra_cf:high_school_government_and_politics:5|      0|acc_norm_token| 0.5000|±  |0.5000|
|                                                                     |       |acc_norm      | 0.5000|±  |0.5000|
|                                                                     |       |acc_norm_pmi  | 0.0000|±  |0.0000|
|lighteval:global_mmlu_ca_fra_cf:high_school_macroeconomics:5         |      0|acc_norm_token| 0.2750|±  |0.0715|
|                                                                     |       |acc_norm      | 0.2250|±  |0.0669|
|                                                                     |       |acc_norm_pmi  | 0.3750|±  |0.0775|
|lighteval:global_mmlu_ca_fra_cf:high_school_mathematics:5            |      0|acc_norm_token| 0.2041|±  |0.0582|
|                                                                     |       |acc_norm      | 0.1633|±  |0.0533|
|                                                                     |       |acc_norm_pmi  | 0.2653|±  |0.0637|
|lighteval:global_mmlu_ca_fra_cf:high_school_microeconomics:5         |      0|acc_norm_token| 0.2041|±  |0.0582|
|                                                                     |       |acc_norm      | 0.2449|±  |0.0621|
|                                                                     |       |acc_norm_pmi  | 0.2245|±  |0.0602|
|lighteval:global_mmlu_ca_fra_cf:high_school_physics:5                |      0|acc_norm_token| 0.3182|±  |0.0710|
|                                                                     |       |acc_norm      | 0.3409|±  |0.0723|
|                                                                     |       |acc_norm_pmi  | 0.2273|±  |0.0639|
|lighteval:global_mmlu_ca_fra_cf:high_school_psychology:5             |      0|acc_norm_token| 0.1667|±  |0.0630|
|                                                                     |       |acc_norm      | 0.2222|±  |0.0703|
|                                                                     |       |acc_norm_pmi  | 0.2778|±  |0.0757|
|lighteval:global_mmlu_ca_fra_cf:high_school_statistics:5             |      0|acc_norm_token| 0.3261|±  |0.0699|
|                                                                     |       |acc_norm      | 0.3261|±  |0.0699|
|                                                                     |       |acc_norm_pmi  | 0.3261|±  |0.0699|
|lighteval:global_mmlu_ca_fra_cf:high_school_us_history:5             |      0|acc_norm_token| 0.0000|±  |0.0000|
|                                                                     |       |acc_norm      | 0.2000|±  |0.2000|
|                                                                     |       |acc_norm_pmi  | 0.6000|±  |0.2449|
|lighteval:global_mmlu_ca_fra_cf:high_school_world_history:5          |      0|acc_norm_token| 0.2667|±  |0.1182|
|                                                                     |       |acc_norm      | 0.3333|±  |0.1260|
|                                                                     |       |acc_norm_pmi  | 0.4667|±  |0.1333|
|lighteval:global_mmlu_ca_fra_cf:professional_accounting:5            |      0|acc_norm_token| 0.2222|±  |0.0703|
|                                                                     |       |acc_norm      | 0.3611|±  |0.0812|
|                                                                     |       |acc_norm_pmi  | 0.1944|±  |0.0669|
|lighteval:global_mmlu_ca_fra_cf:professional_law:5                   |      0|acc_norm_token| 0.3077|±  |0.1332|
|                                                                     |       |acc_norm      | 0.2308|±  |0.1216|
|                                                                     |       |acc_norm_pmi  | 0.2308|±  |0.1216|
|lighteval:global_mmlu_ca_fra_cf:professional_medicine:5              |      0|acc_norm_token| 0.2449|±  |0.0621|
|                                                                     |       |acc_norm      | 0.2653|±  |0.0637|
|                                                                     |       |acc_norm_pmi  | 0.2653|±  |0.0637|
|lighteval:global_mmlu_ca_fra_cf:professional_psychology:5            |      0|acc_norm_token| 0.3333|±  |0.0797|
|                                                                     |       |acc_norm      | 0.2500|±  |0.0732|
|                                                                     |       |acc_norm_pmi  | 0.2500|±  |0.0732|
|lighteval:global_mmlu_ca_hin_cf:_average:5                           |       |acc_norm_token| 0.2327|±  |0.0666|
|                                                                     |       |acc_norm      | 0.2533|±  |0.0774|
|                                                                     |       |acc_norm_pmi  | 0.2148|±  |0.0652|
|lighteval:global_mmlu_ca_hin_cf:college_biology:5                    |      0|acc_norm_token| 0.2449|±  |0.0621|
|                                                                     |       |acc_norm      | 0.1837|±  |0.0559|
|                                                                     |       |acc_norm_pmi  | 0.2449|±  |0.0621|
|lighteval:global_mmlu_ca_hin_cf:college_chemistry:5                  |      0|acc_norm_token| 0.2979|±  |0.0674|
|                                                                     |       |acc_norm      | 0.1915|±  |0.0580|
|                                                                     |       |acc_norm_pmi  | 0.1702|±  |0.0554|
|lighteval:global_mmlu_ca_hin_cf:college_computer_science:5           |      0|acc_norm_token| 0.3200|±  |0.0666|
|                                                                     |       |acc_norm      | 0.2000|±  |0.0571|
|                                                                     |       |acc_norm_pmi  | 0.1000|±  |0.0429|
|lighteval:global_mmlu_ca_hin_cf:college_mathematics:5                |      0|acc_norm_token| 0.2041|±  |0.0582|
|                                                                     |       |acc_norm      | 0.1224|±  |0.0473|
|                                                                     |       |acc_norm_pmi  | 0.1633|±  |0.0533|
|lighteval:global_mmlu_ca_hin_cf:college_medicine:5                   |      0|acc_norm_token| 0.1837|±  |0.0559|
|                                                                     |       |acc_norm      | 0.2245|±  |0.0602|
|                                                                     |       |acc_norm_pmi  | 0.1837|±  |0.0559|
|lighteval:global_mmlu_ca_hin_cf:college_physics:5                    |      0|acc_norm_token| 0.1667|±  |0.0544|
|                                                                     |       |acc_norm      | 0.2083|±  |0.0592|
|                                                                     |       |acc_norm_pmi  | 0.2083|±  |0.0592|
|lighteval:global_mmlu_ca_hin_cf:high_school_biology:5                |      0|acc_norm_token| 0.3200|±  |0.0666|
|                                                                     |       |acc_norm      | 0.2000|±  |0.0571|
|                                                                     |       |acc_norm_pmi  | 0.2800|±  |0.0641|
|lighteval:global_mmlu_ca_hin_cf:high_school_chemistry:5              |      0|acc_norm_token| 0.2083|±  |0.0592|
|                                                                     |       |acc_norm      | 0.2292|±  |0.0613|
|                                                                     |       |acc_norm_pmi  | 0.2708|±  |0.0648|
|lighteval:global_mmlu_ca_hin_cf:high_school_computer_science:5       |      0|acc_norm_token| 0.2653|±  |0.0637|
|                                                                     |       |acc_norm      | 0.2857|±  |0.0652|
|                                                                     |       |acc_norm_pmi  | 0.2041|±  |0.0582|
|lighteval:global_mmlu_ca_hin_cf:high_school_european_history:5       |      0|acc_norm_token| 0.5000|±  |0.1387|
|                                                                     |       |acc_norm      | 0.3571|±  |0.1329|
|                                                                     |       |acc_norm_pmi  | 0.2143|±  |0.1138|
|lighteval:global_mmlu_ca_hin_cf:high_school_geography:5              |      0|acc_norm_token| 0.2692|±  |0.0887|
|                                                                     |       |acc_norm      | 0.2308|±  |0.0843|
|                                                                     |       |acc_norm_pmi  | 0.3077|±  |0.0923|
|lighteval:global_mmlu_ca_hin_cf:high_school_government_and_politics:5|      0|acc_norm_token| 0.0000|±  |0.0000|
|                                                                     |       |acc_norm      | 0.0000|±  |0.0000|
|                                                                     |       |acc_norm_pmi  | 0.0000|±  |0.0000|
|lighteval:global_mmlu_ca_hin_cf:high_school_macroeconomics:5         |      0|acc_norm_token| 0.1250|±  |0.0530|
|                                                                     |       |acc_norm      | 0.3250|±  |0.0750|
|                                                                     |       |acc_norm_pmi  | 0.3250|±  |0.0750|
|lighteval:global_mmlu_ca_hin_cf:high_school_mathematics:5            |      0|acc_norm_token| 0.1020|±  |0.0437|
|                                                                     |       |acc_norm      | 0.1020|±  |0.0437|
|                                                                     |       |acc_norm_pmi  | 0.1429|±  |0.0505|
|lighteval:global_mmlu_ca_hin_cf:high_school_microeconomics:5         |      0|acc_norm_token| 0.1837|±  |0.0559|
|                                                                     |       |acc_norm      | 0.2245|±  |0.0602|
|                                                                     |       |acc_norm_pmi  | 0.2449|±  |0.0621|
|lighteval:global_mmlu_ca_hin_cf:high_school_physics:5                |      0|acc_norm_token| 0.3256|±  |0.0723|
|                                                                     |       |acc_norm      | 0.2558|±  |0.0673|
|                                                                     |       |acc_norm_pmi  | 0.2558|±  |0.0673|
|lighteval:global_mmlu_ca_hin_cf:high_school_psychology:5             |      0|acc_norm_token| 0.2500|±  |0.0732|
|                                                                     |       |acc_norm      | 0.2778|±  |0.0757|
|                                                                     |       |acc_norm_pmi  | 0.3611|±  |0.0812|
|lighteval:global_mmlu_ca_hin_cf:high_school_statistics:5             |      0|acc_norm_token| 0.3913|±  |0.0728|
|                                                                     |       |acc_norm      | 0.3913|±  |0.0728|
|                                                                     |       |acc_norm_pmi  | 0.3261|±  |0.0699|
|lighteval:global_mmlu_ca_hin_cf:high_school_us_history:5             |      0|acc_norm_token| 0.0000|±  |0.0000|
|                                                                     |       |acc_norm      | 0.4000|±  |0.2449|
|                                                                     |       |acc_norm_pmi  | 0.0000|±  |0.0000|
|lighteval:global_mmlu_ca_hin_cf:high_school_world_history:5          |      0|acc_norm_token| 0.2667|±  |0.1182|
|                                                                     |       |acc_norm      | 0.2000|±  |0.1069|
|                                                                     |       |acc_norm_pmi  | 0.2667|±  |0.1182|
|lighteval:global_mmlu_ca_hin_cf:professional_accounting:5            |      0|acc_norm_token| 0.2222|±  |0.0703|
|                                                                     |       |acc_norm      | 0.3611|±  |0.0812|
|                                                                     |       |acc_norm_pmi  | 0.1667|±  |0.0630|
|lighteval:global_mmlu_ca_hin_cf:professional_law:5                   |      0|acc_norm_token| 0.2308|±  |0.1216|
|                                                                     |       |acc_norm      | 0.4615|±  |0.1439|
|                                                                     |       |acc_norm_pmi  | 0.2308|±  |0.1216|
|lighteval:global_mmlu_ca_hin_cf:professional_medicine:5              |      0|acc_norm_token| 0.2857|±  |0.0652|
|                                                                     |       |acc_norm      | 0.2857|±  |0.0652|
|                                                                     |       |acc_norm_pmi  | 0.1837|±  |0.0559|
|lighteval:global_mmlu_ca_hin_cf:professional_psychology:5            |      0|acc_norm_token| 0.2222|±  |0.0703|
|                                                                     |       |acc_norm      | 0.3611|±  |0.0812|
|                                                                     |       |acc_norm_pmi  | 0.3056|±  |0.0779|
|lighteval:global_mmlu_ca_ita_cf:_average:5                           |       |acc_norm_token| 0.2292|±  |0.0741|
|                                                                     |       |acc_norm      | 0.2593|±  |0.0956|
|                                                                     |       |acc_norm_pmi  | 0.2465|±  |0.0758|
|lighteval:global_mmlu_ca_ita_cf:college_biology:5                    |      0|acc_norm_token| 0.2041|±  |0.0582|
|                                                                     |       |acc_norm      | 0.2041|±  |0.0582|
|                                                                     |       |acc_norm_pmi  | 0.2653|±  |0.0637|
|lighteval:global_mmlu_ca_ita_cf:college_chemistry:5                  |      0|acc_norm_token| 0.1837|±  |0.0559|
|                                                                     |       |acc_norm      | 0.2245|±  |0.0602|
|                                                                     |       |acc_norm_pmi  | 0.2041|±  |0.0582|
|lighteval:global_mmlu_ca_ita_cf:college_computer_science:5           |      0|acc_norm_token| 0.3400|±  |0.0677|
|                                                                     |       |acc_norm      | 0.2600|±  |0.0627|
|                                                                     |       |acc_norm_pmi  | 0.1400|±  |0.0496|
|lighteval:global_mmlu_ca_ita_cf:college_mathematics:5                |      0|acc_norm_token| 0.2653|±  |0.0637|
|                                                                     |       |acc_norm      | 0.3061|±  |0.0665|
|                                                                     |       |acc_norm_pmi  | 0.3673|±  |0.0696|
|lighteval:global_mmlu_ca_ita_cf:college_medicine:5                   |      0|acc_norm_token| 0.2245|±  |0.0602|
|                                                                     |       |acc_norm      | 0.2449|±  |0.0621|
|                                                                     |       |acc_norm_pmi  | 0.2245|±  |0.0602|
|lighteval:global_mmlu_ca_ita_cf:college_physics:5                    |      0|acc_norm_token| 0.2000|±  |0.0571|
|                                                                     |       |acc_norm      | 0.1600|±  |0.0524|
|                                                                     |       |acc_norm_pmi  | 0.2200|±  |0.0592|
|lighteval:global_mmlu_ca_ita_cf:high_school_biology:5                |      0|acc_norm_token| 0.2000|±  |0.0571|
|                                                                     |       |acc_norm      | 0.2200|±  |0.0592|
|                                                                     |       |acc_norm_pmi  | 0.2800|±  |0.0641|
|lighteval:global_mmlu_ca_ita_cf:high_school_chemistry:5              |      0|acc_norm_token| 0.2041|±  |0.0582|
|                                                                     |       |acc_norm      | 0.1837|±  |0.0559|
|                                                                     |       |acc_norm_pmi  | 0.1633|±  |0.0533|
|lighteval:global_mmlu_ca_ita_cf:high_school_computer_science:5       |      0|acc_norm_token| 0.1224|±  |0.0473|
|                                                                     |       |acc_norm      | 0.2041|±  |0.0582|
|                                                                     |       |acc_norm_pmi  | 0.2245|±  |0.0602|
|lighteval:global_mmlu_ca_ita_cf:high_school_european_history:5       |      0|acc_norm_token| 0.2143|±  |0.1138|
|                                                                     |       |acc_norm      | 0.3571|±  |0.1329|
|                                                                     |       |acc_norm_pmi  | 0.4286|±  |0.1373|
|lighteval:global_mmlu_ca_ita_cf:high_school_geography:5              |      0|acc_norm_token| 0.2692|±  |0.0887|
|                                                                     |       |acc_norm      | 0.2692|±  |0.0887|
|                                                                     |       |acc_norm_pmi  | 0.2308|±  |0.0843|
|lighteval:global_mmlu_ca_ita_cf:high_school_government_and_politics:5|      0|acc_norm_token| 0.0000|±  |0.0000|
|                                                                     |       |acc_norm      | 0.5000|±  |0.5000|
|                                                                     |       |acc_norm_pmi  | 0.0000|±  |0.0000|
|lighteval:global_mmlu_ca_ita_cf:high_school_macroeconomics:5         |      0|acc_norm_token| 0.2500|±  |0.0693|
|                                                                     |       |acc_norm      | 0.2750|±  |0.0715|
|                                                                     |       |acc_norm_pmi  | 0.2500|±  |0.0693|
|lighteval:global_mmlu_ca_ita_cf:high_school_mathematics:5            |      0|acc_norm_token| 0.2245|±  |0.0602|
|                                                                     |       |acc_norm      | 0.1837|±  |0.0559|
|                                                                     |       |acc_norm_pmi  | 0.1837|±  |0.0559|
|lighteval:global_mmlu_ca_ita_cf:high_school_microeconomics:5         |      0|acc_norm_token| 0.2041|±  |0.0582|
|                                                                     |       |acc_norm      | 0.2653|±  |0.0637|
|                                                                     |       |acc_norm_pmi  | 0.2653|±  |0.0637|
|lighteval:global_mmlu_ca_ita_cf:high_school_physics:5                |      0|acc_norm_token| 0.3636|±  |0.0734|
|                                                                     |       |acc_norm      | 0.3409|±  |0.0723|
|                                                                     |       |acc_norm_pmi  | 0.2727|±  |0.0679|
|lighteval:global_mmlu_ca_ita_cf:high_school_psychology:5             |      0|acc_norm_token| 0.1111|±  |0.0531|
|                                                                     |       |acc_norm      | 0.2778|±  |0.0757|
|                                                                     |       |acc_norm_pmi  | 0.2222|±  |0.0703|
|lighteval:global_mmlu_ca_ita_cf:high_school_statistics:5             |      0|acc_norm_token| 0.3043|±  |0.0686|
|                                                                     |       |acc_norm      | 0.3478|±  |0.0710|
|                                                                     |       |acc_norm_pmi  | 0.3913|±  |0.0728|
|lighteval:global_mmlu_ca_ita_cf:high_school_us_history:5             |      0|acc_norm_token| 0.2000|±  |0.2000|
|                                                                     |       |acc_norm      | 0.2000|±  |0.2000|
|                                                                     |       |acc_norm_pmi  | 0.2000|±  |0.2000|
|lighteval:global_mmlu_ca_ita_cf:high_school_world_history:5          |      0|acc_norm_token| 0.2667|±  |0.1182|
|                                                                     |       |acc_norm      | 0.1333|±  |0.0909|
|                                                                     |       |acc_norm_pmi  | 0.4667|±  |0.1333|
|lighteval:global_mmlu_ca_ita_cf:professional_accounting:5            |      0|acc_norm_token| 0.2778|±  |0.0757|
|                                                                     |       |acc_norm      | 0.3056|±  |0.0779|
|                                                                     |       |acc_norm_pmi  | 0.2222|±  |0.0703|
|lighteval:global_mmlu_ca_ita_cf:professional_law:5                   |      0|acc_norm_token| 0.3077|±  |0.1332|
|                                                                     |       |acc_norm      | 0.2308|±  |0.1216|
|                                                                     |       |acc_norm_pmi  | 0.3077|±  |0.1332|
|lighteval:global_mmlu_ca_ita_cf:professional_medicine:5              |      0|acc_norm_token| 0.2857|±  |0.0652|
|                                                                     |       |acc_norm      | 0.3061|±  |0.0665|
|                                                                     |       |acc_norm_pmi  | 0.1633|±  |0.0533|
|lighteval:global_mmlu_ca_ita_cf:professional_psychology:5            |      0|acc_norm_token| 0.2778|±  |0.0757|
|                                                                     |       |acc_norm      | 0.2222|±  |0.0703|
|                                                                     |       |acc_norm_pmi  | 0.2222|±  |0.0703|
|lighteval:global_mmlu_ca_nld_cf:_average:5                           |       |acc_norm_token| 0.2310|±  |0.0670|
|                                                                     |       |acc_norm      | 0.2574|±  |0.0878|
|                                                                     |       |acc_norm_pmi  | 0.2660|±  |0.0782|
|lighteval:global_mmlu_ca_nld_cf:college_biology:5                    |      0|acc_norm_token| 0.2245|±  |0.0602|
|                                                                     |       |acc_norm      | 0.3265|±  |0.0677|
|                                                                     |       |acc_norm_pmi  | 0.1837|±  |0.0559|
|lighteval:global_mmlu_ca_nld_cf:college_chemistry:5                  |      0|acc_norm_token| 0.2245|±  |0.0602|
|                                                                     |       |acc_norm      | 0.2245|±  |0.0602|
|                                                                     |       |acc_norm_pmi  | 0.3061|±  |0.0665|
|lighteval:global_mmlu_ca_nld_cf:college_computer_science:5           |      0|acc_norm_token| 0.1800|±  |0.0549|
|                                                                     |       |acc_norm      | 0.1800|±  |0.0549|
|                                                                     |       |acc_norm_pmi  | 0.1400|±  |0.0496|
|lighteval:global_mmlu_ca_nld_cf:college_mathematics:5                |      0|acc_norm_token| 0.2857|±  |0.0652|
|                                                                     |       |acc_norm      | 0.2653|±  |0.0637|
|                                                                     |       |acc_norm_pmi  | 0.2449|±  |0.0621|
|lighteval:global_mmlu_ca_nld_cf:college_medicine:5                   |      0|acc_norm_token| 0.2857|±  |0.0652|
|                                                                     |       |acc_norm      | 0.2857|±  |0.0652|
|                                                                     |       |acc_norm_pmi  | 0.2449|±  |0.0621|
|lighteval:global_mmlu_ca_nld_cf:college_physics:5                    |      0|acc_norm_token| 0.3000|±  |0.0655|
|                                                                     |       |acc_norm      | 0.2400|±  |0.0610|
|                                                                     |       |acc_norm_pmi  | 0.2600|±  |0.0627|
|lighteval:global_mmlu_ca_nld_cf:high_school_biology:5                |      0|acc_norm_token| 0.2000|±  |0.0571|
|                                                                     |       |acc_norm      | 0.2200|±  |0.0592|
|                                                                     |       |acc_norm_pmi  | 0.3400|±  |0.0677|
|lighteval:global_mmlu_ca_nld_cf:high_school_chemistry:5              |      0|acc_norm_token| 0.2041|±  |0.0582|
|                                                                     |       |acc_norm      | 0.2041|±  |0.0582|
|                                                                     |       |acc_norm_pmi  | 0.1429|±  |0.0505|
|lighteval:global_mmlu_ca_nld_cf:high_school_computer_science:5       |      0|acc_norm_token| 0.1837|±  |0.0559|
|                                                                     |       |acc_norm      | 0.2041|±  |0.0582|
|                                                                     |       |acc_norm_pmi  | 0.2449|±  |0.0621|
|lighteval:global_mmlu_ca_nld_cf:high_school_european_history:5       |      0|acc_norm_token| 0.2857|±  |0.1253|
|                                                                     |       |acc_norm      | 0.3571|±  |0.1329|
|                                                                     |       |acc_norm_pmi  | 0.2857|±  |0.1253|
|lighteval:global_mmlu_ca_nld_cf:high_school_geography:5              |      0|acc_norm_token| 0.2308|±  |0.0843|
|                                                                     |       |acc_norm      | 0.2308|±  |0.0843|
|                                                                     |       |acc_norm_pmi  | 0.3846|±  |0.0973|
|lighteval:global_mmlu_ca_nld_cf:high_school_government_and_politics:5|      0|acc_norm_token| 0.0000|±  |0.0000|
|                                                                     |       |acc_norm      | 0.5000|±  |0.5000|
|                                                                     |       |acc_norm_pmi  | 0.0000|±  |0.0000|
|lighteval:global_mmlu_ca_nld_cf:high_school_macroeconomics:5         |      0|acc_norm_token| 0.2500|±  |0.0693|
|                                                                     |       |acc_norm      | 0.3750|±  |0.0775|
|                                                                     |       |acc_norm_pmi  | 0.2750|±  |0.0715|
|lighteval:global_mmlu_ca_nld_cf:high_school_mathematics:5            |      0|acc_norm_token| 0.2041|±  |0.0582|
|                                                                     |       |acc_norm      | 0.1633|±  |0.0533|
|                                                                     |       |acc_norm_pmi  | 0.2041|±  |0.0582|
|lighteval:global_mmlu_ca_nld_cf:high_school_microeconomics:5         |      0|acc_norm_token| 0.2041|±  |0.0582|
|                                                                     |       |acc_norm      | 0.2449|±  |0.0621|
|                                                                     |       |acc_norm_pmi  | 0.3061|±  |0.0665|
|lighteval:global_mmlu_ca_nld_cf:high_school_physics:5                |      0|acc_norm_token| 0.3409|±  |0.0723|
|                                                                     |       |acc_norm      | 0.2727|±  |0.0679|
|                                                                     |       |acc_norm_pmi  | 0.2500|±  |0.0660|
|lighteval:global_mmlu_ca_nld_cf:high_school_psychology:5             |      0|acc_norm_token| 0.1944|±  |0.0669|
|                                                                     |       |acc_norm      | 0.1667|±  |0.0630|
|                                                                     |       |acc_norm_pmi  | 0.2500|±  |0.0732|
|lighteval:global_mmlu_ca_nld_cf:high_school_statistics:5             |      0|acc_norm_token| 0.2826|±  |0.0671|
|                                                                     |       |acc_norm      | 0.3261|±  |0.0699|
|                                                                     |       |acc_norm_pmi  | 0.3696|±  |0.0720|
|lighteval:global_mmlu_ca_nld_cf:high_school_us_history:5             |      0|acc_norm_token| 0.0000|±  |0.0000|
|                                                                     |       |acc_norm      | 0.0000|±  |0.0000|
|                                                                     |       |acc_norm_pmi  | 0.4000|±  |0.2449|
|lighteval:global_mmlu_ca_nld_cf:high_school_world_history:5          |      0|acc_norm_token| 0.2667|±  |0.1182|
|                                                                     |       |acc_norm      | 0.1333|±  |0.0909|
|                                                                     |       |acc_norm_pmi  | 0.4667|±  |0.1333|
|lighteval:global_mmlu_ca_nld_cf:professional_accounting:5            |      0|acc_norm_token| 0.3056|±  |0.0779|
|                                                                     |       |acc_norm      | 0.3056|±  |0.0779|
|                                                                     |       |acc_norm_pmi  | 0.1389|±  |0.0585|
|lighteval:global_mmlu_ca_nld_cf:professional_law:5                   |      0|acc_norm_token| 0.2308|±  |0.1216|
|                                                                     |       |acc_norm      | 0.3077|±  |0.1332|
|                                                                     |       |acc_norm_pmi  | 0.2308|±  |0.1216|
|lighteval:global_mmlu_ca_nld_cf:professional_medicine:5              |      0|acc_norm_token| 0.3265|±  |0.0677|
|                                                                     |       |acc_norm      | 0.3673|±  |0.0696|
|                                                                     |       |acc_norm_pmi  | 0.3265|±  |0.0677|
|lighteval:global_mmlu_ca_nld_cf:professional_psychology:5            |      0|acc_norm_token| 0.3333|±  |0.0797|
|                                                                     |       |acc_norm      | 0.2778|±  |0.0757|
|                                                                     |       |acc_norm_pmi  | 0.3889|±  |0.0824|
|lighteval:global_mmlu_ca_por_cf:_average:5                           |       |acc_norm_token| 0.2390|±  |0.0740|
|                                                                     |       |acc_norm      | 0.2586|±  |0.0941|
|                                                                     |       |acc_norm_pmi  | 0.2167|±  |0.0638|
|lighteval:global_mmlu_ca_por_cf:college_biology:5                    |      0|acc_norm_token| 0.2653|±  |0.0637|
|                                                                     |       |acc_norm      | 0.1837|±  |0.0559|
|                                                                     |       |acc_norm_pmi  | 0.3469|±  |0.0687|
|lighteval:global_mmlu_ca_por_cf:college_chemistry:5                  |      0|acc_norm_token| 0.1429|±  |0.0505|
|                                                                     |       |acc_norm      | 0.1837|±  |0.0559|
|                                                                     |       |acc_norm_pmi  | 0.1837|±  |0.0559|
|lighteval:global_mmlu_ca_por_cf:college_computer_science:5           |      0|acc_norm_token| 0.2800|±  |0.0641|
|                                                                     |       |acc_norm      | 0.2800|±  |0.0641|
|                                                                     |       |acc_norm_pmi  | 0.1600|±  |0.0524|
|lighteval:global_mmlu_ca_por_cf:college_mathematics:5                |      0|acc_norm_token| 0.2653|±  |0.0637|
|                                                                     |       |acc_norm      | 0.2245|±  |0.0602|
|                                                                     |       |acc_norm_pmi  | 0.2857|±  |0.0652|
|lighteval:global_mmlu_ca_por_cf:college_medicine:5                   |      0|acc_norm_token| 0.3673|±  |0.0696|
|                                                                     |       |acc_norm      | 0.2857|±  |0.0652|
|                                                                     |       |acc_norm_pmi  | 0.3265|±  |0.0677|
|lighteval:global_mmlu_ca_por_cf:college_physics:5                    |      0|acc_norm_token| 0.3200|±  |0.0666|
|                                                                     |       |acc_norm      | 0.2400|±  |0.0610|
|                                                                     |       |acc_norm_pmi  | 0.1200|±  |0.0464|
|lighteval:global_mmlu_ca_por_cf:high_school_biology:5                |      0|acc_norm_token| 0.2800|±  |0.0641|
|                                                                     |       |acc_norm      | 0.2800|±  |0.0641|
|                                                                     |       |acc_norm_pmi  | 0.2800|±  |0.0641|
|lighteval:global_mmlu_ca_por_cf:high_school_chemistry:5              |      0|acc_norm_token| 0.1837|±  |0.0559|
|                                                                     |       |acc_norm      | 0.2857|±  |0.0652|
|                                                                     |       |acc_norm_pmi  | 0.2041|±  |0.0582|
|lighteval:global_mmlu_ca_por_cf:high_school_computer_science:5       |      0|acc_norm_token| 0.1020|±  |0.0437|
|                                                                     |       |acc_norm      | 0.1633|±  |0.0533|
|                                                                     |       |acc_norm_pmi  | 0.2449|±  |0.0621|
|lighteval:global_mmlu_ca_por_cf:high_school_european_history:5       |      0|acc_norm_token| 0.2143|±  |0.1138|
|                                                                     |       |acc_norm      | 0.2143|±  |0.1138|
|                                                                     |       |acc_norm_pmi  | 0.3571|±  |0.1329|
|lighteval:global_mmlu_ca_por_cf:high_school_geography:5              |      0|acc_norm_token| 0.1154|±  |0.0639|
|                                                                     |       |acc_norm      | 0.1538|±  |0.0722|
|                                                                     |       |acc_norm_pmi  | 0.2308|±  |0.0843|
|lighteval:global_mmlu_ca_por_cf:high_school_government_and_politics:5|      0|acc_norm_token| 0.0000|±  |0.0000|
|                                                                     |       |acc_norm      | 0.5000|±  |0.5000|
|                                                                     |       |acc_norm_pmi  | 0.0000|±  |0.0000|
|lighteval:global_mmlu_ca_por_cf:high_school_macroeconomics:5         |      0|acc_norm_token| 0.3750|±  |0.0775|
|                                                                     |       |acc_norm      | 0.3500|±  |0.0764|
|                                                                     |       |acc_norm_pmi  | 0.2750|±  |0.0715|
|lighteval:global_mmlu_ca_por_cf:high_school_mathematics:5            |      0|acc_norm_token| 0.2041|±  |0.0582|
|                                                                     |       |acc_norm      | 0.1633|±  |0.0533|
|                                                                     |       |acc_norm_pmi  | 0.1633|±  |0.0533|
|lighteval:global_mmlu_ca_por_cf:high_school_microeconomics:5         |      0|acc_norm_token| 0.2449|±  |0.0621|
|                                                                     |       |acc_norm      | 0.3265|±  |0.0677|
|                                                                     |       |acc_norm_pmi  | 0.3061|±  |0.0665|
|lighteval:global_mmlu_ca_por_cf:high_school_physics:5                |      0|acc_norm_token| 0.2955|±  |0.0696|
|                                                                     |       |acc_norm      | 0.3636|±  |0.0734|
|                                                                     |       |acc_norm_pmi  | 0.1591|±  |0.0558|
|lighteval:global_mmlu_ca_por_cf:high_school_psychology:5             |      0|acc_norm_token| 0.1944|±  |0.0669|
|                                                                     |       |acc_norm      | 0.1944|±  |0.0669|
|                                                                     |       |acc_norm_pmi  | 0.1944|±  |0.0669|
|lighteval:global_mmlu_ca_por_cf:high_school_statistics:5             |      0|acc_norm_token| 0.3696|±  |0.0720|
|                                                                     |       |acc_norm      | 0.3913|±  |0.0728|
|                                                                     |       |acc_norm_pmi  | 0.4130|±  |0.0734|
|lighteval:global_mmlu_ca_por_cf:high_school_us_history:5             |      0|acc_norm_token| 0.2000|±  |0.2000|
|                                                                     |       |acc_norm      | 0.2000|±  |0.2000|
|                                                                     |       |acc_norm_pmi  | 0.0000|±  |0.0000|
|lighteval:global_mmlu_ca_por_cf:high_school_world_history:5          |      0|acc_norm_token| 0.2667|±  |0.1182|
|                                                                     |       |acc_norm      | 0.3333|±  |0.1260|
|                                                                     |       |acc_norm_pmi  | 0.2667|±  |0.1182|
|lighteval:global_mmlu_ca_por_cf:professional_accounting:5            |      0|acc_norm_token| 0.2778|±  |0.0757|
|                                                                     |       |acc_norm      | 0.2778|±  |0.0757|
|                                                                     |       |acc_norm_pmi  | 0.1389|±  |0.0585|
|lighteval:global_mmlu_ca_por_cf:professional_law:5                   |      0|acc_norm_token| 0.2308|±  |0.1216|
|                                                                     |       |acc_norm      | 0.0769|±  |0.0769|
|                                                                     |       |acc_norm_pmi  | 0.0769|±  |0.0769|
|lighteval:global_mmlu_ca_por_cf:professional_medicine:5              |      0|acc_norm_token| 0.3469|±  |0.0687|
|                                                                     |       |acc_norm      | 0.2857|±  |0.0652|
|                                                                     |       |acc_norm_pmi  | 0.2449|±  |0.0621|
|lighteval:global_mmlu_ca_por_cf:professional_psychology:5            |      0|acc_norm_token| 0.1944|±  |0.0669|
|                                                                     |       |acc_norm      | 0.2500|±  |0.0732|
|                                                                     |       |acc_norm_pmi  | 0.2222|±  |0.0703|
|lighteval:global_mmlu_ca_rus_cf:_average:5                           |       |acc_norm_token| 0.2699|±  |0.0962|
|                                                                     |       |acc_norm      | 0.2645|±  |0.0972|
|                                                                     |       |acc_norm_pmi  | 0.3207|±  |0.0990|
|lighteval:global_mmlu_ca_rus_cf:college_biology:5                    |      0|acc_norm_token| 0.2245|±  |0.0602|
|                                                                     |       |acc_norm      | 0.2245|±  |0.0602|
|                                                                     |       |acc_norm_pmi  | 0.2857|±  |0.0652|
|lighteval:global_mmlu_ca_rus_cf:college_chemistry:5                  |      0|acc_norm_token| 0.1875|±  |0.0569|
|                                                                     |       |acc_norm      | 0.2500|±  |0.0632|
|                                                                     |       |acc_norm_pmi  | 0.3542|±  |0.0698|
|lighteval:global_mmlu_ca_rus_cf:college_computer_science:5           |      0|acc_norm_token| 0.3600|±  |0.0686|
|                                                                     |       |acc_norm      | 0.3000|±  |0.0655|
|                                                                     |       |acc_norm_pmi  | 0.1600|±  |0.0524|
|lighteval:global_mmlu_ca_rus_cf:college_mathematics:5                |      0|acc_norm_token| 0.2041|±  |0.0582|
|                                                                     |       |acc_norm      | 0.2245|±  |0.0602|
|                                                                     |       |acc_norm_pmi  | 0.1837|±  |0.0559|
|lighteval:global_mmlu_ca_rus_cf:college_medicine:5                   |      0|acc_norm_token| 0.3061|±  |0.0665|
|                                                                     |       |acc_norm      | 0.3061|±  |0.0665|
|                                                                     |       |acc_norm_pmi  | 0.3061|±  |0.0665|
|lighteval:global_mmlu_ca_rus_cf:college_physics:5                    |      0|acc_norm_token| 0.2200|±  |0.0592|
|                                                                     |       |acc_norm      | 0.1800|±  |0.0549|
|                                                                     |       |acc_norm_pmi  | 0.1600|±  |0.0524|
|lighteval:global_mmlu_ca_rus_cf:high_school_biology:5                |      0|acc_norm_token| 0.2800|±  |0.0641|
|                                                                     |       |acc_norm      | 0.2200|±  |0.0592|
|                                                                     |       |acc_norm_pmi  | 0.2400|±  |0.0610|
|lighteval:global_mmlu_ca_rus_cf:high_school_chemistry:5              |      0|acc_norm_token| 0.2245|±  |0.0602|
|                                                                     |       |acc_norm      | 0.2449|±  |0.0621|
|                                                                     |       |acc_norm_pmi  | 0.2041|±  |0.0582|
|lighteval:global_mmlu_ca_rus_cf:high_school_computer_science:5       |      0|acc_norm_token| 0.2245|±  |0.0602|
|                                                                     |       |acc_norm      | 0.2041|±  |0.0582|
|                                                                     |       |acc_norm_pmi  | 0.2041|±  |0.0582|
|lighteval:global_mmlu_ca_rus_cf:high_school_european_history:5       |      0|acc_norm_token| 0.3571|±  |0.1329|
|                                                                     |       |acc_norm      | 0.2143|±  |0.1138|
|                                                                     |       |acc_norm_pmi  | 0.2857|±  |0.1253|
|lighteval:global_mmlu_ca_rus_cf:high_school_geography:5              |      0|acc_norm_token| 0.3846|±  |0.0973|
|                                                                     |       |acc_norm      | 0.1923|±  |0.0788|
|                                                                     |       |acc_norm_pmi  | 0.4615|±  |0.0997|
|lighteval:global_mmlu_ca_rus_cf:high_school_government_and_politics:5|      0|acc_norm_token| 0.5000|±  |0.5000|
|                                                                     |       |acc_norm      | 0.5000|±  |0.5000|
|                                                                     |       |acc_norm_pmi  | 0.5000|±  |0.5000|
|lighteval:global_mmlu_ca_rus_cf:high_school_macroeconomics:5         |      0|acc_norm_token| 0.2750|±  |0.0715|
|                                                                     |       |acc_norm      | 0.2750|±  |0.0715|
|                                                                     |       |acc_norm_pmi  | 0.3500|±  |0.0764|
|lighteval:global_mmlu_ca_rus_cf:high_school_mathematics:5            |      0|acc_norm_token| 0.2245|±  |0.0602|
|                                                                     |       |acc_norm      | 0.2041|±  |0.0582|
|                                                                     |       |acc_norm_pmi  | 0.4082|±  |0.0709|
|lighteval:global_mmlu_ca_rus_cf:high_school_microeconomics:5         |      0|acc_norm_token| 0.1224|±  |0.0473|
|                                                                     |       |acc_norm      | 0.2857|±  |0.0652|
|                                                                     |       |acc_norm_pmi  | 0.2857|±  |0.0652|
|lighteval:global_mmlu_ca_rus_cf:high_school_physics:5                |      0|acc_norm_token| 0.3864|±  |0.0743|
|                                                                     |       |acc_norm      | 0.2955|±  |0.0696|
|                                                                     |       |acc_norm_pmi  | 0.3409|±  |0.0723|
|lighteval:global_mmlu_ca_rus_cf:high_school_psychology:5             |      0|acc_norm_token| 0.1111|±  |0.0531|
|                                                                     |       |acc_norm      | 0.1111|±  |0.0531|
|                                                                     |       |acc_norm_pmi  | 0.2500|±  |0.0732|
|lighteval:global_mmlu_ca_rus_cf:high_school_statistics:5             |      0|acc_norm_token| 0.3043|±  |0.0686|
|                                                                     |       |acc_norm      | 0.2826|±  |0.0671|
|                                                                     |       |acc_norm_pmi  | 0.3043|±  |0.0686|
|lighteval:global_mmlu_ca_rus_cf:high_school_us_history:5             |      0|acc_norm_token| 0.2000|±  |0.2000|
|                                                                     |       |acc_norm      | 0.4000|±  |0.2449|
|                                                                     |       |acc_norm_pmi  | 0.8000|±  |0.2000|
|lighteval:global_mmlu_ca_rus_cf:high_school_world_history:5          |      0|acc_norm_token| 0.1333|±  |0.0909|
|                                                                     |       |acc_norm      | 0.2000|±  |0.1069|
|                                                                     |       |acc_norm_pmi  | 0.4000|±  |0.1309|
|lighteval:global_mmlu_ca_rus_cf:professional_accounting:5            |      0|acc_norm_token| 0.3611|±  |0.0812|
|                                                                     |       |acc_norm      | 0.3889|±  |0.0824|
|                                                                     |       |acc_norm_pmi  | 0.3056|±  |0.0779|
|lighteval:global_mmlu_ca_rus_cf:professional_law:5                   |      0|acc_norm_token| 0.3846|±  |0.1404|
|                                                                     |       |acc_norm      | 0.3846|±  |0.1404|
|                                                                     |       |acc_norm_pmi  | 0.3077|±  |0.1332|
|lighteval:global_mmlu_ca_rus_cf:professional_medicine:5              |      0|acc_norm_token| 0.2245|±  |0.0602|
|                                                                     |       |acc_norm      | 0.2653|±  |0.0637|
|                                                                     |       |acc_norm_pmi  | 0.2653|±  |0.0637|
|lighteval:global_mmlu_ca_rus_cf:professional_psychology:5            |      0|acc_norm_token| 0.2778|±  |0.0757|
|                                                                     |       |acc_norm      | 0.1944|±  |0.0669|
|                                                                     |       |acc_norm_pmi  | 0.3333|±  |0.0797|
|lighteval:global_mmlu_ca_spa_cf:_average:5                           |       |acc_norm_token| 0.2662|±  |0.0964|
|                                                                     |       |acc_norm      | 0.2965|±  |0.0775|
|                                                                     |       |acc_norm_pmi  | 0.2650|±  |0.0770|
|lighteval:global_mmlu_ca_spa_cf:college_biology:5                    |      0|acc_norm_token| 0.3265|±  |0.0677|
|                                                                     |       |acc_norm      | 0.2245|±  |0.0602|
|                                                                     |       |acc_norm_pmi  | 0.3061|±  |0.0665|
|lighteval:global_mmlu_ca_spa_cf:college_chemistry:5                  |      0|acc_norm_token| 0.2041|±  |0.0582|
|                                                                     |       |acc_norm      | 0.2041|±  |0.0582|
|                                                                     |       |acc_norm_pmi  | 0.2857|±  |0.0652|
|lighteval:global_mmlu_ca_spa_cf:college_computer_science:5           |      0|acc_norm_token| 0.2600|±  |0.0627|
|                                                                     |       |acc_norm      | 0.2200|±  |0.0592|
|                                                                     |       |acc_norm_pmi  | 0.2200|±  |0.0592|
|lighteval:global_mmlu_ca_spa_cf:college_mathematics:5                |      0|acc_norm_token| 0.2245|±  |0.0602|
|                                                                     |       |acc_norm      | 0.1633|±  |0.0533|
|                                                                     |       |acc_norm_pmi  | 0.3265|±  |0.0677|
|lighteval:global_mmlu_ca_spa_cf:college_medicine:5                   |      0|acc_norm_token| 0.2449|±  |0.0621|
|                                                                     |       |acc_norm      | 0.3469|±  |0.0687|
|                                                                     |       |acc_norm_pmi  | 0.2449|±  |0.0621|
|lighteval:global_mmlu_ca_spa_cf:college_physics:5                    |      0|acc_norm_token| 0.2449|±  |0.0621|
|                                                                     |       |acc_norm      | 0.2449|±  |0.0621|
|                                                                     |       |acc_norm_pmi  | 0.2449|±  |0.0621|
|lighteval:global_mmlu_ca_spa_cf:high_school_biology:5                |      0|acc_norm_token| 0.1800|±  |0.0549|
|                                                                     |       |acc_norm      | 0.2400|±  |0.0610|
|                                                                     |       |acc_norm_pmi  | 0.3800|±  |0.0693|
|lighteval:global_mmlu_ca_spa_cf:high_school_chemistry:5              |      0|acc_norm_token| 0.1224|±  |0.0473|
|                                                                     |       |acc_norm      | 0.2245|±  |0.0602|
|                                                                     |       |acc_norm_pmi  | 0.0816|±  |0.0395|
|lighteval:global_mmlu_ca_spa_cf:high_school_computer_science:5       |      0|acc_norm_token| 0.1837|±  |0.0559|
|                                                                     |       |acc_norm      | 0.2245|±  |0.0602|
|                                                                     |       |acc_norm_pmi  | 0.2041|±  |0.0582|
|lighteval:global_mmlu_ca_spa_cf:high_school_european_history:5       |      0|acc_norm_token| 0.3571|±  |0.1329|
|                                                                     |       |acc_norm      | 0.4286|±  |0.1373|
|                                                                     |       |acc_norm_pmi  | 0.2857|±  |0.1253|
|lighteval:global_mmlu_ca_spa_cf:high_school_geography:5              |      0|acc_norm_token| 0.2308|±  |0.0843|
|                                                                     |       |acc_norm      | 0.1923|±  |0.0788|
|                                                                     |       |acc_norm_pmi  | 0.2692|±  |0.0887|
|lighteval:global_mmlu_ca_spa_cf:high_school_government_and_politics:5|      0|acc_norm_token| 0.5000|±  |0.5000|
|                                                                     |       |acc_norm      | 1.0000|±  |0.0000|
|                                                                     |       |acc_norm_pmi  | 0.0000|±  |0.0000|
|lighteval:global_mmlu_ca_spa_cf:high_school_macroeconomics:5         |      0|acc_norm_token| 0.3750|±  |0.0775|
|                                                                     |       |acc_norm      | 0.3500|±  |0.0764|
|                                                                     |       |acc_norm_pmi  | 0.5000|±  |0.0801|
|lighteval:global_mmlu_ca_spa_cf:high_school_mathematics:5            |      0|acc_norm_token| 0.2449|±  |0.0621|
|                                                                     |       |acc_norm      | 0.2041|±  |0.0582|
|                                                                     |       |acc_norm_pmi  | 0.1837|±  |0.0559|
|lighteval:global_mmlu_ca_spa_cf:high_school_microeconomics:5         |      0|acc_norm_token| 0.2449|±  |0.0621|
|                                                                     |       |acc_norm      | 0.2857|±  |0.0652|
|                                                                     |       |acc_norm_pmi  | 0.3673|±  |0.0696|
|lighteval:global_mmlu_ca_spa_cf:high_school_physics:5                |      0|acc_norm_token| 0.2500|±  |0.0660|
|                                                                     |       |acc_norm      | 0.2045|±  |0.0615|
|                                                                     |       |acc_norm_pmi  | 0.2273|±  |0.0639|
|lighteval:global_mmlu_ca_spa_cf:high_school_psychology:5             |      0|acc_norm_token| 0.1667|±  |0.0630|
|                                                                     |       |acc_norm      | 0.1667|±  |0.0630|
|                                                                     |       |acc_norm_pmi  | 0.2222|±  |0.0703|
|lighteval:global_mmlu_ca_spa_cf:high_school_statistics:5             |      0|acc_norm_token| 0.4783|±  |0.0745|
|                                                                     |       |acc_norm      | 0.4130|±  |0.0734|
|                                                                     |       |acc_norm_pmi  | 0.3696|±  |0.0720|
|lighteval:global_mmlu_ca_spa_cf:high_school_us_history:5             |      0|acc_norm_token| 0.2000|±  |0.2000|
|                                                                     |       |acc_norm      | 0.4000|±  |0.2449|
|                                                                     |       |acc_norm_pmi  | 0.2000|±  |0.2000|
|lighteval:global_mmlu_ca_spa_cf:high_school_world_history:5          |      0|acc_norm_token| 0.3333|±  |0.1260|
|                                                                     |       |acc_norm      | 0.2667|±  |0.1182|
|                                                                     |       |acc_norm_pmi  | 0.3333|±  |0.1260|
|lighteval:global_mmlu_ca_spa_cf:professional_accounting:5            |      0|acc_norm_token| 0.2500|±  |0.0732|
|                                                                     |       |acc_norm      | 0.3333|±  |0.0797|
|                                                                     |       |acc_norm_pmi  | 0.3056|±  |0.0779|
|lighteval:global_mmlu_ca_spa_cf:professional_law:5                   |      0|acc_norm_token| 0.2308|±  |0.1216|
|                                                                     |       |acc_norm      | 0.2308|±  |0.1216|
|                                                                     |       |acc_norm_pmi  | 0.3077|±  |0.1332|
|lighteval:global_mmlu_ca_spa_cf:professional_medicine:5              |      0|acc_norm_token| 0.2857|±  |0.0652|
|                                                                     |       |acc_norm      | 0.3265|±  |0.0677|
|                                                                     |       |acc_norm_pmi  | 0.2449|±  |0.0621|
|lighteval:global_mmlu_ca_spa_cf:professional_psychology:5            |      0|acc_norm_token| 0.2500|±  |0.0732|
|                                                                     |       |acc_norm      | 0.2222|±  |0.0703|
|                                                                     |       |acc_norm_pmi  | 0.2500|±  |0.0732|
|lighteval:global_mmlu_ca_swe_cf:_average:5                           |       |acc_norm_token| 0.2300|±  |0.0737|
|                                                                     |       |acc_norm      | 0.2694|±  |0.0961|
|                                                                     |       |acc_norm_pmi  | 0.2276|±  |0.0738|
|lighteval:global_mmlu_ca_swe_cf:college_biology:5                    |      0|acc_norm_token| 0.4082|±  |0.0709|
|                                                                     |       |acc_norm      | 0.3469|±  |0.0687|
|                                                                     |       |acc_norm_pmi  | 0.1633|±  |0.0533|
|lighteval:global_mmlu_ca_swe_cf:college_chemistry:5                  |      0|acc_norm_token| 0.2245|±  |0.0602|
|                                                                     |       |acc_norm      | 0.2653|±  |0.0637|
|                                                                     |       |acc_norm_pmi  | 0.1837|±  |0.0559|
|lighteval:global_mmlu_ca_swe_cf:college_computer_science:5           |      0|acc_norm_token| 0.2600|±  |0.0627|
|                                                                     |       |acc_norm      | 0.2600|±  |0.0627|
|                                                                     |       |acc_norm_pmi  | 0.1400|±  |0.0496|
|lighteval:global_mmlu_ca_swe_cf:college_mathematics:5                |      0|acc_norm_token| 0.2857|±  |0.0652|
|                                                                     |       |acc_norm      | 0.2449|±  |0.0621|
|                                                                     |       |acc_norm_pmi  | 0.2653|±  |0.0637|
|lighteval:global_mmlu_ca_swe_cf:college_medicine:5                   |      0|acc_norm_token| 0.1429|±  |0.0505|
|                                                                     |       |acc_norm      | 0.2653|±  |0.0637|
|                                                                     |       |acc_norm_pmi  | 0.2653|±  |0.0637|
|lighteval:global_mmlu_ca_swe_cf:college_physics:5                    |      0|acc_norm_token| 0.1400|±  |0.0496|
|                                                                     |       |acc_norm      | 0.1400|±  |0.0496|
|                                                                     |       |acc_norm_pmi  | 0.1200|±  |0.0464|
|lighteval:global_mmlu_ca_swe_cf:high_school_biology:5                |      0|acc_norm_token| 0.3200|±  |0.0666|
|                                                                     |       |acc_norm      | 0.3800|±  |0.0693|
|                                                                     |       |acc_norm_pmi  | 0.3800|±  |0.0693|
|lighteval:global_mmlu_ca_swe_cf:high_school_chemistry:5              |      0|acc_norm_token| 0.2041|±  |0.0582|
|                                                                     |       |acc_norm      | 0.2653|±  |0.0637|
|                                                                     |       |acc_norm_pmi  | 0.2245|±  |0.0602|
|lighteval:global_mmlu_ca_swe_cf:high_school_computer_science:5       |      0|acc_norm_token| 0.1837|±  |0.0559|
|                                                                     |       |acc_norm      | 0.2857|±  |0.0652|
|                                                                     |       |acc_norm_pmi  | 0.1837|±  |0.0559|
|lighteval:global_mmlu_ca_swe_cf:high_school_european_history:5       |      0|acc_norm_token| 0.2857|±  |0.1253|
|                                                                     |       |acc_norm      | 0.2143|±  |0.1138|
|                                                                     |       |acc_norm_pmi  | 0.2143|±  |0.1138|
|lighteval:global_mmlu_ca_swe_cf:high_school_geography:5              |      0|acc_norm_token| 0.1538|±  |0.0722|
|                                                                     |       |acc_norm      | 0.1538|±  |0.0722|
|                                                                     |       |acc_norm_pmi  | 0.1923|±  |0.0788|
|lighteval:global_mmlu_ca_swe_cf:high_school_government_and_politics:5|      0|acc_norm_token| 0.0000|±  |0.0000|
|                                                                     |       |acc_norm      | 0.5000|±  |0.5000|
|                                                                     |       |acc_norm_pmi  | 0.0000|±  |0.0000|
|lighteval:global_mmlu_ca_swe_cf:high_school_macroeconomics:5         |      0|acc_norm_token| 0.3250|±  |0.0750|
|                                                                     |       |acc_norm      | 0.3750|±  |0.0775|
|                                                                     |       |acc_norm_pmi  | 0.2500|±  |0.0693|
|lighteval:global_mmlu_ca_swe_cf:high_school_mathematics:5            |      0|acc_norm_token| 0.1837|±  |0.0559|
|                                                                     |       |acc_norm      | 0.1633|±  |0.0533|
|                                                                     |       |acc_norm_pmi  | 0.1429|±  |0.0505|
|lighteval:global_mmlu_ca_swe_cf:high_school_microeconomics:5         |      0|acc_norm_token| 0.2857|±  |0.0652|
|                                                                     |       |acc_norm      | 0.3061|±  |0.0665|
|                                                                     |       |acc_norm_pmi  | 0.2245|±  |0.0602|
|lighteval:global_mmlu_ca_swe_cf:high_school_physics:5                |      0|acc_norm_token| 0.2955|±  |0.0696|
|                                                                     |       |acc_norm      | 0.2273|±  |0.0639|
|                                                                     |       |acc_norm_pmi  | 0.2273|±  |0.0639|
|lighteval:global_mmlu_ca_swe_cf:high_school_psychology:5             |      0|acc_norm_token| 0.1111|±  |0.0531|
|                                                                     |       |acc_norm      | 0.1944|±  |0.0669|
|                                                                     |       |acc_norm_pmi  | 0.2778|±  |0.0757|
|lighteval:global_mmlu_ca_swe_cf:high_school_statistics:5             |      0|acc_norm_token| 0.3043|±  |0.0686|
|                                                                     |       |acc_norm      | 0.2826|±  |0.0671|
|                                                                     |       |acc_norm_pmi  | 0.3913|±  |0.0728|
|lighteval:global_mmlu_ca_swe_cf:high_school_us_history:5             |      0|acc_norm_token| 0.2000|±  |0.2000|
|                                                                     |       |acc_norm      | 0.4000|±  |0.2449|
|                                                                     |       |acc_norm_pmi  | 0.2000|±  |0.2000|
|lighteval:global_mmlu_ca_swe_cf:high_school_world_history:5          |      0|acc_norm_token| 0.2667|±  |0.1182|
|                                                                     |       |acc_norm      | 0.0667|±  |0.0667|
|                                                                     |       |acc_norm_pmi  | 0.4000|±  |0.1309|
|lighteval:global_mmlu_ca_swe_cf:professional_accounting:5            |      0|acc_norm_token| 0.2222|±  |0.0703|
|                                                                     |       |acc_norm      | 0.2500|±  |0.0732|
|                                                                     |       |acc_norm_pmi  | 0.1944|±  |0.0669|
|lighteval:global_mmlu_ca_swe_cf:professional_law:5                   |      0|acc_norm_token| 0.2308|±  |0.1216|
|                                                                     |       |acc_norm      | 0.3846|±  |0.1404|
|                                                                     |       |acc_norm_pmi  | 0.3077|±  |0.1332|
|lighteval:global_mmlu_ca_swe_cf:professional_medicine:5              |      0|acc_norm_token| 0.2653|±  |0.0637|
|                                                                     |       |acc_norm      | 0.3265|±  |0.0677|
|                                                                     |       |acc_norm_pmi  | 0.2653|±  |0.0637|
|lighteval:global_mmlu_ca_swe_cf:professional_psychology:5            |      0|acc_norm_token| 0.2222|±  |0.0703|
|                                                                     |       |acc_norm      | 0.1667|±  |0.0630|
|                                                                     |       |acc_norm_pmi  | 0.2500|±  |0.0732|
|lighteval:global_mmlu_ca_tur_cf:_average:5                           |       |acc_norm_token| 0.2608|±  |0.0965|
|                                                                     |       |acc_norm      | 0.2427|±  |0.0770|
|                                                                     |       |acc_norm_pmi  | 0.2631|±  |0.0782|
|lighteval:global_mmlu_ca_tur_cf:college_biology:5                    |      0|acc_norm_token| 0.1837|±  |0.0559|
|                                                                     |       |acc_norm      | 0.1837|±  |0.0559|
|                                                                     |       |acc_norm_pmi  | 0.1429|±  |0.0505|
|lighteval:global_mmlu_ca_tur_cf:college_chemistry:5                  |      0|acc_norm_token| 0.2245|±  |0.0602|
|                                                                     |       |acc_norm      | 0.2245|±  |0.0602|
|                                                                     |       |acc_norm_pmi  | 0.3061|±  |0.0665|
|lighteval:global_mmlu_ca_tur_cf:college_computer_science:5           |      0|acc_norm_token| 0.2000|±  |0.0571|
|                                                                     |       |acc_norm      | 0.2200|±  |0.0592|
|                                                                     |       |acc_norm_pmi  | 0.1600|±  |0.0524|
|lighteval:global_mmlu_ca_tur_cf:college_mathematics:5                |      0|acc_norm_token| 0.2653|±  |0.0637|
|                                                                     |       |acc_norm      | 0.2653|±  |0.0637|
|                                                                     |       |acc_norm_pmi  | 0.2449|±  |0.0621|
|lighteval:global_mmlu_ca_tur_cf:college_medicine:5                   |      0|acc_norm_token| 0.2449|±  |0.0621|
|                                                                     |       |acc_norm      | 0.2449|±  |0.0621|
|                                                                     |       |acc_norm_pmi  | 0.3265|±  |0.0677|
|lighteval:global_mmlu_ca_tur_cf:college_physics:5                    |      0|acc_norm_token| 0.2800|±  |0.0641|
|                                                                     |       |acc_norm      | 0.2400|±  |0.0610|
|                                                                     |       |acc_norm_pmi  | 0.1800|±  |0.0549|
|lighteval:global_mmlu_ca_tur_cf:high_school_biology:5                |      0|acc_norm_token| 0.2400|±  |0.0610|
|                                                                     |       |acc_norm      | 0.2200|±  |0.0592|
|                                                                     |       |acc_norm_pmi  | 0.3400|±  |0.0677|
|lighteval:global_mmlu_ca_tur_cf:high_school_chemistry:5              |      0|acc_norm_token| 0.2245|±  |0.0602|
|                                                                     |       |acc_norm      | 0.1837|±  |0.0559|
|                                                                     |       |acc_norm_pmi  | 0.1633|±  |0.0533|
|lighteval:global_mmlu_ca_tur_cf:high_school_computer_science:5       |      0|acc_norm_token| 0.1020|±  |0.0437|
|                                                                     |       |acc_norm      | 0.2041|±  |0.0582|
|                                                                     |       |acc_norm_pmi  | 0.2245|±  |0.0602|
|lighteval:global_mmlu_ca_tur_cf:high_school_european_history:5       |      0|acc_norm_token| 0.1429|±  |0.0971|
|                                                                     |       |acc_norm      | 0.2857|±  |0.1253|
|                                                                     |       |acc_norm_pmi  | 0.3571|±  |0.1329|
|lighteval:global_mmlu_ca_tur_cf:high_school_geography:5              |      0|acc_norm_token| 0.3077|±  |0.0923|
|                                                                     |       |acc_norm      | 0.2692|±  |0.0887|
|                                                                     |       |acc_norm_pmi  | 0.3077|±  |0.0923|
|lighteval:global_mmlu_ca_tur_cf:high_school_government_and_politics:5|      0|acc_norm_token| 0.5000|±  |0.5000|
|                                                                     |       |acc_norm      | 0.0000|±  |0.0000|
|                                                                     |       |acc_norm_pmi  | 0.0000|±  |0.0000|
|lighteval:global_mmlu_ca_tur_cf:high_school_macroeconomics:5         |      0|acc_norm_token| 0.2250|±  |0.0669|
|                                                                     |       |acc_norm      | 0.2500|±  |0.0693|
|                                                                     |       |acc_norm_pmi  | 0.2500|±  |0.0693|
|lighteval:global_mmlu_ca_tur_cf:high_school_mathematics:5            |      0|acc_norm_token| 0.2041|±  |0.0582|
|                                                                     |       |acc_norm      | 0.1837|±  |0.0559|
|                                                                     |       |acc_norm_pmi  | 0.2449|±  |0.0621|
|lighteval:global_mmlu_ca_tur_cf:high_school_microeconomics:5         |      0|acc_norm_token| 0.2245|±  |0.0602|
|                                                                     |       |acc_norm      | 0.2041|±  |0.0582|
|                                                                     |       |acc_norm_pmi  | 0.1633|±  |0.0533|
|lighteval:global_mmlu_ca_tur_cf:high_school_physics:5                |      0|acc_norm_token| 0.3409|±  |0.0723|
|                                                                     |       |acc_norm      | 0.3636|±  |0.0734|
|                                                                     |       |acc_norm_pmi  | 0.1818|±  |0.0588|
|lighteval:global_mmlu_ca_tur_cf:high_school_psychology:5             |      0|acc_norm_token| 0.1389|±  |0.0585|
|                                                                     |       |acc_norm      | 0.1667|±  |0.0630|
|                                                                     |       |acc_norm_pmi  | 0.2500|±  |0.0732|
|lighteval:global_mmlu_ca_tur_cf:high_school_statistics:5             |      0|acc_norm_token| 0.2609|±  |0.0655|
|                                                                     |       |acc_norm      | 0.2391|±  |0.0636|
|                                                                     |       |acc_norm_pmi  | 0.2174|±  |0.0615|
|lighteval:global_mmlu_ca_tur_cf:high_school_us_history:5             |      0|acc_norm_token| 0.4000|±  |0.2449|
|                                                                     |       |acc_norm      | 0.4000|±  |0.2449|
|                                                                     |       |acc_norm_pmi  | 0.4000|±  |0.2449|
|lighteval:global_mmlu_ca_tur_cf:high_school_world_history:5          |      0|acc_norm_token| 0.2000|±  |0.1069|
|                                                                     |       |acc_norm      | 0.2667|±  |0.1182|
|                                                                     |       |acc_norm_pmi  | 0.4667|±  |0.1333|
|lighteval:global_mmlu_ca_tur_cf:professional_accounting:5            |      0|acc_norm_token| 0.3056|±  |0.0779|
|                                                                     |       |acc_norm      | 0.2778|±  |0.0757|
|                                                                     |       |acc_norm_pmi  | 0.2222|±  |0.0703|
|lighteval:global_mmlu_ca_tur_cf:professional_law:5                   |      0|acc_norm_token| 0.3846|±  |0.1404|
|                                                                     |       |acc_norm      | 0.3077|±  |0.1332|
|                                                                     |       |acc_norm_pmi  | 0.5385|±  |0.1439|
|lighteval:global_mmlu_ca_tur_cf:professional_medicine:5              |      0|acc_norm_token| 0.3265|±  |0.0677|
|                                                                     |       |acc_norm      | 0.3469|±  |0.0687|
|                                                                     |       |acc_norm_pmi  | 0.2653|±  |0.0637|
|lighteval:global_mmlu_ca_tur_cf:professional_psychology:5            |      0|acc_norm_token| 0.3333|±  |0.0797|
|                                                                     |       |acc_norm      | 0.2778|±  |0.0757|
|                                                                     |       |acc_norm_pmi  | 0.3611|±  |0.0812|
|lighteval:global_mmlu_ca_zho_cf:_average:5                           |       |acc_norm_token| 0.2284|±  |0.0660|
|                                                                     |       |acc_norm      | 0.2663|±  |0.0969|
|                                                                     |       |acc_norm_pmi  | 0.2375|±  |0.0935|
|lighteval:global_mmlu_ca_zho_cf:college_biology:5                    |      0|acc_norm_token| 0.2449|±  |0.0621|
|                                                                     |       |acc_norm      | 0.1633|±  |0.0533|
|                                                                     |       |acc_norm_pmi  | 0.1837|±  |0.0559|
|lighteval:global_mmlu_ca_zho_cf:college_chemistry:5                  |      0|acc_norm_token| 0.2857|±  |0.0652|
|                                                                     |       |acc_norm      | 0.2653|±  |0.0637|
|                                                                     |       |acc_norm_pmi  | 0.2041|±  |0.0582|
|lighteval:global_mmlu_ca_zho_cf:college_computer_science:5           |      0|acc_norm_token| 0.2600|±  |0.0627|
|                                                                     |       |acc_norm      | 0.2400|±  |0.0610|
|                                                                     |       |acc_norm_pmi  | 0.1800|±  |0.0549|
|lighteval:global_mmlu_ca_zho_cf:college_mathematics:5                |      0|acc_norm_token| 0.3673|±  |0.0696|
|                                                                     |       |acc_norm      | 0.2857|±  |0.0652|
|                                                                     |       |acc_norm_pmi  | 0.2245|±  |0.0602|
|lighteval:global_mmlu_ca_zho_cf:college_medicine:5                   |      0|acc_norm_token| 0.2857|±  |0.0652|
|                                                                     |       |acc_norm      | 0.2245|±  |0.0602|
|                                                                     |       |acc_norm_pmi  | 0.2041|±  |0.0582|
|lighteval:global_mmlu_ca_zho_cf:college_physics:5                    |      0|acc_norm_token| 0.2000|±  |0.0571|
|                                                                     |       |acc_norm      | 0.1200|±  |0.0464|
|                                                                     |       |acc_norm_pmi  | 0.1400|±  |0.0496|
|lighteval:global_mmlu_ca_zho_cf:high_school_biology:5                |      0|acc_norm_token| 0.3000|±  |0.0655|
|                                                                     |       |acc_norm      | 0.3000|±  |0.0655|
|                                                                     |       |acc_norm_pmi  | 0.2800|±  |0.0641|
|lighteval:global_mmlu_ca_zho_cf:high_school_chemistry:5              |      0|acc_norm_token| 0.1429|±  |0.0505|
|                                                                     |       |acc_norm      | 0.1837|±  |0.0559|
|                                                                     |       |acc_norm_pmi  | 0.1633|±  |0.0533|
|lighteval:global_mmlu_ca_zho_cf:high_school_computer_science:5       |      0|acc_norm_token| 0.1837|±  |0.0559|
|                                                                     |       |acc_norm      | 0.1837|±  |0.0559|
|                                                                     |       |acc_norm_pmi  | 0.1837|±  |0.0559|
|lighteval:global_mmlu_ca_zho_cf:high_school_european_history:5       |      0|acc_norm_token| 0.1429|±  |0.0971|
|                                                                     |       |acc_norm      | 0.1429|±  |0.0971|
|                                                                     |       |acc_norm_pmi  | 0.1429|±  |0.0971|
|lighteval:global_mmlu_ca_zho_cf:high_school_geography:5              |      0|acc_norm_token| 0.2308|±  |0.0843|
|                                                                     |       |acc_norm      | 0.2308|±  |0.0843|
|                                                                     |       |acc_norm_pmi  | 0.2692|±  |0.0887|
|lighteval:global_mmlu_ca_zho_cf:high_school_government_and_politics:5|      0|acc_norm_token| 0.0000|±  |0.0000|
|                                                                     |       |acc_norm      | 0.5000|±  |0.5000|
|                                                                     |       |acc_norm_pmi  | 0.5000|±  |0.5000|
|lighteval:global_mmlu_ca_zho_cf:high_school_macroeconomics:5         |      0|acc_norm_token| 0.2000|±  |0.0641|
|                                                                     |       |acc_norm      | 0.2000|±  |0.0641|
|                                                                     |       |acc_norm_pmi  | 0.2000|±  |0.0641|
|lighteval:global_mmlu_ca_zho_cf:high_school_mathematics:5            |      0|acc_norm_token| 0.1224|±  |0.0473|
|                                                                     |       |acc_norm      | 0.1020|±  |0.0437|
|                                                                     |       |acc_norm_pmi  | 0.1429|±  |0.0505|
|lighteval:global_mmlu_ca_zho_cf:high_school_microeconomics:5         |      0|acc_norm_token| 0.2449|±  |0.0621|
|                                                                     |       |acc_norm      | 0.3878|±  |0.0703|
|                                                                     |       |acc_norm_pmi  | 0.2857|±  |0.0652|
|lighteval:global_mmlu_ca_zho_cf:high_school_physics:5                |      0|acc_norm_token| 0.2955|±  |0.0696|
|                                                                     |       |acc_norm      | 0.2727|±  |0.0679|
|                                                                     |       |acc_norm_pmi  | 0.2955|±  |0.0696|
|lighteval:global_mmlu_ca_zho_cf:high_school_psychology:5             |      0|acc_norm_token| 0.2500|±  |0.0732|
|                                                                     |       |acc_norm      | 0.3056|±  |0.0779|
|                                                                     |       |acc_norm_pmi  | 0.3056|±  |0.0779|
|lighteval:global_mmlu_ca_zho_cf:high_school_statistics:5             |      0|acc_norm_token| 0.3043|±  |0.0686|
|                                                                     |       |acc_norm      | 0.3043|±  |0.0686|
|                                                                     |       |acc_norm_pmi  | 0.3261|±  |0.0699|
|lighteval:global_mmlu_ca_zho_cf:high_school_us_history:5             |      0|acc_norm_token| 0.0000|±  |0.0000|
|                                                                     |       |acc_norm      | 0.4000|±  |0.2449|
|                                                                     |       |acc_norm_pmi  | 0.2000|±  |0.2000|
|lighteval:global_mmlu_ca_zho_cf:high_school_world_history:5          |      0|acc_norm_token| 0.2667|±  |0.1182|
|                                                                     |       |acc_norm      | 0.3333|±  |0.1260|
|                                                                     |       |acc_norm_pmi  | 0.2667|±  |0.1182|
|lighteval:global_mmlu_ca_zho_cf:professional_accounting:5            |      0|acc_norm_token| 0.3056|±  |0.0779|
|                                                                     |       |acc_norm      | 0.2222|±  |0.0703|
|                                                                     |       |acc_norm_pmi  | 0.1667|±  |0.0630|
|lighteval:global_mmlu_ca_zho_cf:professional_law:5                   |      0|acc_norm_token| 0.3077|±  |0.1332|
|                                                                     |       |acc_norm      | 0.3077|±  |0.1332|
|                                                                     |       |acc_norm_pmi  | 0.3077|±  |0.1332|
|lighteval:global_mmlu_ca_zho_cf:professional_medicine:5              |      0|acc_norm_token| 0.3469|±  |0.0687|
|                                                                     |       |acc_norm      | 0.3265|±  |0.0677|
|                                                                     |       |acc_norm_pmi  | 0.3061|±  |0.0665|
|lighteval:global_mmlu_ca_zho_cf:professional_psychology:5            |      0|acc_norm_token| 0.1944|±  |0.0669|
|                                                                     |       |acc_norm      | 0.3889|±  |0.0824|
|                                                                     |       |acc_norm_pmi  | 0.2222|±  |0.0703|
|lighteval:mlmm_hellaswag_ara_cf:5                                    |      0|acc_norm_token| 0.2960|±  |0.0144|
|                                                                     |       |acc_norm      | 0.2900|±  |0.0144|
|lighteval:mlmm_hellaswag_deu_cf:5                                    |      0|acc_norm_token| 0.2970|±  |0.0145|
|                                                                     |       |acc_norm      | 0.3320|±  |0.0149|
|lighteval:mlmm_hellaswag_fra_cf:5                                    |      0|acc_norm_token| 0.3140|±  |0.0147|
|                                                                     |       |acc_norm      | 0.3230|±  |0.0148|
|lighteval:mlmm_hellaswag_hin_cf:5                                    |      0|acc_norm_token| 0.2570|±  |0.0138|
|                                                                     |       |acc_norm      | 0.2380|±  |0.0135|
|lighteval:mlmm_hellaswag_ita_cf:5                                    |      0|acc_norm_token| 0.3080|±  |0.0146|
|                                                                     |       |acc_norm      | 0.2970|±  |0.0145|
|lighteval:mlmm_hellaswag_nld_cf:5                                    |      0|acc_norm_token| 0.3090|±  |0.0146|
|                                                                     |       |acc_norm      | 0.2970|±  |0.0145|
|lighteval:mlmm_hellaswag_por_cf:5                                    |      0|acc_norm_token| 0.2850|±  |0.0143|
|                                                                     |       |acc_norm      | 0.2910|±  |0.0144|
|lighteval:mlmm_hellaswag_rus_cf:5                                    |      0|acc_norm_token| 0.3110|±  |0.0146|
|                                                                     |       |acc_norm      | 0.2900|±  |0.0144|
|lighteval:mlmm_hellaswag_spa_cf:5                                    |      0|acc_norm_token| 0.3280|±  |0.0149|
|                                                                     |       |acc_norm      | 0.3250|±  |0.0148|
|lighteval:mlmm_hellaswag_swe_cf:5                                    |      0|acc_norm_token| 0.2510|±  |0.0137|
|                                                                     |       |acc_norm      | 0.2590|±  |0.0139|
|lighteval:mlmm_hellaswag_zho_cf:5                                    |      0|acc_norm_token| 0.2720|±  |0.0141|
|                                                                     |       |acc_norm      | 0.2610|±  |0.0139|
|lighteval:xcsqa_ara_cf:5                                             |      0|acc_norm_token| 0.2750|±  |0.0141|
|                                                                     |       |acc_norm      | 0.2630|±  |0.0139|
|                                                                     |       |acc_norm_pmi  | 0.2730|±  |0.0141|
|lighteval:xcsqa_deu_cf:5                                             |      0|acc_norm_token| 0.2555|±  |0.0138|
|                                                                     |       |acc_norm      | 0.2897|±  |0.0144|
|                                                                     |       |acc_norm_pmi  | 0.3109|±  |0.0147|
|lighteval:xcsqa_eng_cf:5                                             |      0|acc_norm_token| 0.3090|±  |0.0146|
|                                                                     |       |acc_norm      | 0.3080|±  |0.0146|
|                                                                     |       |acc_norm_pmi  | 0.3380|±  |0.0150|
|lighteval:xcsqa_fra_cf:5                                             |      0|acc_norm_token| 0.2780|±  |0.0142|
|                                                                     |       |acc_norm      | 0.2680|±  |0.0140|
|                                                                     |       |acc_norm_pmi  | 0.2850|±  |0.0143|
|lighteval:xcsqa_hin_cf:5                                             |      0|acc_norm_token| 0.2050|±  |0.0128|
|                                                                     |       |acc_norm      | 0.1880|±  |0.0124|
|                                                                     |       |acc_norm_pmi  | 0.2170|±  |0.0130|
|lighteval:xcsqa_ita_cf:5                                             |      0|acc_norm_token| 0.2663|±  |0.0140|
|                                                                     |       |acc_norm      | 0.2995|±  |0.0145|
|                                                                     |       |acc_norm_pmi  | 0.3216|±  |0.0148|
|lighteval:xcsqa_nld_cf:5                                             |      0|acc_norm_token| 0.2700|±  |0.0140|
|                                                                     |       |acc_norm      | 0.2830|±  |0.0143|
|                                                                     |       |acc_norm_pmi  | 0.2870|±  |0.0143|
|lighteval:xcsqa_por_cf:5                                             |      0|acc_norm_token| 0.2300|±  |0.0133|
|                                                                     |       |acc_norm      | 0.2350|±  |0.0134|
|                                                                     |       |acc_norm_pmi  | 0.2240|±  |0.0132|
|lighteval:xcsqa_rus_cf:5                                             |      0|acc_norm_token| 0.2596|±  |0.0140|
|                                                                     |       |acc_norm      | 0.2576|±  |0.0139|
|                                                                     |       |acc_norm_pmi  | 0.2992|±  |0.0146|
|lighteval:xcsqa_spa_cf:5                                             |      0|acc_norm_token| 0.2630|±  |0.0139|
|                                                                     |       |acc_norm      | 0.2810|±  |0.0142|
|                                                                     |       |acc_norm_pmi  | 0.3190|±  |0.0147|
|lighteval:xcsqa_zho_cf:5                                             |      0|acc_norm_token| 0.2330|±  |0.0134|
|                                                                     |       |acc_norm      | 0.2050|±  |0.0128|
|                                                                     |       |acc_norm_pmi  | 0.2270|±  |0.0133|

