Array task 4 / Model: /fnwi_fs/ivi/irlab/personal/saycock/multimerge/models/mixed-10-checkpoints/checkpoint_0004000
Task: all | Lang: all
INFO 04-16 17:28:29 [__init__.py:235] Automatically detected platform cuda.
1
lighteval|belebele_arb_Arab_cf
lighteval|belebele_deu_Latn_cf
lighteval|belebele_eng_Latn_cf
lighteval|belebele_fra_Latn_cf
lighteval|belebele_hin_Deva_cf
lighteval|belebele_ita_Latn_cf
lighteval|belebele_nld_Latn_cf
lighteval|belebele_por_Latn_cf
lighteval|belebele_rus_Cyrl_cf
lighteval|belebele_spa_Latn_cf
lighteval|belebele_swe_Latn_cf
lighteval|belebele_tur_Latn_cf
lighteval|belebele_zho_Hans_cf
lighteval|xcsqa_ara_cf
lighteval|xcsqa_deu_cf
lighteval|xcsqa_eng_cf
lighteval|xcsqa_fra_cf
lighteval|xcsqa_hin_cf
lighteval|xcsqa_ita_cf
lighteval|xcsqa_nld_cf
lighteval|xcsqa_por_cf
lighteval|xcsqa_rus_cf
lighteval|xcsqa_spa_cf
None
None
lighteval|xcsqa_zho_cf
lighteval|mlmm_hellaswag_ara_cf
lighteval|mlmm_hellaswag_deu_cf
leaderboard|hellaswag
lighteval|mlmm_hellaswag_fra_cf
lighteval|mlmm_hellaswag_hin_cf
lighteval|mlmm_hellaswag_ita_cf
lighteval|mlmm_hellaswag_nld_cf
lighteval|mlmm_hellaswag_por_cf
lighteval|mlmm_hellaswag_rus_cf
lighteval|mlmm_hellaswag_spa_cf
lighteval|mlmm_hellaswag_swe_cf
lighteval|community_hellaswag_tur_cf
lighteval|mlmm_hellaswag_zho_cf
lighteval|flores200:eng_Latn-arb_Arab
lighteval|flores200:eng_Latn-deu_Latn
lighteval|flores200:fra_Latn-eng_Latn
lighteval|flores200:eng_Latn-fra_Latn
lighteval|flores200:eng_Latn-hin_Deva
lighteval|flores200:eng_Latn-ita_Latn
lighteval|flores200:eng_Latn-nld_Latn
lighteval|flores200:eng_Latn-por_Latn
lighteval|flores200:eng_Latn-rus_Cyrl
lighteval|flores200:eng_Latn-spa_Latn
lighteval|flores200:eng_Latn-swe_Latn
lighteval|flores200:eng_Latn-tur_Latn
lighteval|flores200:eng_Latn-zho_Hans
lighteval|global_mmlu_ca_ara_cf
lighteval|global_mmlu_ca_deu_cf
lighteval|global_mmlu_ca_eng_cf
lighteval|global_mmlu_ca_fra_cf
lighteval|global_mmlu_ca_hin_cf
lighteval|global_mmlu_ca_ita_cf
lighteval|global_mmlu_ca_nld_cf
lighteval|global_mmlu_ca_por_cf
lighteval|global_mmlu_ca_rus_cf
lighteval|global_mmlu_ca_spa_cf
lighteval|global_mmlu_ca_swe_cf
lighteval|global_mmlu_ca_tur_cf
lighteval|global_mmlu_ca_zho_cf
|                                Task                                 |Version|    Metric    | Value |   |Stderr|
|---------------------------------------------------------------------|------:|--------------|------:|---|-----:|
|all                                                                  |       |acc           | 0.2920|±  |0.0144|
|                                                                     |       |acc_norm      | 0.2602|±  |0.0775|
|                                                                     |       |acc_norm_token| 0.2514|±  |0.0712|
|                                                                     |       |acc_norm_pmi  | 0.2624|±  |0.0798|
|                                                                     |       |chrf++        |14.1933|±  |0.0737|
|                                                                     |       |bleu          | 2.5068|±  |0.0669|
|                                                                     |       |bleu_1        | 0.0413|±  |0.0009|
|                                                                     |       |bleu_4        | 0.0000|±  |0.0000|
|leaderboard:hellaswag:5                                              |      0|acc           | 0.2920|±  |0.0144|
|                                                                     |       |acc_norm      | 0.2870|±  |0.0143|
|lighteval:belebele_arb_Arab_cf:5                                     |      0|acc_norm_token| 0.2744|±  |0.0149|
|                                                                     |       |acc_norm      | 0.2711|±  |0.0148|
|lighteval:belebele_deu_Latn_cf:5                                     |      0|acc_norm_token| 0.2944|±  |0.0152|
|                                                                     |       |acc_norm      | 0.2889|±  |0.0151|
|lighteval:belebele_eng_Latn_cf:5                                     |      0|acc_norm_token| 0.2800|±  |0.0150|
|                                                                     |       |acc_norm      | 0.2856|±  |0.0151|
|lighteval:belebele_fra_Latn_cf:5                                     |      0|acc_norm_token| 0.2767|±  |0.0149|
|                                                                     |       |acc_norm      | 0.2822|±  |0.0150|
|lighteval:belebele_hin_Deva_cf:5                                     |      0|acc_norm_token| 0.2522|±  |0.0145|
|                                                                     |       |acc_norm      | 0.2456|±  |0.0144|
|lighteval:belebele_ita_Latn_cf:5                                     |      0|acc_norm_token| 0.2744|±  |0.0149|
|                                                                     |       |acc_norm      | 0.2711|±  |0.0148|
|lighteval:belebele_nld_Latn_cf:5                                     |      0|acc_norm_token| 0.2911|±  |0.0152|
|                                                                     |       |acc_norm      | 0.2922|±  |0.0152|
|lighteval:belebele_por_Latn_cf:5                                     |      0|acc_norm_token| 0.2922|±  |0.0152|
|                                                                     |       |acc_norm      | 0.2967|±  |0.0152|
|lighteval:belebele_rus_Cyrl_cf:5                                     |      0|acc_norm_token| 0.2978|±  |0.0153|
|                                                                     |       |acc_norm      | 0.2722|±  |0.0148|
|lighteval:belebele_spa_Latn_cf:5                                     |      0|acc_norm_token| 0.2578|±  |0.0146|
|                                                                     |       |acc_norm      | 0.2778|±  |0.0149|
|lighteval:belebele_swe_Latn_cf:5                                     |      0|acc_norm_token| 0.2833|±  |0.0150|
|                                                                     |       |acc_norm      | 0.2833|±  |0.0150|
|lighteval:belebele_tur_Latn_cf:5                                     |      0|acc_norm_token| 0.2911|±  |0.0152|
|                                                                     |       |acc_norm      | 0.2967|±  |0.0152|
|lighteval:belebele_zho_Hans_cf:5                                     |      0|acc_norm_token| 0.2556|±  |0.0145|
|                                                                     |       |acc_norm      | 0.2400|±  |0.0142|
|lighteval:community_hellaswag_tur_cf:5                               |      0|acc_norm_token| 0.3090|±  |0.0146|
|                                                                     |       |acc_norm      | 0.2950|±  |0.0144|
|lighteval:flores200:_average:5                                       |       |chrf++        |14.1933|±  |0.0737|
|                                                                     |       |bleu          | 2.5068|±  |0.0669|
|                                                                     |       |bleu_1        | 0.0413|±  |0.0009|
|                                                                     |       |bleu_4        | 0.0000|±  |0.0000|
|lighteval:flores200:eng_Latn-arb_Arab:5                              |      0|chrf++        | 6.0565|±  |0.0387|
|                                                                     |       |bleu          | 1.9012|±  |0.0341|
|                                                                     |       |bleu_1        | 0.0373|±  |0.0005|
|                                                                     |       |bleu_4        | 0.0000|±  |0.0000|
|lighteval:flores200:eng_Latn-deu_Latn:5                              |      0|chrf++        |19.0428|±  |0.0755|
|                                                                     |       |bleu          | 1.7244|±  |0.0759|
|                                                                     |       |bleu_1        | 0.0566|±  |0.0010|
|                                                                     |       |bleu_4        | 0.0000|±  |0.0000|
|lighteval:flores200:eng_Latn-fra_Latn:5                              |      0|chrf++        |24.8825|±  |0.0856|
|                                                                     |       |bleu          | 5.4236|±  |0.0664|
|                                                                     |       |bleu_1        | 0.0454|±  |0.0009|
|                                                                     |       |bleu_4        | 0.0000|±  |0.0000|
|lighteval:flores200:eng_Latn-hin_Deva:5                              |      0|chrf++        | 7.6788|±  |0.0652|
|                                                                     |       |bleu          | 3.2359|±  |0.0621|
|                                                                     |       |bleu_1        | 0.0215|±  |0.0008|
|                                                                     |       |bleu_4        | 0.0000|±  |0.0000|
|lighteval:flores200:eng_Latn-ita_Latn:5                              |      0|chrf++        |18.4922|±  |0.0828|
|                                                                     |       |bleu          | 2.0899|±  |0.0603|
|                                                                     |       |bleu_1        | 0.0575|±  |0.0012|
|                                                                     |       |bleu_4        | 0.0000|±  |0.0000|
|lighteval:flores200:eng_Latn-nld_Latn:5                              |      0|chrf++        |14.8506|±  |0.0987|
|                                                                     |       |bleu          | 4.4197|±  |0.0637|
|                                                                     |       |bleu_1        | 0.0462|±  |0.0010|
|                                                                     |       |bleu_4        | 0.0000|±  |0.0000|
|lighteval:flores200:eng_Latn-por_Latn:5                              |      0|chrf++        |19.9160|±  |0.0580|
|                                                                     |       |bleu          | 2.8095|±  |0.0423|
|                                                                     |       |bleu_1        | 0.0455|±  |0.0009|
|                                                                     |       |bleu_4        | 0.0000|±  |0.0000|
|lighteval:flores200:eng_Latn-rus_Cyrl:5                              |      0|chrf++        | 5.4551|±  |0.0597|
|                                                                     |       |bleu          | 2.9835|±  |0.0411|
|                                                                     |       |bleu_1        | 0.0360|±  |0.0010|
|                                                                     |       |bleu_4        | 0.0000|±  |0.0000|
|lighteval:flores200:eng_Latn-spa_Latn:5                              |      0|chrf++        |15.8141|±  |0.0845|
|                                                                     |       |bleu          | 1.5880|±  |0.0557|
|                                                                     |       |bleu_1        | 0.0481|±  |0.0009|
|                                                                     |       |bleu_4        | 0.0000|±  |0.0000|
|lighteval:flores200:eng_Latn-swe_Latn:5                              |      0|chrf++        |18.2670|±  |0.0469|
|                                                                     |       |bleu          | 1.2459|±  |0.0367|
|                                                                     |       |bleu_1        | 0.0209|±  |0.0007|
|                                                                     |       |bleu_4        | 0.0000|±  |0.0000|
|lighteval:flores200:eng_Latn-tur_Latn:5                              |      0|chrf++        |14.6157|±  |0.0551|
|                                                                     |       |bleu          | 3.5869|±  |0.0361|
|                                                                     |       |bleu_1        | 0.0502|±  |0.0009|
|                                                                     |       |bleu_4        | 0.0001|±  |0.0001|
|lighteval:flores200:eng_Latn-zho_Hans:5                              |      0|chrf++        | 1.7999|±  |0.0665|
|                                                                     |       |bleu          | 0.5569|±  |0.1207|
|                                                                     |       |bleu_1        | 0.0007|±  |0.0002|
|                                                                     |       |bleu_4        | 0.0000|±  |0.0000|
|lighteval:flores200:fra_Latn-eng_Latn:5                              |      0|chrf++        |17.6420|±  |0.1408|
|                                                                     |       |bleu          | 1.0231|±  |0.1743|
|                                                                     |       |bleu_1        | 0.0716|±  |0.0020|
|                                                                     |       |bleu_4        | 0.0003|±  |0.0001|
|lighteval:global_mmlu_ca_ara_cf:_average:5                           |       |acc_norm_token| 0.2762|±  |0.0744|
|                                                                     |       |acc_norm      | 0.2863|±  |0.0759|
|                                                                     |       |acc_norm_pmi  | 0.2477|±  |0.0677|
|lighteval:global_mmlu_ca_ara_cf:college_biology:5                    |      0|acc_norm_token| 0.2041|±  |0.0582|
|                                                                     |       |acc_norm      | 0.2449|±  |0.0621|
|                                                                     |       |acc_norm_pmi  | 0.2041|±  |0.0582|
|lighteval:global_mmlu_ca_ara_cf:college_chemistry:5                  |      0|acc_norm_token| 0.2292|±  |0.0613|
|                                                                     |       |acc_norm      | 0.2292|±  |0.0613|
|                                                                     |       |acc_norm_pmi  | 0.2708|±  |0.0648|
|lighteval:global_mmlu_ca_ara_cf:college_computer_science:5           |      0|acc_norm_token| 0.2400|±  |0.0610|
|                                                                     |       |acc_norm      | 0.1600|±  |0.0524|
|                                                                     |       |acc_norm_pmi  | 0.2600|±  |0.0627|
|lighteval:global_mmlu_ca_ara_cf:college_mathematics:5                |      0|acc_norm_token| 0.1837|±  |0.0559|
|                                                                     |       |acc_norm      | 0.2041|±  |0.0582|
|                                                                     |       |acc_norm_pmi  | 0.3265|±  |0.0677|
|lighteval:global_mmlu_ca_ara_cf:college_medicine:5                   |      0|acc_norm_token| 0.2245|±  |0.0602|
|                                                                     |       |acc_norm      | 0.2245|±  |0.0602|
|                                                                     |       |acc_norm_pmi  | 0.2245|±  |0.0602|
|lighteval:global_mmlu_ca_ara_cf:college_physics:5                    |      0|acc_norm_token| 0.2857|±  |0.0652|
|                                                                     |       |acc_norm      | 0.2449|±  |0.0621|
|                                                                     |       |acc_norm_pmi  | 0.1224|±  |0.0473|
|lighteval:global_mmlu_ca_ara_cf:high_school_biology:5                |      0|acc_norm_token| 0.2600|±  |0.0627|
|                                                                     |       |acc_norm      | 0.2000|±  |0.0571|
|                                                                     |       |acc_norm_pmi  | 0.3000|±  |0.0655|
|lighteval:global_mmlu_ca_ara_cf:high_school_chemistry:5              |      0|acc_norm_token| 0.1875|±  |0.0569|
|                                                                     |       |acc_norm      | 0.1667|±  |0.0544|
|                                                                     |       |acc_norm_pmi  | 0.2708|±  |0.0648|
|lighteval:global_mmlu_ca_ara_cf:high_school_computer_science:5       |      0|acc_norm_token| 0.2041|±  |0.0582|
|                                                                     |       |acc_norm      | 0.2041|±  |0.0582|
|                                                                     |       |acc_norm_pmi  | 0.2857|±  |0.0652|
|lighteval:global_mmlu_ca_ara_cf:high_school_european_history:5       |      0|acc_norm_token| 0.3571|±  |0.1329|
|                                                                     |       |acc_norm      | 0.2857|±  |0.1253|
|                                                                     |       |acc_norm_pmi  | 0.2857|±  |0.1253|
|lighteval:global_mmlu_ca_ara_cf:high_school_geography:5              |      0|acc_norm_token| 0.3462|±  |0.0951|
|                                                                     |       |acc_norm      | 0.3077|±  |0.0923|
|                                                                     |       |acc_norm_pmi  | 0.3462|±  |0.0951|
|lighteval:global_mmlu_ca_ara_cf:high_school_government_and_politics:5|      0|acc_norm_token| 1.0000|±  |0.0000|
|                                                                     |       |acc_norm      | 1.0000|±  |0.0000|
|                                                                     |       |acc_norm_pmi  | 0.0000|±  |0.0000|
|lighteval:global_mmlu_ca_ara_cf:high_school_macroeconomics:5         |      0|acc_norm_token| 0.2250|±  |0.0669|
|                                                                     |       |acc_norm      | 0.2250|±  |0.0669|
|                                                                     |       |acc_norm_pmi  | 0.3000|±  |0.0734|
|lighteval:global_mmlu_ca_ara_cf:high_school_mathematics:5            |      0|acc_norm_token| 0.1633|±  |0.0533|
|                                                                     |       |acc_norm      | 0.1633|±  |0.0533|
|                                                                     |       |acc_norm_pmi  | 0.1633|±  |0.0533|
|lighteval:global_mmlu_ca_ara_cf:high_school_microeconomics:5         |      0|acc_norm_token| 0.1224|±  |0.0473|
|                                                                     |       |acc_norm      | 0.1837|±  |0.0559|
|                                                                     |       |acc_norm_pmi  | 0.2857|±  |0.0652|
|lighteval:global_mmlu_ca_ara_cf:high_school_physics:5                |      0|acc_norm_token| 0.3721|±  |0.0746|
|                                                                     |       |acc_norm      | 0.3721|±  |0.0746|
|                                                                     |       |acc_norm_pmi  | 0.2558|±  |0.0673|
|lighteval:global_mmlu_ca_ara_cf:high_school_psychology:5             |      0|acc_norm_token| 0.2222|±  |0.0703|
|                                                                     |       |acc_norm      | 0.1667|±  |0.0630|
|                                                                     |       |acc_norm_pmi  | 0.2222|±  |0.0703|
|lighteval:global_mmlu_ca_ara_cf:high_school_statistics:5             |      0|acc_norm_token| 0.3261|±  |0.0699|
|                                                                     |       |acc_norm      | 0.3261|±  |0.0699|
|                                                                     |       |acc_norm_pmi  | 0.3696|±  |0.0720|
|lighteval:global_mmlu_ca_ara_cf:high_school_us_history:5             |      0|acc_norm_token| 0.2000|±  |0.2000|
|                                                                     |       |acc_norm      | 0.6000|±  |0.2449|
|                                                                     |       |acc_norm_pmi  | 0.0000|±  |0.0000|
|lighteval:global_mmlu_ca_ara_cf:high_school_world_history:5          |      0|acc_norm_token| 0.1333|±  |0.0909|
|                                                                     |       |acc_norm      | 0.2000|±  |0.1069|
|                                                                     |       |acc_norm_pmi  | 0.5333|±  |0.1333|
|lighteval:global_mmlu_ca_ara_cf:professional_accounting:5            |      0|acc_norm_token| 0.1667|±  |0.0630|
|                                                                     |       |acc_norm      | 0.1389|±  |0.0585|
|                                                                     |       |acc_norm_pmi  | 0.2500|±  |0.0732|
|lighteval:global_mmlu_ca_ara_cf:professional_law:5                   |      0|acc_norm_token| 0.3077|±  |0.1332|
|                                                                     |       |acc_norm      | 0.3077|±  |0.1332|
|                                                                     |       |acc_norm_pmi  | 0.1538|±  |0.1042|
|lighteval:global_mmlu_ca_ara_cf:professional_medicine:5              |      0|acc_norm_token| 0.3061|±  |0.0665|
|                                                                     |       |acc_norm      | 0.3265|±  |0.0677|
|                                                                     |       |acc_norm_pmi  | 0.2653|±  |0.0637|
|lighteval:global_mmlu_ca_ara_cf:professional_psychology:5            |      0|acc_norm_token| 0.3611|±  |0.0812|
|                                                                     |       |acc_norm      | 0.3889|±  |0.0824|
|                                                                     |       |acc_norm_pmi  | 0.2500|±  |0.0732|
|lighteval:global_mmlu_ca_deu_cf:_average:5                           |       |acc_norm_token| 0.2741|±  |0.0741|
|                                                                     |       |acc_norm      | 0.2816|±  |0.0748|
|                                                                     |       |acc_norm_pmi  | 0.2658|±  |0.0768|
|lighteval:global_mmlu_ca_deu_cf:college_biology:5                    |      0|acc_norm_token| 0.3061|±  |0.0665|
|                                                                     |       |acc_norm      | 0.2653|±  |0.0637|
|                                                                     |       |acc_norm_pmi  | 0.2245|±  |0.0602|
|lighteval:global_mmlu_ca_deu_cf:college_chemistry:5                  |      0|acc_norm_token| 0.2041|±  |0.0582|
|                                                                     |       |acc_norm      | 0.2041|±  |0.0582|
|                                                                     |       |acc_norm_pmi  | 0.3265|±  |0.0677|
|lighteval:global_mmlu_ca_deu_cf:college_computer_science:5           |      0|acc_norm_token| 0.2000|±  |0.0571|
|                                                                     |       |acc_norm      | 0.1800|±  |0.0549|
|                                                                     |       |acc_norm_pmi  | 0.1200|±  |0.0464|
|lighteval:global_mmlu_ca_deu_cf:college_mathematics:5                |      0|acc_norm_token| 0.2449|±  |0.0621|
|                                                                     |       |acc_norm      | 0.2449|±  |0.0621|
|                                                                     |       |acc_norm_pmi  | 0.2653|±  |0.0637|
|lighteval:global_mmlu_ca_deu_cf:college_medicine:5                   |      0|acc_norm_token| 0.1837|±  |0.0559|
|                                                                     |       |acc_norm      | 0.2653|±  |0.0637|
|                                                                     |       |acc_norm_pmi  | 0.2449|±  |0.0621|
|lighteval:global_mmlu_ca_deu_cf:college_physics:5                    |      0|acc_norm_token| 0.2600|±  |0.0627|
|                                                                     |       |acc_norm      | 0.2600|±  |0.0627|
|                                                                     |       |acc_norm_pmi  | 0.1600|±  |0.0524|
|lighteval:global_mmlu_ca_deu_cf:high_school_biology:5                |      0|acc_norm_token| 0.2600|±  |0.0627|
|                                                                     |       |acc_norm      | 0.2200|±  |0.0592|
|                                                                     |       |acc_norm_pmi  | 0.4200|±  |0.0705|
|lighteval:global_mmlu_ca_deu_cf:high_school_chemistry:5              |      0|acc_norm_token| 0.2653|±  |0.0637|
|                                                                     |       |acc_norm      | 0.2857|±  |0.0652|
|                                                                     |       |acc_norm_pmi  | 0.1633|±  |0.0533|
|lighteval:global_mmlu_ca_deu_cf:high_school_computer_science:5       |      0|acc_norm_token| 0.1224|±  |0.0473|
|                                                                     |       |acc_norm      | 0.1633|±  |0.0533|
|                                                                     |       |acc_norm_pmi  | 0.2449|±  |0.0621|
|lighteval:global_mmlu_ca_deu_cf:high_school_european_history:5       |      0|acc_norm_token| 0.1429|±  |0.0971|
|                                                                     |       |acc_norm      | 0.3571|±  |0.1329|
|                                                                     |       |acc_norm_pmi  | 0.2857|±  |0.1253|
|lighteval:global_mmlu_ca_deu_cf:high_school_geography:5              |      0|acc_norm_token| 0.3077|±  |0.0923|
|                                                                     |       |acc_norm      | 0.2692|±  |0.0887|
|                                                                     |       |acc_norm_pmi  | 0.4231|±  |0.0988|
|lighteval:global_mmlu_ca_deu_cf:high_school_government_and_politics:5|      0|acc_norm_token| 1.0000|±  |0.0000|
|                                                                     |       |acc_norm      | 1.0000|±  |0.0000|
|                                                                     |       |acc_norm_pmi  | 0.0000|±  |0.0000|
|lighteval:global_mmlu_ca_deu_cf:high_school_macroeconomics:5         |      0|acc_norm_token| 0.2000|±  |0.0641|
|                                                                     |       |acc_norm      | 0.2500|±  |0.0693|
|                                                                     |       |acc_norm_pmi  | 0.1750|±  |0.0608|
|lighteval:global_mmlu_ca_deu_cf:high_school_mathematics:5            |      0|acc_norm_token| 0.2041|±  |0.0582|
|                                                                     |       |acc_norm      | 0.1837|±  |0.0559|
|                                                                     |       |acc_norm_pmi  | 0.2245|±  |0.0602|
|lighteval:global_mmlu_ca_deu_cf:high_school_microeconomics:5         |      0|acc_norm_token| 0.2245|±  |0.0602|
|                                                                     |       |acc_norm      | 0.3061|±  |0.0665|
|                                                                     |       |acc_norm_pmi  | 0.2857|±  |0.0652|
|lighteval:global_mmlu_ca_deu_cf:high_school_physics:5                |      0|acc_norm_token| 0.3864|±  |0.0743|
|                                                                     |       |acc_norm      | 0.3864|±  |0.0743|
|                                                                     |       |acc_norm_pmi  | 0.3864|±  |0.0743|
|lighteval:global_mmlu_ca_deu_cf:high_school_psychology:5             |      0|acc_norm_token| 0.2222|±  |0.0703|
|                                                                     |       |acc_norm      | 0.1944|±  |0.0669|
|                                                                     |       |acc_norm_pmi  | 0.2500|±  |0.0732|
|lighteval:global_mmlu_ca_deu_cf:high_school_statistics:5             |      0|acc_norm_token| 0.3261|±  |0.0699|
|                                                                     |       |acc_norm      | 0.3696|±  |0.0720|
|                                                                     |       |acc_norm_pmi  | 0.3913|±  |0.0728|
|lighteval:global_mmlu_ca_deu_cf:high_school_us_history:5             |      0|acc_norm_token| 0.2000|±  |0.2000|
|                                                                     |       |acc_norm      | 0.2000|±  |0.2000|
|                                                                     |       |acc_norm_pmi  | 0.2000|±  |0.2000|
|lighteval:global_mmlu_ca_deu_cf:high_school_world_history:5          |      0|acc_norm_token| 0.2667|±  |0.1182|
|                                                                     |       |acc_norm      | 0.1333|±  |0.0909|
|                                                                     |       |acc_norm_pmi  | 0.4667|±  |0.1333|
|lighteval:global_mmlu_ca_deu_cf:professional_accounting:5            |      0|acc_norm_token| 0.3333|±  |0.0797|
|                                                                     |       |acc_norm      | 0.3333|±  |0.0797|
|                                                                     |       |acc_norm_pmi  | 0.3333|±  |0.0797|
|lighteval:global_mmlu_ca_deu_cf:professional_law:5                   |      0|acc_norm_token| 0.3077|±  |0.1332|
|                                                                     |       |acc_norm      | 0.3077|±  |0.1332|
|                                                                     |       |acc_norm_pmi  | 0.2308|±  |0.1216|
|lighteval:global_mmlu_ca_deu_cf:professional_medicine:5              |      0|acc_norm_token| 0.2449|±  |0.0621|
|                                                                     |       |acc_norm      | 0.1837|±  |0.0559|
|                                                                     |       |acc_norm_pmi  | 0.2245|±  |0.0602|
|lighteval:global_mmlu_ca_deu_cf:professional_psychology:5            |      0|acc_norm_token| 0.1667|±  |0.0630|
|                                                                     |       |acc_norm      | 0.1944|±  |0.0669|
|                                                                     |       |acc_norm_pmi  | 0.3333|±  |0.0797|
|lighteval:global_mmlu_ca_eng_cf:_average:5                           |       |acc_norm_token| 0.2415|±  |0.0752|
|                                                                     |       |acc_norm      | 0.2703|±  |0.0953|
|                                                                     |       |acc_norm_pmi  | 0.2745|±  |0.0969|
|lighteval:global_mmlu_ca_eng_cf:college_biology:5                    |      0|acc_norm_token| 0.1633|±  |0.0533|
|                                                                     |       |acc_norm      | 0.2041|±  |0.0582|
|                                                                     |       |acc_norm_pmi  | 0.1429|±  |0.0505|
|lighteval:global_mmlu_ca_eng_cf:college_chemistry:5                  |      0|acc_norm_token| 0.2857|±  |0.0652|
|                                                                     |       |acc_norm      | 0.2449|±  |0.0621|
|                                                                     |       |acc_norm_pmi  | 0.2653|±  |0.0637|
|lighteval:global_mmlu_ca_eng_cf:college_computer_science:5           |      0|acc_norm_token| 0.2600|±  |0.0627|
|                                                                     |       |acc_norm      | 0.1600|±  |0.0524|
|                                                                     |       |acc_norm_pmi  | 0.2800|±  |0.0641|
|lighteval:global_mmlu_ca_eng_cf:college_mathematics:5                |      0|acc_norm_token| 0.1837|±  |0.0559|
|                                                                     |       |acc_norm      | 0.2041|±  |0.0582|
|                                                                     |       |acc_norm_pmi  | 0.3061|±  |0.0665|
|lighteval:global_mmlu_ca_eng_cf:college_medicine:5                   |      0|acc_norm_token| 0.2653|±  |0.0637|
|                                                                     |       |acc_norm      | 0.3469|±  |0.0687|
|                                                                     |       |acc_norm_pmi  | 0.2857|±  |0.0652|
|lighteval:global_mmlu_ca_eng_cf:college_physics:5                    |      0|acc_norm_token| 0.2200|±  |0.0592|
|                                                                     |       |acc_norm      | 0.2000|±  |0.0571|
|                                                                     |       |acc_norm_pmi  | 0.2200|±  |0.0592|
|lighteval:global_mmlu_ca_eng_cf:high_school_biology:5                |      0|acc_norm_token| 0.2600|±  |0.0627|
|                                                                     |       |acc_norm      | 0.2400|±  |0.0610|
|                                                                     |       |acc_norm_pmi  | 0.2800|±  |0.0641|
|lighteval:global_mmlu_ca_eng_cf:high_school_chemistry:5              |      0|acc_norm_token| 0.2245|±  |0.0602|
|                                                                     |       |acc_norm      | 0.2449|±  |0.0621|
|                                                                     |       |acc_norm_pmi  | 0.2449|±  |0.0621|
|lighteval:global_mmlu_ca_eng_cf:high_school_computer_science:5       |      0|acc_norm_token| 0.1020|±  |0.0437|
|                                                                     |       |acc_norm      | 0.1837|±  |0.0559|
|                                                                     |       |acc_norm_pmi  | 0.1837|±  |0.0559|
|lighteval:global_mmlu_ca_eng_cf:high_school_european_history:5       |      0|acc_norm_token| 0.2143|±  |0.1138|
|                                                                     |       |acc_norm      | 0.1429|±  |0.0971|
|                                                                     |       |acc_norm_pmi  | 0.2143|±  |0.1138|
|lighteval:global_mmlu_ca_eng_cf:high_school_geography:5              |      0|acc_norm_token| 0.4231|±  |0.0988|
|                                                                     |       |acc_norm      | 0.3077|±  |0.0923|
|                                                                     |       |acc_norm_pmi  | 0.3077|±  |0.0923|
|lighteval:global_mmlu_ca_eng_cf:high_school_government_and_politics:5|      0|acc_norm_token| 0.0000|±  |0.0000|
|                                                                     |       |acc_norm      | 0.5000|±  |0.5000|
|                                                                     |       |acc_norm_pmi  | 0.5000|±  |0.5000|
|lighteval:global_mmlu_ca_eng_cf:high_school_macroeconomics:5         |      0|acc_norm_token| 0.3500|±  |0.0764|
|                                                                     |       |acc_norm      | 0.5000|±  |0.0801|
|                                                                     |       |acc_norm_pmi  | 0.2500|±  |0.0693|
|lighteval:global_mmlu_ca_eng_cf:high_school_mathematics:5            |      0|acc_norm_token| 0.1837|±  |0.0559|
|                                                                     |       |acc_norm      | 0.1633|±  |0.0533|
|                                                                     |       |acc_norm_pmi  | 0.2245|±  |0.0602|
|lighteval:global_mmlu_ca_eng_cf:high_school_microeconomics:5         |      0|acc_norm_token| 0.2653|±  |0.0637|
|                                                                     |       |acc_norm      | 0.3673|±  |0.0696|
|                                                                     |       |acc_norm_pmi  | 0.2245|±  |0.0602|
|lighteval:global_mmlu_ca_eng_cf:high_school_physics:5                |      0|acc_norm_token| 0.2727|±  |0.0679|
|                                                                     |       |acc_norm      | 0.3182|±  |0.0710|
|                                                                     |       |acc_norm_pmi  | 0.2955|±  |0.0696|
|lighteval:global_mmlu_ca_eng_cf:high_school_psychology:5             |      0|acc_norm_token| 0.2222|±  |0.0703|
|                                                                     |       |acc_norm      | 0.1389|±  |0.0585|
|                                                                     |       |acc_norm_pmi  | 0.1944|±  |0.0669|
|lighteval:global_mmlu_ca_eng_cf:high_school_statistics:5             |      0|acc_norm_token| 0.1957|±  |0.0591|
|                                                                     |       |acc_norm      | 0.3478|±  |0.0710|
|                                                                     |       |acc_norm_pmi  | 0.3696|±  |0.0720|
|lighteval:global_mmlu_ca_eng_cf:high_school_us_history:5             |      0|acc_norm_token| 0.2000|±  |0.2000|
|                                                                     |       |acc_norm      | 0.2000|±  |0.2000|
|                                                                     |       |acc_norm_pmi  | 0.2000|±  |0.2000|
|lighteval:global_mmlu_ca_eng_cf:high_school_world_history:5          |      0|acc_norm_token| 0.2667|±  |0.1182|
|                                                                     |       |acc_norm      | 0.2667|±  |0.1182|
|                                                                     |       |acc_norm_pmi  | 0.5333|±  |0.1333|
|lighteval:global_mmlu_ca_eng_cf:professional_accounting:5            |      0|acc_norm_token| 0.3333|±  |0.0797|
|                                                                     |       |acc_norm      | 0.5000|±  |0.0845|
|                                                                     |       |acc_norm_pmi  | 0.2222|±  |0.0703|
|lighteval:global_mmlu_ca_eng_cf:professional_law:5                   |      0|acc_norm_token| 0.3077|±  |0.1332|
|                                                                     |       |acc_norm      | 0.2308|±  |0.1216|
|                                                                     |       |acc_norm_pmi  | 0.2308|±  |0.1216|
|lighteval:global_mmlu_ca_eng_cf:professional_medicine:5              |      0|acc_norm_token| 0.3469|±  |0.0687|
|                                                                     |       |acc_norm      | 0.2245|±  |0.0602|
|                                                                     |       |acc_norm_pmi  | 0.3061|±  |0.0665|
|lighteval:global_mmlu_ca_eng_cf:professional_psychology:5            |      0|acc_norm_token| 0.2500|±  |0.0732|
|                                                                     |       |acc_norm      | 0.2500|±  |0.0732|
|                                                                     |       |acc_norm_pmi  | 0.3056|±  |0.0779|
|lighteval:global_mmlu_ca_fra_cf:_average:5                           |       |acc_norm_token| 0.2517|±  |0.0953|
|                                                                     |       |acc_norm      | 0.2433|±  |0.0869|
|                                                                     |       |acc_norm_pmi  | 0.2427|±  |0.0751|
|lighteval:global_mmlu_ca_fra_cf:college_biology:5                    |      0|acc_norm_token| 0.2449|±  |0.0621|
|                                                                     |       |acc_norm      | 0.2041|±  |0.0582|
|                                                                     |       |acc_norm_pmi  | 0.2245|±  |0.0602|
|lighteval:global_mmlu_ca_fra_cf:college_chemistry:5                  |      0|acc_norm_token| 0.2245|±  |0.0602|
|                                                                     |       |acc_norm      | 0.2245|±  |0.0602|
|                                                                     |       |acc_norm_pmi  | 0.2653|±  |0.0637|
|lighteval:global_mmlu_ca_fra_cf:college_computer_science:5           |      0|acc_norm_token| 0.2000|±  |0.0571|
|                                                                     |       |acc_norm      | 0.2000|±  |0.0571|
|                                                                     |       |acc_norm_pmi  | 0.2000|±  |0.0571|
|lighteval:global_mmlu_ca_fra_cf:college_mathematics:5                |      0|acc_norm_token| 0.2041|±  |0.0582|
|                                                                     |       |acc_norm      | 0.1837|±  |0.0559|
|                                                                     |       |acc_norm_pmi  | 0.2245|±  |0.0602|
|lighteval:global_mmlu_ca_fra_cf:college_medicine:5                   |      0|acc_norm_token| 0.2449|±  |0.0621|
|                                                                     |       |acc_norm      | 0.3061|±  |0.0665|
|                                                                     |       |acc_norm_pmi  | 0.2857|±  |0.0652|
|lighteval:global_mmlu_ca_fra_cf:college_physics:5                    |      0|acc_norm_token| 0.1800|±  |0.0549|
|                                                                     |       |acc_norm      | 0.1400|±  |0.0496|
|                                                                     |       |acc_norm_pmi  | 0.1400|±  |0.0496|
|lighteval:global_mmlu_ca_fra_cf:high_school_biology:5                |      0|acc_norm_token| 0.2600|±  |0.0627|
|                                                                     |       |acc_norm      | 0.1800|±  |0.0549|
|                                                                     |       |acc_norm_pmi  | 0.3400|±  |0.0677|
|lighteval:global_mmlu_ca_fra_cf:high_school_chemistry:5              |      0|acc_norm_token| 0.1837|±  |0.0559|
|                                                                     |       |acc_norm      | 0.1633|±  |0.0533|
|                                                                     |       |acc_norm_pmi  | 0.1837|±  |0.0559|
|lighteval:global_mmlu_ca_fra_cf:high_school_computer_science:5       |      0|acc_norm_token| 0.0816|±  |0.0395|
|                                                                     |       |acc_norm      | 0.2041|±  |0.0582|
|                                                                     |       |acc_norm_pmi  | 0.1633|±  |0.0533|
|lighteval:global_mmlu_ca_fra_cf:high_school_european_history:5       |      0|acc_norm_token| 0.2857|±  |0.1253|
|                                                                     |       |acc_norm      | 0.2857|±  |0.1253|
|                                                                     |       |acc_norm_pmi  | 0.4286|±  |0.1373|
|lighteval:global_mmlu_ca_fra_cf:high_school_geography:5              |      0|acc_norm_token| 0.3846|±  |0.0973|
|                                                                     |       |acc_norm      | 0.1154|±  |0.0639|
|                                                                     |       |acc_norm_pmi  | 0.1923|±  |0.0788|
|lighteval:global_mmlu_ca_fra_cf:high_school_government_and_politics:5|      0|acc_norm_token| 0.5000|±  |0.5000|
|                                                                     |       |acc_norm      | 0.5000|±  |0.5000|
|                                                                     |       |acc_norm_pmi  | 0.0000|±  |0.0000|
|lighteval:global_mmlu_ca_fra_cf:high_school_macroeconomics:5         |      0|acc_norm_token| 0.2750|±  |0.0715|
|                                                                     |       |acc_norm      | 0.2250|±  |0.0669|
|                                                                     |       |acc_norm_pmi  | 0.2250|±  |0.0669|
|lighteval:global_mmlu_ca_fra_cf:high_school_mathematics:5            |      0|acc_norm_token| 0.2041|±  |0.0582|
|                                                                     |       |acc_norm      | 0.2041|±  |0.0582|
|                                                                     |       |acc_norm_pmi  | 0.2449|±  |0.0621|
|lighteval:global_mmlu_ca_fra_cf:high_school_microeconomics:5         |      0|acc_norm_token| 0.2245|±  |0.0602|
|                                                                     |       |acc_norm      | 0.2857|±  |0.0652|
|                                                                     |       |acc_norm_pmi  | 0.2041|±  |0.0582|
|lighteval:global_mmlu_ca_fra_cf:high_school_physics:5                |      0|acc_norm_token| 0.3409|±  |0.0723|
|                                                                     |       |acc_norm      | 0.3182|±  |0.0710|
|                                                                     |       |acc_norm_pmi  | 0.2727|±  |0.0679|
|lighteval:global_mmlu_ca_fra_cf:high_school_psychology:5             |      0|acc_norm_token| 0.1389|±  |0.0585|
|                                                                     |       |acc_norm      | 0.2222|±  |0.0703|
|                                                                     |       |acc_norm_pmi  | 0.2778|±  |0.0757|
|lighteval:global_mmlu_ca_fra_cf:high_school_statistics:5             |      0|acc_norm_token| 0.3043|±  |0.0686|
|                                                                     |       |acc_norm      | 0.3043|±  |0.0686|
|                                                                     |       |acc_norm_pmi  | 0.3478|±  |0.0710|
|lighteval:global_mmlu_ca_fra_cf:high_school_us_history:5             |      0|acc_norm_token| 0.2000|±  |0.2000|
|                                                                     |       |acc_norm      | 0.0000|±  |0.0000|
|                                                                     |       |acc_norm_pmi  | 0.2000|±  |0.2000|
|lighteval:global_mmlu_ca_fra_cf:high_school_world_history:5          |      0|acc_norm_token| 0.2667|±  |0.1182|
|                                                                     |       |acc_norm      | 0.3333|±  |0.1260|
|                                                                     |       |acc_norm_pmi  | 0.3333|±  |0.1260|
|lighteval:global_mmlu_ca_fra_cf:professional_accounting:5            |      0|acc_norm_token| 0.2500|±  |0.0732|
|                                                                     |       |acc_norm      | 0.3611|±  |0.0812|
|                                                                     |       |acc_norm_pmi  | 0.2778|±  |0.0757|
|lighteval:global_mmlu_ca_fra_cf:professional_law:5                   |      0|acc_norm_token| 0.3077|±  |0.1332|
|                                                                     |       |acc_norm      | 0.3077|±  |0.1332|
|                                                                     |       |acc_norm_pmi  | 0.1538|±  |0.1042|
|lighteval:global_mmlu_ca_fra_cf:professional_medicine:5              |      0|acc_norm_token| 0.2857|±  |0.0652|
|                                                                     |       |acc_norm      | 0.2653|±  |0.0637|
|                                                                     |       |acc_norm_pmi  | 0.3061|±  |0.0665|
|lighteval:global_mmlu_ca_fra_cf:professional_psychology:5            |      0|acc_norm_token| 0.2500|±  |0.0732|
|                                                                     |       |acc_norm      | 0.3056|±  |0.0779|
|                                                                     |       |acc_norm_pmi  | 0.3333|±  |0.0797|
|lighteval:global_mmlu_ca_hin_cf:_average:5                           |       |acc_norm_token| 0.2326|±  |0.0739|
|                                                                     |       |acc_norm      | 0.2678|±  |0.0977|
|                                                                     |       |acc_norm_pmi  | 0.2531|±  |0.0764|
|lighteval:global_mmlu_ca_hin_cf:college_biology:5                    |      0|acc_norm_token| 0.2653|±  |0.0637|
|                                                                     |       |acc_norm      | 0.2449|±  |0.0621|
|                                                                     |       |acc_norm_pmi  | 0.2857|±  |0.0652|
|lighteval:global_mmlu_ca_hin_cf:college_chemistry:5                  |      0|acc_norm_token| 0.2340|±  |0.0624|
|                                                                     |       |acc_norm      | 0.1277|±  |0.0492|
|                                                                     |       |acc_norm_pmi  | 0.2128|±  |0.0603|
|lighteval:global_mmlu_ca_hin_cf:college_computer_science:5           |      0|acc_norm_token| 0.2400|±  |0.0610|
|                                                                     |       |acc_norm      | 0.2600|±  |0.0627|
|                                                                     |       |acc_norm_pmi  | 0.2400|±  |0.0610|
|lighteval:global_mmlu_ca_hin_cf:college_mathematics:5                |      0|acc_norm_token| 0.2041|±  |0.0582|
|                                                                     |       |acc_norm      | 0.1224|±  |0.0473|
|                                                                     |       |acc_norm_pmi  | 0.3265|±  |0.0677|
|lighteval:global_mmlu_ca_hin_cf:college_medicine:5                   |      0|acc_norm_token| 0.1020|±  |0.0437|
|                                                                     |       |acc_norm      | 0.2245|±  |0.0602|
|                                                                     |       |acc_norm_pmi  | 0.3265|±  |0.0677|
|lighteval:global_mmlu_ca_hin_cf:college_physics:5                    |      0|acc_norm_token| 0.1458|±  |0.0515|
|                                                                     |       |acc_norm      | 0.2500|±  |0.0632|
|                                                                     |       |acc_norm_pmi  | 0.1458|±  |0.0515|
|lighteval:global_mmlu_ca_hin_cf:high_school_biology:5                |      0|acc_norm_token| 0.3400|±  |0.0677|
|                                                                     |       |acc_norm      | 0.1600|±  |0.0524|
|                                                                     |       |acc_norm_pmi  | 0.3200|±  |0.0666|
|lighteval:global_mmlu_ca_hin_cf:high_school_chemistry:5              |      0|acc_norm_token| 0.2500|±  |0.0632|
|                                                                     |       |acc_norm      | 0.2292|±  |0.0613|
|                                                                     |       |acc_norm_pmi  | 0.2708|±  |0.0648|
|lighteval:global_mmlu_ca_hin_cf:high_school_computer_science:5       |      0|acc_norm_token| 0.2245|±  |0.0602|
|                                                                     |       |acc_norm      | 0.2449|±  |0.0621|
|                                                                     |       |acc_norm_pmi  | 0.2653|±  |0.0637|
|lighteval:global_mmlu_ca_hin_cf:high_school_european_history:5       |      0|acc_norm_token| 0.3571|±  |0.1329|
|                                                                     |       |acc_norm      | 0.4286|±  |0.1373|
|                                                                     |       |acc_norm_pmi  | 0.2143|±  |0.1138|
|lighteval:global_mmlu_ca_hin_cf:high_school_geography:5              |      0|acc_norm_token| 0.2692|±  |0.0887|
|                                                                     |       |acc_norm      | 0.1538|±  |0.0722|
|                                                                     |       |acc_norm_pmi  | 0.3077|±  |0.0923|
|lighteval:global_mmlu_ca_hin_cf:high_school_government_and_politics:5|      0|acc_norm_token| 0.0000|±  |0.0000|
|                                                                     |       |acc_norm      | 0.5000|±  |0.5000|
|                                                                     |       |acc_norm_pmi  | 0.0000|±  |0.0000|
|lighteval:global_mmlu_ca_hin_cf:high_school_macroeconomics:5         |      0|acc_norm_token| 0.1750|±  |0.0608|
|                                                                     |       |acc_norm      | 0.2500|±  |0.0693|
|                                                                     |       |acc_norm_pmi  | 0.3000|±  |0.0734|
|lighteval:global_mmlu_ca_hin_cf:high_school_mathematics:5            |      0|acc_norm_token| 0.1224|±  |0.0473|
|                                                                     |       |acc_norm      | 0.1020|±  |0.0437|
|                                                                     |       |acc_norm_pmi  | 0.2653|±  |0.0637|
|lighteval:global_mmlu_ca_hin_cf:high_school_microeconomics:5         |      0|acc_norm_token| 0.1224|±  |0.0473|
|                                                                     |       |acc_norm      | 0.2041|±  |0.0582|
|                                                                     |       |acc_norm_pmi  | 0.3061|±  |0.0665|
|lighteval:global_mmlu_ca_hin_cf:high_school_physics:5                |      0|acc_norm_token| 0.3721|±  |0.0746|
|                                                                     |       |acc_norm      | 0.2558|±  |0.0673|
|                                                                     |       |acc_norm_pmi  | 0.3721|±  |0.0746|
|lighteval:global_mmlu_ca_hin_cf:high_school_psychology:5             |      0|acc_norm_token| 0.2222|±  |0.0703|
|                                                                     |       |acc_norm      | 0.3056|±  |0.0779|
|                                                                     |       |acc_norm_pmi  | 0.2222|±  |0.0703|
|lighteval:global_mmlu_ca_hin_cf:high_school_statistics:5             |      0|acc_norm_token| 0.3261|±  |0.0699|
|                                                                     |       |acc_norm      | 0.3043|±  |0.0686|
|                                                                     |       |acc_norm_pmi  | 0.2391|±  |0.0636|
|lighteval:global_mmlu_ca_hin_cf:high_school_us_history:5             |      0|acc_norm_token| 0.2000|±  |0.2000|
|                                                                     |       |acc_norm      | 0.4000|±  |0.2449|
|                                                                     |       |acc_norm_pmi  | 0.2000|±  |0.2000|
|lighteval:global_mmlu_ca_hin_cf:high_school_world_history:5          |      0|acc_norm_token| 0.5333|±  |0.1333|
|                                                                     |       |acc_norm      | 0.2667|±  |0.1182|
|                                                                     |       |acc_norm_pmi  | 0.2000|±  |0.1069|
|lighteval:global_mmlu_ca_hin_cf:professional_accounting:5            |      0|acc_norm_token| 0.1667|±  |0.0630|
|                                                                     |       |acc_norm      | 0.3611|±  |0.0812|
|                                                                     |       |acc_norm_pmi  | 0.3333|±  |0.0797|
|lighteval:global_mmlu_ca_hin_cf:professional_law:5                   |      0|acc_norm_token| 0.2308|±  |0.1216|
|                                                                     |       |acc_norm      | 0.4615|±  |0.1439|
|                                                                     |       |acc_norm_pmi  | 0.3077|±  |0.1332|
|lighteval:global_mmlu_ca_hin_cf:professional_medicine:5              |      0|acc_norm_token| 0.2857|±  |0.0652|
|                                                                     |       |acc_norm      | 0.2653|±  |0.0637|
|                                                                     |       |acc_norm_pmi  | 0.1633|±  |0.0533|
|lighteval:global_mmlu_ca_hin_cf:professional_psychology:5            |      0|acc_norm_token| 0.1944|±  |0.0669|
|                                                                     |       |acc_norm      | 0.3056|±  |0.0779|
|                                                                     |       |acc_norm_pmi  | 0.2500|±  |0.0732|
|lighteval:global_mmlu_ca_ita_cf:_average:5                           |       |acc_norm_token| 0.2688|±  |0.0982|
|                                                                     |       |acc_norm      | 0.2540|±  |0.0950|
|                                                                     |       |acc_norm_pmi  | 0.3049|±  |0.0772|
|lighteval:global_mmlu_ca_ita_cf:college_biology:5                    |      0|acc_norm_token| 0.2449|±  |0.0621|
|                                                                     |       |acc_norm      | 0.2245|±  |0.0602|
|                                                                     |       |acc_norm_pmi  | 0.3265|±  |0.0677|
|lighteval:global_mmlu_ca_ita_cf:college_chemistry:5                  |      0|acc_norm_token| 0.2245|±  |0.0602|
|                                                                     |       |acc_norm      | 0.2245|±  |0.0602|
|                                                                     |       |acc_norm_pmi  | 0.3061|±  |0.0665|
|lighteval:global_mmlu_ca_ita_cf:college_computer_science:5           |      0|acc_norm_token| 0.3000|±  |0.0655|
|                                                                     |       |acc_norm      | 0.2200|±  |0.0592|
|                                                                     |       |acc_norm_pmi  | 0.3200|±  |0.0666|
|lighteval:global_mmlu_ca_ita_cf:college_mathematics:5                |      0|acc_norm_token| 0.1837|±  |0.0559|
|                                                                     |       |acc_norm      | 0.1837|±  |0.0559|
|                                                                     |       |acc_norm_pmi  | 0.2653|±  |0.0637|
|lighteval:global_mmlu_ca_ita_cf:college_medicine:5                   |      0|acc_norm_token| 0.3061|±  |0.0665|
|                                                                     |       |acc_norm      | 0.3061|±  |0.0665|
|                                                                     |       |acc_norm_pmi  | 0.3265|±  |0.0677|
|lighteval:global_mmlu_ca_ita_cf:college_physics:5                    |      0|acc_norm_token| 0.1600|±  |0.0524|
|                                                                     |       |acc_norm      | 0.1800|±  |0.0549|
|                                                                     |       |acc_norm_pmi  | 0.2600|±  |0.0627|
|lighteval:global_mmlu_ca_ita_cf:high_school_biology:5                |      0|acc_norm_token| 0.2000|±  |0.0571|
|                                                                     |       |acc_norm      | 0.2600|±  |0.0627|
|                                                                     |       |acc_norm_pmi  | 0.3400|±  |0.0677|
|lighteval:global_mmlu_ca_ita_cf:high_school_chemistry:5              |      0|acc_norm_token| 0.2245|±  |0.0602|
|                                                                     |       |acc_norm      | 0.2245|±  |0.0602|
|                                                                     |       |acc_norm_pmi  | 0.2449|±  |0.0621|
|lighteval:global_mmlu_ca_ita_cf:high_school_computer_science:5       |      0|acc_norm_token| 0.1837|±  |0.0559|
|                                                                     |       |acc_norm      | 0.2245|±  |0.0602|
|                                                                     |       |acc_norm_pmi  | 0.2041|±  |0.0582|
|lighteval:global_mmlu_ca_ita_cf:high_school_european_history:5       |      0|acc_norm_token| 0.3571|±  |0.1329|
|                                                                     |       |acc_norm      | 0.3571|±  |0.1329|
|                                                                     |       |acc_norm_pmi  | 0.2143|±  |0.1138|
|lighteval:global_mmlu_ca_ita_cf:high_school_geography:5              |      0|acc_norm_token| 0.2308|±  |0.0843|
|                                                                     |       |acc_norm      | 0.2308|±  |0.0843|
|                                                                     |       |acc_norm_pmi  | 0.3077|±  |0.0923|
|lighteval:global_mmlu_ca_ita_cf:high_school_government_and_politics:5|      0|acc_norm_token| 0.5000|±  |0.5000|
|                                                                     |       |acc_norm      | 0.5000|±  |0.5000|
|                                                                     |       |acc_norm_pmi  | 0.0000|±  |0.0000|
|lighteval:global_mmlu_ca_ita_cf:high_school_macroeconomics:5         |      0|acc_norm_token| 0.2500|±  |0.0693|
|                                                                     |       |acc_norm      | 0.3250|±  |0.0750|
|                                                                     |       |acc_norm_pmi  | 0.2750|±  |0.0715|
|lighteval:global_mmlu_ca_ita_cf:high_school_mathematics:5            |      0|acc_norm_token| 0.1837|±  |0.0559|
|                                                                     |       |acc_norm      | 0.1633|±  |0.0533|
|                                                                     |       |acc_norm_pmi  | 0.2653|±  |0.0637|
|lighteval:global_mmlu_ca_ita_cf:high_school_microeconomics:5         |      0|acc_norm_token| 0.1837|±  |0.0559|
|                                                                     |       |acc_norm      | 0.2449|±  |0.0621|
|                                                                     |       |acc_norm_pmi  | 0.3673|±  |0.0696|
|lighteval:global_mmlu_ca_ita_cf:high_school_physics:5                |      0|acc_norm_token| 0.2955|±  |0.0696|
|                                                                     |       |acc_norm      | 0.3636|±  |0.0734|
|                                                                     |       |acc_norm_pmi  | 0.4318|±  |0.0755|
|lighteval:global_mmlu_ca_ita_cf:high_school_psychology:5             |      0|acc_norm_token| 0.1389|±  |0.0585|
|                                                                     |       |acc_norm      | 0.2500|±  |0.0732|
|                                                                     |       |acc_norm_pmi  | 0.2222|±  |0.0703|
|lighteval:global_mmlu_ca_ita_cf:high_school_statistics:5             |      0|acc_norm_token| 0.3696|±  |0.0720|
|                                                                     |       |acc_norm      | 0.3478|±  |0.0710|
|                                                                     |       |acc_norm_pmi  | 0.3696|±  |0.0720|
|lighteval:global_mmlu_ca_ita_cf:high_school_us_history:5             |      0|acc_norm_token| 0.4000|±  |0.2449|
|                                                                     |       |acc_norm      | 0.2000|±  |0.2000|
|                                                                     |       |acc_norm_pmi  | 0.8000|±  |0.2000|
|lighteval:global_mmlu_ca_ita_cf:high_school_world_history:5          |      0|acc_norm_token| 0.3333|±  |0.1260|
|                                                                     |       |acc_norm      | 0.1333|±  |0.0909|
|                                                                     |       |acc_norm_pmi  | 0.6000|±  |0.1309|
|lighteval:global_mmlu_ca_ita_cf:professional_accounting:5            |      0|acc_norm_token| 0.2500|±  |0.0732|
|                                                                     |       |acc_norm      | 0.2500|±  |0.0732|
|                                                                     |       |acc_norm_pmi  | 0.2222|±  |0.0703|
|lighteval:global_mmlu_ca_ita_cf:professional_law:5                   |      0|acc_norm_token| 0.3077|±  |0.1332|
|                                                                     |       |acc_norm      | 0.2308|±  |0.1216|
|                                                                     |       |acc_norm_pmi  | 0.1538|±  |0.1042|
|lighteval:global_mmlu_ca_ita_cf:professional_medicine:5              |      0|acc_norm_token| 0.3469|±  |0.0687|
|                                                                     |       |acc_norm      | 0.2857|±  |0.0652|
|                                                                     |       |acc_norm_pmi  | 0.2449|±  |0.0621|
|lighteval:global_mmlu_ca_ita_cf:professional_psychology:5            |      0|acc_norm_token| 0.2778|±  |0.0757|
|                                                                     |       |acc_norm      | 0.1667|±  |0.0630|
|                                                                     |       |acc_norm_pmi  | 0.2500|±  |0.0732|
|lighteval:global_mmlu_ca_nld_cf:_average:5                           |       |acc_norm_token| 0.2147|±  |0.0651|
|                                                                     |       |acc_norm      | 0.2525|±  |0.0870|
|                                                                     |       |acc_norm_pmi  | 0.2548|±  |0.0950|
|lighteval:global_mmlu_ca_nld_cf:college_biology:5                    |      0|acc_norm_token| 0.3061|±  |0.0665|
|                                                                     |       |acc_norm      | 0.3265|±  |0.0677|
|                                                                     |       |acc_norm_pmi  | 0.2245|±  |0.0602|
|lighteval:global_mmlu_ca_nld_cf:college_chemistry:5                  |      0|acc_norm_token| 0.2653|±  |0.0637|
|                                                                     |       |acc_norm      | 0.3265|±  |0.0677|
|                                                                     |       |acc_norm_pmi  | 0.3673|±  |0.0696|
|lighteval:global_mmlu_ca_nld_cf:college_computer_science:5           |      0|acc_norm_token| 0.2000|±  |0.0571|
|                                                                     |       |acc_norm      | 0.1800|±  |0.0549|
|                                                                     |       |acc_norm_pmi  | 0.1800|±  |0.0549|
|lighteval:global_mmlu_ca_nld_cf:college_mathematics:5                |      0|acc_norm_token| 0.2857|±  |0.0652|
|                                                                     |       |acc_norm      | 0.3061|±  |0.0665|
|                                                                     |       |acc_norm_pmi  | 0.2449|±  |0.0621|
|lighteval:global_mmlu_ca_nld_cf:college_medicine:5                   |      0|acc_norm_token| 0.2041|±  |0.0582|
|                                                                     |       |acc_norm      | 0.2653|±  |0.0637|
|                                                                     |       |acc_norm_pmi  | 0.2041|±  |0.0582|
|lighteval:global_mmlu_ca_nld_cf:college_physics:5                    |      0|acc_norm_token| 0.2200|±  |0.0592|
|                                                                     |       |acc_norm      | 0.1600|±  |0.0524|
|                                                                     |       |acc_norm_pmi  | 0.2000|±  |0.0571|
|lighteval:global_mmlu_ca_nld_cf:high_school_biology:5                |      0|acc_norm_token| 0.1800|±  |0.0549|
|                                                                     |       |acc_norm      | 0.2200|±  |0.0592|
|                                                                     |       |acc_norm_pmi  | 0.3000|±  |0.0655|
|lighteval:global_mmlu_ca_nld_cf:high_school_chemistry:5              |      0|acc_norm_token| 0.2653|±  |0.0637|
|                                                                     |       |acc_norm      | 0.2857|±  |0.0652|
|                                                                     |       |acc_norm_pmi  | 0.1633|±  |0.0533|
|lighteval:global_mmlu_ca_nld_cf:high_school_computer_science:5       |      0|acc_norm_token| 0.1429|±  |0.0505|
|                                                                     |       |acc_norm      | 0.1837|±  |0.0559|
|                                                                     |       |acc_norm_pmi  | 0.1633|±  |0.0533|
|lighteval:global_mmlu_ca_nld_cf:high_school_european_history:5       |      0|acc_norm_token| 0.3571|±  |0.1329|
|                                                                     |       |acc_norm      | 0.2143|±  |0.1138|
|                                                                     |       |acc_norm_pmi  | 0.2857|±  |0.1253|
|lighteval:global_mmlu_ca_nld_cf:high_school_geography:5              |      0|acc_norm_token| 0.1923|±  |0.0788|
|                                                                     |       |acc_norm      | 0.1923|±  |0.0788|
|                                                                     |       |acc_norm_pmi  | 0.2692|±  |0.0887|
|lighteval:global_mmlu_ca_nld_cf:high_school_government_and_politics:5|      0|acc_norm_token| 0.0000|±  |0.0000|
|                                                                     |       |acc_norm      | 0.5000|±  |0.5000|
|                                                                     |       |acc_norm_pmi  | 0.5000|±  |0.5000|
|lighteval:global_mmlu_ca_nld_cf:high_school_macroeconomics:5         |      0|acc_norm_token| 0.1750|±  |0.0608|
|                                                                     |       |acc_norm      | 0.2750|±  |0.0715|
|                                                                     |       |acc_norm_pmi  | 0.1750|±  |0.0608|
|lighteval:global_mmlu_ca_nld_cf:high_school_mathematics:5            |      0|acc_norm_token| 0.1837|±  |0.0559|
|                                                                     |       |acc_norm      | 0.1633|±  |0.0533|
|                                                                     |       |acc_norm_pmi  | 0.2245|±  |0.0602|
|lighteval:global_mmlu_ca_nld_cf:high_school_microeconomics:5         |      0|acc_norm_token| 0.1837|±  |0.0559|
|                                                                     |       |acc_norm      | 0.2245|±  |0.0602|
|                                                                     |       |acc_norm_pmi  | 0.3469|±  |0.0687|
|lighteval:global_mmlu_ca_nld_cf:high_school_physics:5                |      0|acc_norm_token| 0.3409|±  |0.0723|
|                                                                     |       |acc_norm      | 0.2955|±  |0.0696|
|                                                                     |       |acc_norm_pmi  | 0.3409|±  |0.0723|
|lighteval:global_mmlu_ca_nld_cf:high_school_psychology:5             |      0|acc_norm_token| 0.1667|±  |0.0630|
|                                                                     |       |acc_norm      | 0.2778|±  |0.0757|
|                                                                     |       |acc_norm_pmi  | 0.1111|±  |0.0531|
|lighteval:global_mmlu_ca_nld_cf:high_school_statistics:5             |      0|acc_norm_token| 0.2609|±  |0.0655|
|                                                                     |       |acc_norm      | 0.3261|±  |0.0699|
|                                                                     |       |acc_norm_pmi  | 0.3696|±  |0.0720|
|lighteval:global_mmlu_ca_nld_cf:high_school_us_history:5             |      0|acc_norm_token| 0.0000|±  |0.0000|
|                                                                     |       |acc_norm      | 0.0000|±  |0.0000|
|                                                                     |       |acc_norm_pmi  | 0.2000|±  |0.2000|
|lighteval:global_mmlu_ca_nld_cf:high_school_world_history:5          |      0|acc_norm_token| 0.2000|±  |0.1069|
|                                                                     |       |acc_norm      | 0.2667|±  |0.1182|
|                                                                     |       |acc_norm_pmi  | 0.4000|±  |0.1309|
|lighteval:global_mmlu_ca_nld_cf:professional_accounting:5            |      0|acc_norm_token| 0.3333|±  |0.0797|
|                                                                     |       |acc_norm      | 0.3889|±  |0.0824|
|                                                                     |       |acc_norm_pmi  | 0.1944|±  |0.0669|
|lighteval:global_mmlu_ca_nld_cf:professional_law:5                   |      0|acc_norm_token| 0.2308|±  |0.1216|
|                                                                     |       |acc_norm      | 0.1538|±  |0.1042|
|                                                                     |       |acc_norm_pmi  | 0.2308|±  |0.1216|
|lighteval:global_mmlu_ca_nld_cf:professional_medicine:5              |      0|acc_norm_token| 0.2653|±  |0.0637|
|                                                                     |       |acc_norm      | 0.3061|±  |0.0665|
|                                                                     |       |acc_norm_pmi  | 0.1429|±  |0.0505|
|lighteval:global_mmlu_ca_nld_cf:professional_psychology:5            |      0|acc_norm_token| 0.1944|±  |0.0669|
|                                                                     |       |acc_norm      | 0.2222|±  |0.0703|
|                                                                     |       |acc_norm_pmi  | 0.2778|±  |0.0757|
|lighteval:global_mmlu_ca_por_cf:_average:5                           |       |acc_norm_token| 0.2329|±  |0.0656|
|                                                                     |       |acc_norm      | 0.2644|±  |0.0958|
|                                                                     |       |acc_norm_pmi  | 0.2179|±  |0.0679|
|lighteval:global_mmlu_ca_por_cf:college_biology:5                    |      0|acc_norm_token| 0.2449|±  |0.0621|
|                                                                     |       |acc_norm      | 0.1224|±  |0.0473|
|                                                                     |       |acc_norm_pmi  | 0.1837|±  |0.0559|
|lighteval:global_mmlu_ca_por_cf:college_chemistry:5                  |      0|acc_norm_token| 0.1837|±  |0.0559|
|                                                                     |       |acc_norm      | 0.2449|±  |0.0621|
|                                                                     |       |acc_norm_pmi  | 0.3061|±  |0.0665|
|lighteval:global_mmlu_ca_por_cf:college_computer_science:5           |      0|acc_norm_token| 0.3200|±  |0.0666|
|                                                                     |       |acc_norm      | 0.2600|±  |0.0627|
|                                                                     |       |acc_norm_pmi  | 0.2000|±  |0.0571|
|lighteval:global_mmlu_ca_por_cf:college_mathematics:5                |      0|acc_norm_token| 0.2857|±  |0.0652|
|                                                                     |       |acc_norm      | 0.1429|±  |0.0505|
|                                                                     |       |acc_norm_pmi  | 0.2653|±  |0.0637|
|lighteval:global_mmlu_ca_por_cf:college_medicine:5                   |      0|acc_norm_token| 0.3469|±  |0.0687|
|                                                                     |       |acc_norm      | 0.2449|±  |0.0621|
|                                                                     |       |acc_norm_pmi  | 0.2653|±  |0.0637|
|lighteval:global_mmlu_ca_por_cf:college_physics:5                    |      0|acc_norm_token| 0.2000|±  |0.0571|
|                                                                     |       |acc_norm      | 0.1600|±  |0.0524|
|                                                                     |       |acc_norm_pmi  | 0.0800|±  |0.0388|
|lighteval:global_mmlu_ca_por_cf:high_school_biology:5                |      0|acc_norm_token| 0.2000|±  |0.0571|
|                                                                     |       |acc_norm      | 0.2400|±  |0.0610|
|                                                                     |       |acc_norm_pmi  | 0.3400|±  |0.0677|
|lighteval:global_mmlu_ca_por_cf:high_school_chemistry:5              |      0|acc_norm_token| 0.2449|±  |0.0621|
|                                                                     |       |acc_norm      | 0.3061|±  |0.0665|
|                                                                     |       |acc_norm_pmi  | 0.2449|±  |0.0621|
|lighteval:global_mmlu_ca_por_cf:high_school_computer_science:5       |      0|acc_norm_token| 0.2449|±  |0.0621|
|                                                                     |       |acc_norm      | 0.2041|±  |0.0582|
|                                                                     |       |acc_norm_pmi  | 0.2653|±  |0.0637|
|lighteval:global_mmlu_ca_por_cf:high_school_european_history:5       |      0|acc_norm_token| 0.2143|±  |0.1138|
|                                                                     |       |acc_norm      | 0.3571|±  |0.1329|
|                                                                     |       |acc_norm_pmi  | 0.2857|±  |0.1253|
|lighteval:global_mmlu_ca_por_cf:high_school_geography:5              |      0|acc_norm_token| 0.1154|±  |0.0639|
|                                                                     |       |acc_norm      | 0.3077|±  |0.0923|
|                                                                     |       |acc_norm_pmi  | 0.1154|±  |0.0639|
|lighteval:global_mmlu_ca_por_cf:high_school_government_and_politics:5|      0|acc_norm_token| 0.0000|±  |0.0000|
|                                                                     |       |acc_norm      | 0.5000|±  |0.5000|
|                                                                     |       |acc_norm_pmi  | 0.0000|±  |0.0000|
|lighteval:global_mmlu_ca_por_cf:high_school_macroeconomics:5         |      0|acc_norm_token| 0.4000|±  |0.0784|
|                                                                     |       |acc_norm      | 0.4250|±  |0.0792|
|                                                                     |       |acc_norm_pmi  | 0.2000|±  |0.0641|
|lighteval:global_mmlu_ca_por_cf:high_school_mathematics:5            |      0|acc_norm_token| 0.1633|±  |0.0533|
|                                                                     |       |acc_norm      | 0.1429|±  |0.0505|
|                                                                     |       |acc_norm_pmi  | 0.2245|±  |0.0602|
|lighteval:global_mmlu_ca_por_cf:high_school_microeconomics:5         |      0|acc_norm_token| 0.2653|±  |0.0637|
|                                                                     |       |acc_norm      | 0.2449|±  |0.0621|
|                                                                     |       |acc_norm_pmi  | 0.2857|±  |0.0652|
|lighteval:global_mmlu_ca_por_cf:high_school_physics:5                |      0|acc_norm_token| 0.3409|±  |0.0723|
|                                                                     |       |acc_norm      | 0.2955|±  |0.0696|
|                                                                     |       |acc_norm_pmi  | 0.2955|±  |0.0696|
|lighteval:global_mmlu_ca_por_cf:high_school_psychology:5             |      0|acc_norm_token| 0.2500|±  |0.0732|
|                                                                     |       |acc_norm      | 0.2778|±  |0.0757|
|                                                                     |       |acc_norm_pmi  | 0.1111|±  |0.0531|
|lighteval:global_mmlu_ca_por_cf:high_school_statistics:5             |      0|acc_norm_token| 0.3478|±  |0.0710|
|                                                                     |       |acc_norm      | 0.3478|±  |0.0710|
|                                                                     |       |acc_norm_pmi  | 0.3696|±  |0.0720|
|lighteval:global_mmlu_ca_por_cf:high_school_us_history:5             |      0|acc_norm_token| 0.0000|±  |0.0000|
|                                                                     |       |acc_norm      | 0.2000|±  |0.2000|
|                                                                     |       |acc_norm_pmi  | 0.2000|±  |0.2000|
|lighteval:global_mmlu_ca_por_cf:high_school_world_history:5          |      0|acc_norm_token| 0.2000|±  |0.1069|
|                                                                     |       |acc_norm      | 0.3333|±  |0.1260|
|                                                                     |       |acc_norm_pmi  | 0.4000|±  |0.1309|
|lighteval:global_mmlu_ca_por_cf:professional_accounting:5            |      0|acc_norm_token| 0.2222|±  |0.0703|
|                                                                     |       |acc_norm      | 0.1944|±  |0.0669|
|                                                                     |       |acc_norm_pmi  | 0.1111|±  |0.0531|
|lighteval:global_mmlu_ca_por_cf:professional_law:5                   |      0|acc_norm_token| 0.1538|±  |0.1042|
|                                                                     |       |acc_norm      | 0.1538|±  |0.1042|
|                                                                     |       |acc_norm_pmi  | 0.0000|±  |0.0000|
|lighteval:global_mmlu_ca_por_cf:professional_medicine:5              |      0|acc_norm_token| 0.3673|±  |0.0696|
|                                                                     |       |acc_norm      | 0.3061|±  |0.0665|
|                                                                     |       |acc_norm_pmi  | 0.2857|±  |0.0652|
|lighteval:global_mmlu_ca_por_cf:professional_psychology:5            |      0|acc_norm_token| 0.2778|±  |0.0757|
|                                                                     |       |acc_norm      | 0.3333|±  |0.0797|
|                                                                     |       |acc_norm_pmi  | 0.1944|±  |0.0669|
|lighteval:global_mmlu_ca_rus_cf:_average:5                           |       |acc_norm_token| 0.2688|±  |0.0879|
|                                                                     |       |acc_norm      | 0.2338|±  |0.0754|
|                                                                     |       |acc_norm_pmi  | 0.2929|±  |0.0757|
|lighteval:global_mmlu_ca_rus_cf:college_biology:5                    |      0|acc_norm_token| 0.2245|±  |0.0602|
|                                                                     |       |acc_norm      | 0.2041|±  |0.0582|
|                                                                     |       |acc_norm_pmi  | 0.2857|±  |0.0652|
|lighteval:global_mmlu_ca_rus_cf:college_chemistry:5                  |      0|acc_norm_token| 0.2917|±  |0.0663|
|                                                                     |       |acc_norm      | 0.2708|±  |0.0648|
|                                                                     |       |acc_norm_pmi  | 0.2917|±  |0.0663|
|lighteval:global_mmlu_ca_rus_cf:college_computer_science:5           |      0|acc_norm_token| 0.3600|±  |0.0686|
|                                                                     |       |acc_norm      | 0.3000|±  |0.0655|
|                                                                     |       |acc_norm_pmi  | 0.2800|±  |0.0641|
|lighteval:global_mmlu_ca_rus_cf:college_mathematics:5                |      0|acc_norm_token| 0.2449|±  |0.0621|
|                                                                     |       |acc_norm      | 0.2449|±  |0.0621|
|                                                                     |       |acc_norm_pmi  | 0.2857|±  |0.0652|
|lighteval:global_mmlu_ca_rus_cf:college_medicine:5                   |      0|acc_norm_token| 0.2041|±  |0.0582|
|                                                                     |       |acc_norm      | 0.2653|±  |0.0637|
|                                                                     |       |acc_norm_pmi  | 0.3469|±  |0.0687|
|lighteval:global_mmlu_ca_rus_cf:college_physics:5                    |      0|acc_norm_token| 0.2200|±  |0.0592|
|                                                                     |       |acc_norm      | 0.1800|±  |0.0549|
|                                                                     |       |acc_norm_pmi  | 0.1000|±  |0.0429|
|lighteval:global_mmlu_ca_rus_cf:high_school_biology:5                |      0|acc_norm_token| 0.2000|±  |0.0571|
|                                                                     |       |acc_norm      | 0.1800|±  |0.0549|
|                                                                     |       |acc_norm_pmi  | 0.3200|±  |0.0666|
|lighteval:global_mmlu_ca_rus_cf:high_school_chemistry:5              |      0|acc_norm_token| 0.2449|±  |0.0621|
|                                                                     |       |acc_norm      | 0.2245|±  |0.0602|
|                                                                     |       |acc_norm_pmi  | 0.2041|±  |0.0582|
|lighteval:global_mmlu_ca_rus_cf:high_school_computer_science:5       |      0|acc_norm_token| 0.1837|±  |0.0559|
|                                                                     |       |acc_norm      | 0.2245|±  |0.0602|
|                                                                     |       |acc_norm_pmi  | 0.2857|±  |0.0652|
|lighteval:global_mmlu_ca_rus_cf:high_school_european_history:5       |      0|acc_norm_token| 0.3571|±  |0.1329|
|                                                                     |       |acc_norm      | 0.2857|±  |0.1253|
|                                                                     |       |acc_norm_pmi  | 0.1429|±  |0.0971|
|lighteval:global_mmlu_ca_rus_cf:high_school_geography:5              |      0|acc_norm_token| 0.4231|±  |0.0988|
|                                                                     |       |acc_norm      | 0.2308|±  |0.0843|
|                                                                     |       |acc_norm_pmi  | 0.3462|±  |0.0951|
|lighteval:global_mmlu_ca_rus_cf:high_school_government_and_politics:5|      0|acc_norm_token| 0.5000|±  |0.5000|
|                                                                     |       |acc_norm      | 0.0000|±  |0.0000|
|                                                                     |       |acc_norm_pmi  | 1.0000|±  |0.0000|
|lighteval:global_mmlu_ca_rus_cf:high_school_macroeconomics:5         |      0|acc_norm_token| 0.3000|±  |0.0734|
|                                                                     |       |acc_norm      | 0.2750|±  |0.0715|
|                                                                     |       |acc_norm_pmi  | 0.3000|±  |0.0734|
|lighteval:global_mmlu_ca_rus_cf:high_school_mathematics:5            |      0|acc_norm_token| 0.1837|±  |0.0559|
|                                                                     |       |acc_norm      | 0.1633|±  |0.0533|
|                                                                     |       |acc_norm_pmi  | 0.2041|±  |0.0582|
|lighteval:global_mmlu_ca_rus_cf:high_school_microeconomics:5         |      0|acc_norm_token| 0.2245|±  |0.0602|
|                                                                     |       |acc_norm      | 0.2245|±  |0.0602|
|                                                                     |       |acc_norm_pmi  | 0.3469|±  |0.0687|
|lighteval:global_mmlu_ca_rus_cf:high_school_physics:5                |      0|acc_norm_token| 0.3864|±  |0.0743|
|                                                                     |       |acc_norm      | 0.3182|±  |0.0710|
|                                                                     |       |acc_norm_pmi  | 0.3182|±  |0.0710|
|lighteval:global_mmlu_ca_rus_cf:high_school_psychology:5             |      0|acc_norm_token| 0.1944|±  |0.0669|
|                                                                     |       |acc_norm      | 0.1667|±  |0.0630|
|                                                                     |       |acc_norm_pmi  | 0.2500|±  |0.0732|
|lighteval:global_mmlu_ca_rus_cf:high_school_statistics:5             |      0|acc_norm_token| 0.2826|±  |0.0671|
|                                                                     |       |acc_norm      | 0.3043|±  |0.0686|
|                                                                     |       |acc_norm_pmi  | 0.2609|±  |0.0655|
|lighteval:global_mmlu_ca_rus_cf:high_school_us_history:5             |      0|acc_norm_token| 0.0000|±  |0.0000|
|                                                                     |       |acc_norm      | 0.4000|±  |0.2449|
|                                                                     |       |acc_norm_pmi  | 0.2000|±  |0.2000|
|lighteval:global_mmlu_ca_rus_cf:high_school_world_history:5          |      0|acc_norm_token| 0.0667|±  |0.0667|
|                                                                     |       |acc_norm      | 0.1333|±  |0.0909|
|                                                                     |       |acc_norm_pmi  | 0.3333|±  |0.1260|
|lighteval:global_mmlu_ca_rus_cf:professional_accounting:5            |      0|acc_norm_token| 0.2500|±  |0.0732|
|                                                                     |       |acc_norm      | 0.3056|±  |0.0779|
|                                                                     |       |acc_norm_pmi  | 0.2500|±  |0.0732|
|lighteval:global_mmlu_ca_rus_cf:professional_law:5                   |      0|acc_norm_token| 0.4615|±  |0.1439|
|                                                                     |       |acc_norm      | 0.2308|±  |0.1216|
|                                                                     |       |acc_norm_pmi  | 0.2308|±  |0.1216|
|lighteval:global_mmlu_ca_rus_cf:professional_medicine:5              |      0|acc_norm_token| 0.2857|±  |0.0652|
|                                                                     |       |acc_norm      | 0.2857|±  |0.0652|
|                                                                     |       |acc_norm_pmi  | 0.2245|±  |0.0602|
|lighteval:global_mmlu_ca_rus_cf:professional_psychology:5            |      0|acc_norm_token| 0.3611|±  |0.0812|
|                                                                     |       |acc_norm      | 0.1944|±  |0.0669|
|                                                                     |       |acc_norm_pmi  | 0.2222|±  |0.0703|
|lighteval:global_mmlu_ca_spa_cf:_average:5                           |       |acc_norm_token| 0.2648|±  |0.0717|
|                                                                     |       |acc_norm      | 0.2734|±  |0.0741|
|                                                                     |       |acc_norm_pmi  | 0.2529|±  |0.0870|
|lighteval:global_mmlu_ca_spa_cf:college_biology:5                    |      0|acc_norm_token| 0.3265|±  |0.0677|
|                                                                     |       |acc_norm      | 0.2245|±  |0.0602|
|                                                                     |       |acc_norm_pmi  | 0.3673|±  |0.0696|
|lighteval:global_mmlu_ca_spa_cf:college_chemistry:5                  |      0|acc_norm_token| 0.2449|±  |0.0621|
|                                                                     |       |acc_norm      | 0.1837|±  |0.0559|
|                                                                     |       |acc_norm_pmi  | 0.3061|±  |0.0665|
|lighteval:global_mmlu_ca_spa_cf:college_computer_science:5           |      0|acc_norm_token| 0.3200|±  |0.0666|
|                                                                     |       |acc_norm      | 0.2600|±  |0.0627|
|                                                                     |       |acc_norm_pmi  | 0.2200|±  |0.0592|
|lighteval:global_mmlu_ca_spa_cf:college_mathematics:5                |      0|acc_norm_token| 0.2041|±  |0.0582|
|                                                                     |       |acc_norm      | 0.1633|±  |0.0533|
|                                                                     |       |acc_norm_pmi  | 0.2653|±  |0.0637|
|lighteval:global_mmlu_ca_spa_cf:college_medicine:5                   |      0|acc_norm_token| 0.3061|±  |0.0665|
|                                                                     |       |acc_norm      | 0.3673|±  |0.0696|
|                                                                     |       |acc_norm_pmi  | 0.3265|±  |0.0677|
|lighteval:global_mmlu_ca_spa_cf:college_physics:5                    |      0|acc_norm_token| 0.1633|±  |0.0533|
|                                                                     |       |acc_norm      | 0.1429|±  |0.0505|
|                                                                     |       |acc_norm_pmi  | 0.0816|±  |0.0395|
|lighteval:global_mmlu_ca_spa_cf:high_school_biology:5                |      0|acc_norm_token| 0.1600|±  |0.0524|
|                                                                     |       |acc_norm      | 0.2200|±  |0.0592|
|                                                                     |       |acc_norm_pmi  | 0.3000|±  |0.0655|
|lighteval:global_mmlu_ca_spa_cf:high_school_chemistry:5              |      0|acc_norm_token| 0.1633|±  |0.0533|
|                                                                     |       |acc_norm      | 0.1837|±  |0.0559|
|                                                                     |       |acc_norm_pmi  | 0.2245|±  |0.0602|
|lighteval:global_mmlu_ca_spa_cf:high_school_computer_science:5       |      0|acc_norm_token| 0.1224|±  |0.0473|
|                                                                     |       |acc_norm      | 0.1837|±  |0.0559|
|                                                                     |       |acc_norm_pmi  | 0.2653|±  |0.0637|
|lighteval:global_mmlu_ca_spa_cf:high_school_european_history:5       |      0|acc_norm_token| 0.2857|±  |0.1253|
|                                                                     |       |acc_norm      | 0.4286|±  |0.1373|
|                                                                     |       |acc_norm_pmi  | 0.2143|±  |0.1138|
|lighteval:global_mmlu_ca_spa_cf:high_school_geography:5              |      0|acc_norm_token| 0.2308|±  |0.0843|
|                                                                     |       |acc_norm      | 0.1923|±  |0.0788|
|                                                                     |       |acc_norm_pmi  | 0.1538|±  |0.0722|
|lighteval:global_mmlu_ca_spa_cf:high_school_government_and_politics:5|      0|acc_norm_token| 1.0000|±  |0.0000|
|                                                                     |       |acc_norm      | 1.0000|±  |0.0000|
|                                                                     |       |acc_norm_pmi  | 0.5000|±  |0.5000|
|lighteval:global_mmlu_ca_spa_cf:high_school_macroeconomics:5         |      0|acc_norm_token| 0.2250|±  |0.0669|
|                                                                     |       |acc_norm      | 0.2250|±  |0.0669|
|                                                                     |       |acc_norm_pmi  | 0.3750|±  |0.0775|
|lighteval:global_mmlu_ca_spa_cf:high_school_mathematics:5            |      0|acc_norm_token| 0.2245|±  |0.0602|
|                                                                     |       |acc_norm      | 0.2041|±  |0.0582|
|                                                                     |       |acc_norm_pmi  | 0.2245|±  |0.0602|
|lighteval:global_mmlu_ca_spa_cf:high_school_microeconomics:5         |      0|acc_norm_token| 0.2245|±  |0.0602|
|                                                                     |       |acc_norm      | 0.2449|±  |0.0621|
|                                                                     |       |acc_norm_pmi  | 0.2041|±  |0.0582|
|lighteval:global_mmlu_ca_spa_cf:high_school_physics:5                |      0|acc_norm_token| 0.3182|±  |0.0710|
|                                                                     |       |acc_norm      | 0.2500|±  |0.0660|
|                                                                     |       |acc_norm_pmi  | 0.2727|±  |0.0679|
|lighteval:global_mmlu_ca_spa_cf:high_school_psychology:5             |      0|acc_norm_token| 0.1667|±  |0.0630|
|                                                                     |       |acc_norm      | 0.2500|±  |0.0732|
|                                                                     |       |acc_norm_pmi  | 0.1389|±  |0.0585|
|lighteval:global_mmlu_ca_spa_cf:high_school_statistics:5             |      0|acc_norm_token| 0.3261|±  |0.0699|
|                                                                     |       |acc_norm      | 0.3478|±  |0.0710|
|                                                                     |       |acc_norm_pmi  | 0.3696|±  |0.0720|
|lighteval:global_mmlu_ca_spa_cf:high_school_us_history:5             |      0|acc_norm_token| 0.2000|±  |0.2000|
|                                                                     |       |acc_norm      | 0.4000|±  |0.2449|
|                                                                     |       |acc_norm_pmi  | 0.0000|±  |0.0000|
|lighteval:global_mmlu_ca_spa_cf:high_school_world_history:5          |      0|acc_norm_token| 0.0667|±  |0.0667|
|                                                                     |       |acc_norm      | 0.2000|±  |0.1069|
|                                                                     |       |acc_norm_pmi  | 0.2667|±  |0.1182|
|lighteval:global_mmlu_ca_spa_cf:professional_accounting:5            |      0|acc_norm_token| 0.3056|±  |0.0779|
|                                                                     |       |acc_norm      | 0.3056|±  |0.0779|
|                                                                     |       |acc_norm_pmi  | 0.2222|±  |0.0703|
|lighteval:global_mmlu_ca_spa_cf:professional_law:5                   |      0|acc_norm_token| 0.1538|±  |0.1042|
|                                                                     |       |acc_norm      | 0.0769|±  |0.0769|
|                                                                     |       |acc_norm_pmi  | 0.3846|±  |0.1404|
|lighteval:global_mmlu_ca_spa_cf:professional_medicine:5              |      0|acc_norm_token| 0.3673|±  |0.0696|
|                                                                     |       |acc_norm      | 0.2857|±  |0.0652|
|                                                                     |       |acc_norm_pmi  | 0.1633|±  |0.0533|
|lighteval:global_mmlu_ca_spa_cf:professional_psychology:5            |      0|acc_norm_token| 0.2500|±  |0.0732|
|                                                                     |       |acc_norm      | 0.2222|±  |0.0703|
|                                                                     |       |acc_norm_pmi  | 0.2222|±  |0.0703|
|lighteval:global_mmlu_ca_swe_cf:_average:5                           |       |acc_norm_token| 0.2346|±  |0.0669|
|                                                                     |       |acc_norm      | 0.2694|±  |0.0958|
|                                                                     |       |acc_norm_pmi  | 0.2679|±  |0.0958|
|lighteval:global_mmlu_ca_swe_cf:college_biology:5                    |      0|acc_norm_token| 0.3673|±  |0.0696|
|                                                                     |       |acc_norm      | 0.3265|±  |0.0677|
|                                                                     |       |acc_norm_pmi  | 0.1429|±  |0.0505|
|lighteval:global_mmlu_ca_swe_cf:college_chemistry:5                  |      0|acc_norm_token| 0.2041|±  |0.0582|
|                                                                     |       |acc_norm      | 0.2449|±  |0.0621|
|                                                                     |       |acc_norm_pmi  | 0.3265|±  |0.0677|
|lighteval:global_mmlu_ca_swe_cf:college_computer_science:5           |      0|acc_norm_token| 0.2600|±  |0.0627|
|                                                                     |       |acc_norm      | 0.3000|±  |0.0655|
|                                                                     |       |acc_norm_pmi  | 0.2200|±  |0.0592|
|lighteval:global_mmlu_ca_swe_cf:college_mathematics:5                |      0|acc_norm_token| 0.2857|±  |0.0652|
|                                                                     |       |acc_norm      | 0.2653|±  |0.0637|
|                                                                     |       |acc_norm_pmi  | 0.2857|±  |0.0652|
|lighteval:global_mmlu_ca_swe_cf:college_medicine:5                   |      0|acc_norm_token| 0.2449|±  |0.0621|
|                                                                     |       |acc_norm      | 0.3061|±  |0.0665|
|                                                                     |       |acc_norm_pmi  | 0.2041|±  |0.0582|
|lighteval:global_mmlu_ca_swe_cf:college_physics:5                    |      0|acc_norm_token| 0.2000|±  |0.0571|
|                                                                     |       |acc_norm      | 0.1800|±  |0.0549|
|                                                                     |       |acc_norm_pmi  | 0.1400|±  |0.0496|
|lighteval:global_mmlu_ca_swe_cf:high_school_biology:5                |      0|acc_norm_token| 0.3200|±  |0.0666|
|                                                                     |       |acc_norm      | 0.2800|±  |0.0641|
|                                                                     |       |acc_norm_pmi  | 0.3000|±  |0.0655|
|lighteval:global_mmlu_ca_swe_cf:high_school_chemistry:5              |      0|acc_norm_token| 0.2041|±  |0.0582|
|                                                                     |       |acc_norm      | 0.2041|±  |0.0582|
|                                                                     |       |acc_norm_pmi  | 0.2653|±  |0.0637|
|lighteval:global_mmlu_ca_swe_cf:high_school_computer_science:5       |      0|acc_norm_token| 0.1020|±  |0.0437|
|                                                                     |       |acc_norm      | 0.2653|±  |0.0637|
|                                                                     |       |acc_norm_pmi  | 0.2041|±  |0.0582|
|lighteval:global_mmlu_ca_swe_cf:high_school_european_history:5       |      0|acc_norm_token| 0.4286|±  |0.1373|
|                                                                     |       |acc_norm      | 0.2857|±  |0.1253|
|                                                                     |       |acc_norm_pmi  | 0.2857|±  |0.1253|
|lighteval:global_mmlu_ca_swe_cf:high_school_geography:5              |      0|acc_norm_token| 0.2308|±  |0.0843|
|                                                                     |       |acc_norm      | 0.1154|±  |0.0639|
|                                                                     |       |acc_norm_pmi  | 0.1538|±  |0.0722|
|lighteval:global_mmlu_ca_swe_cf:high_school_government_and_politics:5|      0|acc_norm_token| 0.0000|±  |0.0000|
|                                                                     |       |acc_norm      | 0.5000|±  |0.5000|
|                                                                     |       |acc_norm_pmi  | 0.5000|±  |0.5000|
|lighteval:global_mmlu_ca_swe_cf:high_school_macroeconomics:5         |      0|acc_norm_token| 0.3250|±  |0.0750|
|                                                                     |       |acc_norm      | 0.3750|±  |0.0775|
|                                                                     |       |acc_norm_pmi  | 0.2500|±  |0.0693|
|lighteval:global_mmlu_ca_swe_cf:high_school_mathematics:5            |      0|acc_norm_token| 0.1429|±  |0.0505|
|                                                                     |       |acc_norm      | 0.1429|±  |0.0505|
|                                                                     |       |acc_norm_pmi  | 0.3673|±  |0.0696|
|lighteval:global_mmlu_ca_swe_cf:high_school_microeconomics:5         |      0|acc_norm_token| 0.3061|±  |0.0665|
|                                                                     |       |acc_norm      | 0.3265|±  |0.0677|
|                                                                     |       |acc_norm_pmi  | 0.2245|±  |0.0602|
|lighteval:global_mmlu_ca_swe_cf:high_school_physics:5                |      0|acc_norm_token| 0.2273|±  |0.0639|
|                                                                     |       |acc_norm      | 0.2045|±  |0.0615|
|                                                                     |       |acc_norm_pmi  | 0.3182|±  |0.0710|
|lighteval:global_mmlu_ca_swe_cf:high_school_psychology:5             |      0|acc_norm_token| 0.1944|±  |0.0669|
|                                                                     |       |acc_norm      | 0.3056|±  |0.0779|
|                                                                     |       |acc_norm_pmi  | 0.2500|±  |0.0732|
|lighteval:global_mmlu_ca_swe_cf:high_school_statistics:5             |      0|acc_norm_token| 0.3261|±  |0.0699|
|                                                                     |       |acc_norm      | 0.2609|±  |0.0655|
|                                                                     |       |acc_norm_pmi  | 0.3696|±  |0.0720|
|lighteval:global_mmlu_ca_swe_cf:high_school_us_history:5             |      0|acc_norm_token| 0.0000|±  |0.0000|
|                                                                     |       |acc_norm      | 0.2000|±  |0.2000|
|                                                                     |       |acc_norm_pmi  | 0.2000|±  |0.2000|
|lighteval:global_mmlu_ca_swe_cf:high_school_world_history:5          |      0|acc_norm_token| 0.2667|±  |0.1182|
|                                                                     |       |acc_norm      | 0.1333|±  |0.0909|
|                                                                     |       |acc_norm_pmi  | 0.4667|±  |0.1333|
|lighteval:global_mmlu_ca_swe_cf:professional_accounting:5            |      0|acc_norm_token| 0.1944|±  |0.0669|
|                                                                     |       |acc_norm      | 0.2778|±  |0.0757|
|                                                                     |       |acc_norm_pmi  | 0.3611|±  |0.0812|
|lighteval:global_mmlu_ca_swe_cf:professional_law:5                   |      0|acc_norm_token| 0.3077|±  |0.1332|
|                                                                     |       |acc_norm      | 0.3846|±  |0.1404|
|                                                                     |       |acc_norm_pmi  | 0.1538|±  |0.1042|
|lighteval:global_mmlu_ca_swe_cf:professional_medicine:5              |      0|acc_norm_token| 0.3265|±  |0.0677|
|                                                                     |       |acc_norm      | 0.3878|±  |0.0703|
|                                                                     |       |acc_norm_pmi  | 0.2449|±  |0.0621|
|lighteval:global_mmlu_ca_swe_cf:professional_psychology:5            |      0|acc_norm_token| 0.1667|±  |0.0630|
|                                                                     |       |acc_norm      | 0.1944|±  |0.0669|
|                                                                     |       |acc_norm_pmi  | 0.1944|±  |0.0669|
|lighteval:global_mmlu_ca_tur_cf:_average:5                           |       |acc_norm_token| 0.2624|±  |0.0970|
|                                                                     |       |acc_norm      | 0.2398|±  |0.0751|
|                                                                     |       |acc_norm_pmi  | 0.2610|±  |0.0779|
|lighteval:global_mmlu_ca_tur_cf:college_biology:5                    |      0|acc_norm_token| 0.2041|±  |0.0582|
|                                                                     |       |acc_norm      | 0.2245|±  |0.0602|
|                                                                     |       |acc_norm_pmi  | 0.0408|±  |0.0286|
|lighteval:global_mmlu_ca_tur_cf:college_chemistry:5                  |      0|acc_norm_token| 0.2857|±  |0.0652|
|                                                                     |       |acc_norm      | 0.2857|±  |0.0652|
|                                                                     |       |acc_norm_pmi  | 0.2449|±  |0.0621|
|lighteval:global_mmlu_ca_tur_cf:college_computer_science:5           |      0|acc_norm_token| 0.2600|±  |0.0627|
|                                                                     |       |acc_norm      | 0.1800|±  |0.0549|
|                                                                     |       |acc_norm_pmi  | 0.1000|±  |0.0429|
|lighteval:global_mmlu_ca_tur_cf:college_mathematics:5                |      0|acc_norm_token| 0.2449|±  |0.0621|
|                                                                     |       |acc_norm      | 0.2041|±  |0.0582|
|                                                                     |       |acc_norm_pmi  | 0.2857|±  |0.0652|
|lighteval:global_mmlu_ca_tur_cf:college_medicine:5                   |      0|acc_norm_token| 0.2449|±  |0.0621|
|                                                                     |       |acc_norm      | 0.2653|±  |0.0637|
|                                                                     |       |acc_norm_pmi  | 0.2653|±  |0.0637|
|lighteval:global_mmlu_ca_tur_cf:college_physics:5                    |      0|acc_norm_token| 0.2400|±  |0.0610|
|                                                                     |       |acc_norm      | 0.2200|±  |0.0592|
|                                                                     |       |acc_norm_pmi  | 0.2800|±  |0.0641|
|lighteval:global_mmlu_ca_tur_cf:high_school_biology:5                |      0|acc_norm_token| 0.2000|±  |0.0571|
|                                                                     |       |acc_norm      | 0.1600|±  |0.0524|
|                                                                     |       |acc_norm_pmi  | 0.3200|±  |0.0666|
|lighteval:global_mmlu_ca_tur_cf:high_school_chemistry:5              |      0|acc_norm_token| 0.3061|±  |0.0665|
|                                                                     |       |acc_norm      | 0.2857|±  |0.0652|
|                                                                     |       |acc_norm_pmi  | 0.3061|±  |0.0665|
|lighteval:global_mmlu_ca_tur_cf:high_school_computer_science:5       |      0|acc_norm_token| 0.1633|±  |0.0533|
|                                                                     |       |acc_norm      | 0.2653|±  |0.0637|
|                                                                     |       |acc_norm_pmi  | 0.3061|±  |0.0665|
|lighteval:global_mmlu_ca_tur_cf:high_school_european_history:5       |      0|acc_norm_token| 0.1429|±  |0.0971|
|                                                                     |       |acc_norm      | 0.2857|±  |0.1253|
|                                                                     |       |acc_norm_pmi  | 0.3571|±  |0.1329|
|lighteval:global_mmlu_ca_tur_cf:high_school_geography:5              |      0|acc_norm_token| 0.3846|±  |0.0973|
|                                                                     |       |acc_norm      | 0.3077|±  |0.0923|
|                                                                     |       |acc_norm_pmi  | 0.3462|±  |0.0951|
|lighteval:global_mmlu_ca_tur_cf:high_school_government_and_politics:5|      0|acc_norm_token| 0.5000|±  |0.5000|
|                                                                     |       |acc_norm      | 0.0000|±  |0.0000|
|                                                                     |       |acc_norm_pmi  | 0.0000|±  |0.0000|
|lighteval:global_mmlu_ca_tur_cf:high_school_macroeconomics:5         |      0|acc_norm_token| 0.2250|±  |0.0669|
|                                                                     |       |acc_norm      | 0.3250|±  |0.0750|
|                                                                     |       |acc_norm_pmi  | 0.4000|±  |0.0784|
|lighteval:global_mmlu_ca_tur_cf:high_school_mathematics:5            |      0|acc_norm_token| 0.1429|±  |0.0505|
|                                                                     |       |acc_norm      | 0.1224|±  |0.0473|
|                                                                     |       |acc_norm_pmi  | 0.2449|±  |0.0621|
|lighteval:global_mmlu_ca_tur_cf:high_school_microeconomics:5         |      0|acc_norm_token| 0.2041|±  |0.0582|
|                                                                     |       |acc_norm      | 0.2857|±  |0.0652|
|                                                                     |       |acc_norm_pmi  | 0.2041|±  |0.0582|
|lighteval:global_mmlu_ca_tur_cf:high_school_physics:5                |      0|acc_norm_token| 0.3182|±  |0.0710|
|                                                                     |       |acc_norm      | 0.2727|±  |0.0679|
|                                                                     |       |acc_norm_pmi  | 0.2273|±  |0.0639|
|lighteval:global_mmlu_ca_tur_cf:high_school_psychology:5             |      0|acc_norm_token| 0.1389|±  |0.0585|
|                                                                     |       |acc_norm      | 0.1944|±  |0.0669|
|                                                                     |       |acc_norm_pmi  | 0.2500|±  |0.0732|
|lighteval:global_mmlu_ca_tur_cf:high_school_statistics:5             |      0|acc_norm_token| 0.2609|±  |0.0655|
|                                                                     |       |acc_norm      | 0.2826|±  |0.0671|
|                                                                     |       |acc_norm_pmi  | 0.1739|±  |0.0565|
|lighteval:global_mmlu_ca_tur_cf:high_school_us_history:5             |      0|acc_norm_token| 0.4000|±  |0.2449|
|                                                                     |       |acc_norm      | 0.2000|±  |0.2000|
|                                                                     |       |acc_norm_pmi  | 0.4000|±  |0.2449|
|lighteval:global_mmlu_ca_tur_cf:high_school_world_history:5          |      0|acc_norm_token| 0.2667|±  |0.1182|
|                                                                     |       |acc_norm      | 0.2000|±  |0.1069|
|                                                                     |       |acc_norm_pmi  | 0.3333|±  |0.1260|
|lighteval:global_mmlu_ca_tur_cf:professional_accounting:5            |      0|acc_norm_token| 0.3333|±  |0.0797|
|                                                                     |       |acc_norm      | 0.3611|±  |0.0812|
|                                                                     |       |acc_norm_pmi  | 0.2778|±  |0.0757|
|lighteval:global_mmlu_ca_tur_cf:professional_law:5                   |      0|acc_norm_token| 0.3077|±  |0.1332|
|                                                                     |       |acc_norm      | 0.2308|±  |0.1216|
|                                                                     |       |acc_norm_pmi  | 0.3846|±  |0.1404|
|lighteval:global_mmlu_ca_tur_cf:professional_medicine:5              |      0|acc_norm_token| 0.2449|±  |0.0621|
|                                                                     |       |acc_norm      | 0.3469|±  |0.0687|
|                                                                     |       |acc_norm_pmi  | 0.2653|±  |0.0637|
|lighteval:global_mmlu_ca_tur_cf:professional_psychology:5            |      0|acc_norm_token| 0.2778|±  |0.0757|
|                                                                     |       |acc_norm      | 0.2500|±  |0.0732|
|                                                                     |       |acc_norm_pmi  | 0.2500|±  |0.0732|
|lighteval:global_mmlu_ca_zho_cf:_average:5                           |       |acc_norm_token| 0.2329|±  |0.0668|
|                                                                     |       |acc_norm      | 0.2433|±  |0.0759|
|                                                                     |       |acc_norm_pmi  | 0.2891|±  |0.0987|
|lighteval:global_mmlu_ca_zho_cf:college_biology:5                    |      0|acc_norm_token| 0.2245|±  |0.0602|
|                                                                     |       |acc_norm      | 0.1429|±  |0.0505|
|                                                                     |       |acc_norm_pmi  | 0.4082|±  |0.0709|
|lighteval:global_mmlu_ca_zho_cf:college_chemistry:5                  |      0|acc_norm_token| 0.2041|±  |0.0582|
|                                                                     |       |acc_norm      | 0.1837|±  |0.0559|
|                                                                     |       |acc_norm_pmi  | 0.2857|±  |0.0652|
|lighteval:global_mmlu_ca_zho_cf:college_computer_science:5           |      0|acc_norm_token| 0.2200|±  |0.0592|
|                                                                     |       |acc_norm      | 0.2000|±  |0.0571|
|                                                                     |       |acc_norm_pmi  | 0.1600|±  |0.0524|
|lighteval:global_mmlu_ca_zho_cf:college_mathematics:5                |      0|acc_norm_token| 0.2245|±  |0.0602|
|                                                                     |       |acc_norm      | 0.1020|±  |0.0437|
|                                                                     |       |acc_norm_pmi  | 0.2653|±  |0.0637|
|lighteval:global_mmlu_ca_zho_cf:college_medicine:5                   |      0|acc_norm_token| 0.2245|±  |0.0602|
|                                                                     |       |acc_norm      | 0.1633|±  |0.0533|
|                                                                     |       |acc_norm_pmi  | 0.3469|±  |0.0687|
|lighteval:global_mmlu_ca_zho_cf:college_physics:5                    |      0|acc_norm_token| 0.1800|±  |0.0549|
|                                                                     |       |acc_norm      | 0.0800|±  |0.0388|
|                                                                     |       |acc_norm_pmi  | 0.1800|±  |0.0549|
|lighteval:global_mmlu_ca_zho_cf:high_school_biology:5                |      0|acc_norm_token| 0.3000|±  |0.0655|
|                                                                     |       |acc_norm      | 0.3000|±  |0.0655|
|                                                                     |       |acc_norm_pmi  | 0.3200|±  |0.0666|
|lighteval:global_mmlu_ca_zho_cf:high_school_chemistry:5              |      0|acc_norm_token| 0.1633|±  |0.0533|
|                                                                     |       |acc_norm      | 0.1429|±  |0.0505|
|                                                                     |       |acc_norm_pmi  | 0.2857|±  |0.0652|
|lighteval:global_mmlu_ca_zho_cf:high_school_computer_science:5       |      0|acc_norm_token| 0.2857|±  |0.0652|
|                                                                     |       |acc_norm      | 0.2449|±  |0.0621|
|                                                                     |       |acc_norm_pmi  | 0.3469|±  |0.0687|
|lighteval:global_mmlu_ca_zho_cf:high_school_european_history:5       |      0|acc_norm_token| 0.2857|±  |0.1253|
|                                                                     |       |acc_norm      | 0.3571|±  |0.1329|
|                                                                     |       |acc_norm_pmi  | 0.1429|±  |0.0971|
|lighteval:global_mmlu_ca_zho_cf:high_school_geography:5              |      0|acc_norm_token| 0.2692|±  |0.0887|
|                                                                     |       |acc_norm      | 0.2308|±  |0.0843|
|                                                                     |       |acc_norm_pmi  | 0.3077|±  |0.0923|
|lighteval:global_mmlu_ca_zho_cf:high_school_government_and_politics:5|      0|acc_norm_token| 0.0000|±  |0.0000|
|                                                                     |       |acc_norm      | 0.0000|±  |0.0000|
|                                                                     |       |acc_norm_pmi  | 0.5000|±  |0.5000|
|lighteval:global_mmlu_ca_zho_cf:high_school_macroeconomics:5         |      0|acc_norm_token| 0.2000|±  |0.0641|
|                                                                     |       |acc_norm      | 0.2500|±  |0.0693|
|                                                                     |       |acc_norm_pmi  | 0.3000|±  |0.0734|
|lighteval:global_mmlu_ca_zho_cf:high_school_mathematics:5            |      0|acc_norm_token| 0.1020|±  |0.0437|
|                                                                     |       |acc_norm      | 0.1020|±  |0.0437|
|                                                                     |       |acc_norm_pmi  | 0.2245|±  |0.0602|
|lighteval:global_mmlu_ca_zho_cf:high_school_microeconomics:5         |      0|acc_norm_token| 0.3061|±  |0.0665|
|                                                                     |       |acc_norm      | 0.3673|±  |0.0696|
|                                                                     |       |acc_norm_pmi  | 0.2245|±  |0.0602|
|lighteval:global_mmlu_ca_zho_cf:high_school_physics:5                |      0|acc_norm_token| 0.1818|±  |0.0588|
|                                                                     |       |acc_norm      | 0.2045|±  |0.0615|
|                                                                     |       |acc_norm_pmi  | 0.2955|±  |0.0696|
|lighteval:global_mmlu_ca_zho_cf:high_school_psychology:5             |      0|acc_norm_token| 0.3056|±  |0.0779|
|                                                                     |       |acc_norm      | 0.3333|±  |0.0797|
|                                                                     |       |acc_norm_pmi  | 0.2222|±  |0.0703|
|lighteval:global_mmlu_ca_zho_cf:high_school_statistics:5             |      0|acc_norm_token| 0.3696|±  |0.0720|
|                                                                     |       |acc_norm      | 0.3261|±  |0.0699|
|                                                                     |       |acc_norm_pmi  | 0.2609|±  |0.0655|
|lighteval:global_mmlu_ca_zho_cf:high_school_us_history:5             |      0|acc_norm_token| 0.0000|±  |0.0000|
|                                                                     |       |acc_norm      | 0.4000|±  |0.2449|
|                                                                     |       |acc_norm_pmi  | 0.4000|±  |0.2449|
|lighteval:global_mmlu_ca_zho_cf:high_school_world_history:5          |      0|acc_norm_token| 0.2000|±  |0.1069|
|                                                                     |       |acc_norm      | 0.2667|±  |0.1182|
|                                                                     |       |acc_norm_pmi  | 0.5333|±  |0.1333|
|lighteval:global_mmlu_ca_zho_cf:professional_accounting:5            |      0|acc_norm_token| 0.3611|±  |0.0812|
|                                                                     |       |acc_norm      | 0.3333|±  |0.0797|
|                                                                     |       |acc_norm_pmi  | 0.2222|±  |0.0703|
|lighteval:global_mmlu_ca_zho_cf:professional_law:5                   |      0|acc_norm_token| 0.3077|±  |0.1332|
|                                                                     |       |acc_norm      | 0.3846|±  |0.1404|
|                                                                     |       |acc_norm_pmi  | 0.2308|±  |0.1216|
|lighteval:global_mmlu_ca_zho_cf:professional_medicine:5              |      0|acc_norm_token| 0.2857|±  |0.0652|
|                                                                     |       |acc_norm      | 0.3061|±  |0.0665|
|                                                                     |       |acc_norm_pmi  | 0.2245|±  |0.0602|
|lighteval:global_mmlu_ca_zho_cf:professional_psychology:5            |      0|acc_norm_token| 0.3889|±  |0.0824|
|                                                                     |       |acc_norm      | 0.4167|±  |0.0833|
|                                                                     |       |acc_norm_pmi  | 0.2500|±  |0.0732|
|lighteval:mlmm_hellaswag_ara_cf:5                                    |      0|acc_norm_token| 0.2830|±  |0.0143|
|                                                                     |       |acc_norm      | 0.2700|±  |0.0140|
|lighteval:mlmm_hellaswag_deu_cf:5                                    |      0|acc_norm_token| 0.2550|±  |0.0138|
|                                                                     |       |acc_norm      | 0.3030|±  |0.0145|
|lighteval:mlmm_hellaswag_fra_cf:5                                    |      0|acc_norm_token| 0.2760|±  |0.0141|
|                                                                     |       |acc_norm      | 0.2790|±  |0.0142|
|lighteval:mlmm_hellaswag_hin_cf:5                                    |      0|acc_norm_token| 0.2530|±  |0.0138|
|                                                                     |       |acc_norm      | 0.2590|±  |0.0139|
|lighteval:mlmm_hellaswag_ita_cf:5                                    |      0|acc_norm_token| 0.2840|±  |0.0143|
|                                                                     |       |acc_norm      | 0.2750|±  |0.0141|
|lighteval:mlmm_hellaswag_nld_cf:5                                    |      0|acc_norm_token| 0.2900|±  |0.0144|
|                                                                     |       |acc_norm      | 0.2730|±  |0.0141|
|lighteval:mlmm_hellaswag_por_cf:5                                    |      0|acc_norm_token| 0.2540|±  |0.0138|
|                                                                     |       |acc_norm      | 0.2770|±  |0.0142|
|lighteval:mlmm_hellaswag_rus_cf:5                                    |      0|acc_norm_token| 0.2610|±  |0.0139|
|                                                                     |       |acc_norm      | 0.2830|±  |0.0143|
|lighteval:mlmm_hellaswag_spa_cf:5                                    |      0|acc_norm_token| 0.3020|±  |0.0145|
|                                                                     |       |acc_norm      | 0.2990|±  |0.0145|
|lighteval:mlmm_hellaswag_swe_cf:5                                    |      0|acc_norm_token| 0.2660|±  |0.0140|
|                                                                     |       |acc_norm      | 0.2540|±  |0.0138|
|lighteval:mlmm_hellaswag_zho_cf:5                                    |      0|acc_norm_token| 0.2780|±  |0.0142|
|                                                                     |       |acc_norm      | 0.2610|±  |0.0139|
|lighteval:xcsqa_ara_cf:5                                             |      0|acc_norm_token| 0.2420|±  |0.0136|
|                                                                     |       |acc_norm      | 0.2160|±  |0.0130|
|                                                                     |       |acc_norm_pmi  | 0.2360|±  |0.0134|
|lighteval:xcsqa_deu_cf:5                                             |      0|acc_norm_token| 0.2173|±  |0.0131|
|                                                                     |       |acc_norm      | 0.2435|±  |0.0136|
|                                                                     |       |acc_norm_pmi  | 0.2575|±  |0.0139|
|lighteval:xcsqa_eng_cf:5                                             |      0|acc_norm_token| 0.2170|±  |0.0130|
|                                                                     |       |acc_norm      | 0.2500|±  |0.0137|
|                                                                     |       |acc_norm_pmi  | 0.2620|±  |0.0139|
|lighteval:xcsqa_fra_cf:5                                             |      0|acc_norm_token| 0.2170|±  |0.0130|
|                                                                     |       |acc_norm      | 0.2260|±  |0.0132|
|                                                                     |       |acc_norm_pmi  | 0.2270|±  |0.0133|
|lighteval:xcsqa_hin_cf:5                                             |      0|acc_norm_token| 0.1990|±  |0.0126|
|                                                                     |       |acc_norm      | 0.1840|±  |0.0123|
|                                                                     |       |acc_norm_pmi  | 0.2030|±  |0.0127|
|lighteval:xcsqa_ita_cf:5                                             |      0|acc_norm_token| 0.2090|±  |0.0129|
|                                                                     |       |acc_norm      | 0.2362|±  |0.0135|
|                                                                     |       |acc_norm_pmi  | 0.2191|±  |0.0131|
|lighteval:xcsqa_nld_cf:5                                             |      0|acc_norm_token| 0.2220|±  |0.0131|
|                                                                     |       |acc_norm      | 0.2290|±  |0.0133|
|                                                                     |       |acc_norm_pmi  | 0.2360|±  |0.0134|
|lighteval:xcsqa_por_cf:5                                             |      0|acc_norm_token| 0.2070|±  |0.0128|
|                                                                     |       |acc_norm      | 0.2210|±  |0.0131|
|                                                                     |       |acc_norm_pmi  | 0.1970|±  |0.0126|
|lighteval:xcsqa_rus_cf:5                                             |      0|acc_norm_token| 0.2069|±  |0.0129|
|                                                                     |       |acc_norm      | 0.2211|±  |0.0132|
|                                                                     |       |acc_norm_pmi  | 0.2444|±  |0.0137|
|lighteval:xcsqa_spa_cf:5                                             |      0|acc_norm_token| 0.2240|±  |0.0132|
|                                                                     |       |acc_norm      | 0.2310|±  |0.0133|
|                                                                     |       |acc_norm_pmi  | 0.2360|±  |0.0134|
|lighteval:xcsqa_zho_cf:5                                             |      0|acc_norm_token| 0.2330|±  |0.0134|
|                                                                     |       |acc_norm      | 0.2110|±  |0.0129|
|                                                                     |       |acc_norm_pmi  | 0.2230|±  |0.0132|

